  0.100000000000000E+001  0.762899185183136E+007  0.207731661473232E+002  0.109563501588130E+001  0.714670397635826E+002  0.642880635058117E+001 -0.501913923893038E+001  0.199985504150391E-002  0.324449956417084E+000  0.742768228054047E+000
  0.100000000000000E+001  0.176399196643744E+007  0.728723915610439E+002  0.140804652334749E+001  0.143834191328118E+002  0.477737762073512E+002 -0.453981980232649E+001  0.587897263467312E-001  0.198158919811249E+000  0.425720453262329E+000
  0.100000000000000E+001  0.977151192143819E+002  0.667563744428238E+002  0.856108594823201E+000  0.305983380161162E+002  0.195065224493448E+002 -0.191663106694113E+001  0.107747688889503E-002  0.292212478816509E-001  0.256829798221588E+000
  0.100000000000000E+001  0.376472279450560E+009  0.324849078354906E+002  0.121666788754101E+001  0.955913249806547E+002  0.122612035316058E+002 -0.547774094233986E+001  0.620223581790924E-004  0.402376055717468E-003  0.455078870058060E+000
  0.100000000000000E+001  0.457348611076699E+006  0.937389799783863E+002  0.106959727238960E+001  0.319782856429390E+002  0.636019378209152E+002 -0.320289293523798E+001  0.375185161828995E-003  0.107760950922966E-001  0.207070574164391E+000
  0.100000000000000E+001  0.368951687801412E+005  0.534848861643769E+002  0.724671771928527E+000  0.658850468784423E+002  0.585493862822675E+002 -0.270889222192908E+001  0.358585268259048E-003  0.108811721205711E+000  0.645531952381134E+000
  0.100000000000000E+001  0.123195450300543E+007  0.986818889803327E+002  0.676923454910292E+000  0.842527258128108E+002  0.638385715065031E+002 -0.333398639095097E+001  0.796467065811157E-004  0.323127955198288E-003  0.232223838567734E+000
  0.100000000000000E+001  0.294748476680115E+004  0.490658896171346E+002  0.160575559032686E+001  0.756666470754082E+002  0.898663450902595E+001 -0.212369011683983E+001 -0.135801732540131E-003  0.440515577793121E-004  0.143308565020561E-002
  0.100000000000000E+001  0.136630798805105E+005  0.796445882277442E+002  0.747836261901479E+000  0.532417558665105E+002  0.854937074249464E+002 -0.253117959276812E+001  0.140869617462158E-002  0.130593761801720E+000  0.650875508785248E+000
  0.100000000000000E+001  0.101271904382230E+008  0.390374777684728E+002  0.102655536103930E+001  0.655171558838543E+002  0.592885283930030E+002 -0.426506732412915E+001  0.276211649179459E-003  0.364205874502659E-001  0.609917223453522E+000
  0.100000000000000E+001  0.182158779016919E+010  0.628175689937692E+002  0.194384917997809E+001  0.610020513213395E+002  0.830079089453796E+002 -0.586651791698401E+001 -0.210620462894440E-003 -0.691674649715424E-004  0.229489058256149E-003
  0.100000000000000E+001 -0.253091779466327E+003  0.887128400361533E+002  0.967463877259022E+000  0.848405198562547E+002  0.338174759417447E+002 -0.585894975834258E+000 -0.911988317966461E-004  0.100579112768173E-003  0.141710415482521E-002
  0.100000000000000E+001  0.132781159597806E+005  0.539567852153847E+002  0.110525679598226E+001  0.540867866914465E+002  0.168717947119480E+002 -0.236918328899672E+001  0.145632773637772E-003  0.478979200124741E-003  0.182766407728195E+000
  0.100000000000000E+001 -0.106682317327999E+004  0.827892353737169E+002  0.172063810146834E+001  0.695225425625935E+002  0.541984405933732E+002 -0.123566962403901E+001 -0.248823314905167E-003 -0.117912888526917E-003  0.152695924043655E-003
  0.100000000000000E+001 -0.115473086002603E+004  0.688150846452376E+002  0.155546926217225E+001  0.615956762984640E+002  0.234150568613342E+002 -0.162761297515843E+001 -0.940188765525818E-004  0.599995255470276E-004  0.466030091047287E-003
  0.100000000000000E+001 -0.112009533736836E+004  0.477547839986642E+002  0.176737218286514E+001  0.343271276176930E+002  0.126196707196973E+002 -0.134466202242754E+001  0.193186104297638E-003  0.533234328031540E-003  0.672037526965141E-001
  0.100000000000000E+001 -0.415018313904775E+003  0.592113628260170E+002  0.188741733515777E+001  0.379663937857941E+002  0.283517269469123E+002 -0.705144768489538E+000  0.464916229248047E-004  0.247310847043991E-003  0.761077553033829E-002
  0.100000000000000E+001  0.336927864951940E+005  0.220167541021637E+002  0.104489473113539E+001  0.852555909515707E+002  0.418248065708870E+002 -0.288639923711961E+001  0.134527310729027E-002  0.358825564384460E+000  0.757538497447968E+000
  0.100000000000000E+001  0.161410270228573E+007  0.401528426189621E+002  0.951798745740689E+000  0.885361800619157E+002  0.141628480407344E+002 -0.343239695349662E+001  0.136014074087143E-003  0.133629143238068E-002  0.490700930356979E+000
  0.100000000000000E+001  0.124418294575716E+008  0.671156432385266E+002  0.170563272630598E+001  0.995399819359668E+002  0.927277860412966E+002 -0.381653167498067E+001 -0.325225293636322E-003 -0.138398259878159E-003  0.212136656045914E-003
  0.100000000000000E+001  0.491343091520909E+006  0.323545355426841E+002  0.706407766051326E+000  0.746344630230700E+002  0.798514017432848E+002 -0.405475009927511E+001  0.223294228315353E+000  0.698457419872284E+000  0.870138585567474E+000
  0.100000000000000E+001  0.731318913254817E+008  0.493549604354440E+002  0.115692845702658E+001  0.469788769882637E+002  0.518400503011356E+002 -0.461302020666096E+001  0.265188515186310E-003  0.560116395354271E-002  0.309927105903625E+000
  0.100000000000000E+001 -0.936703012113154E+003  0.317039826853799E+002  0.656903424457682E+000  0.581052859672823E+002  0.352805607969507E+002 -0.113176746674112E+001  0.114946924149990E-001  0.374402523040771E+000  0.705146133899689E+000
  0.100000000000000E+001  0.176991756140323E+008  0.617656480181361E+002  0.914131437351335E+000  0.645861636061808E+002  0.367860272892722E+002 -0.393449720778133E+001  0.123746693134308E-003  0.374983996152878E-003  0.207454681396484E+000
  0.100000000000000E+001  0.896707587421755E+007  0.575220438494120E+002  0.172704607894965E+001  0.998422478899687E+002  0.380246210663174E+002 -0.373914276812966E+001 -0.350564718246460E-003 -0.180639326572418E-003  0.140268355607986E-003
  0.100000000000000E+001  0.276197364767321E+007  0.400145536909727E+002  0.190250186732393E+001  0.471789316324775E+002  0.958010937056019E+002 -0.350600046747616E+001  0.713244080543518E-004  0.300716608762741E-003  0.368691831827164E-001
  0.100000000000000E+001  0.179754060678057E+009  0.576545948963543E+002  0.170125195949802E+001  0.327630730777856E+002  0.571115774517779E+002 -0.598671530942437E+001  0.237211585044861E-003  0.157780200242996E-002  0.860968306660652E-001
  0.100000000000000E+001  0.200552313895078E+006  0.598547364231856E+002  0.523204882570910E+000  0.785142536419978E+002  0.579889145812857E+002 -0.314697455093511E+001  0.354021787643433E-003  0.150918394327164E+000  0.637009680271149E+000
  0.100000000000000E+001  0.189715137457838E+010  0.693763392490279E+002  0.198110396783177E+001  0.848240822761640E+002  0.462823352088395E+002 -0.583719773408679E+001 -0.425163656473160E-003 -0.279996544122696E-003 -0.297725200653076E-004
  0.100000000000000E+001  0.208183991069842E+003  0.991873059320993E+002  0.730769601141938E+000  0.109385728335751E+002  0.966817470931671E+002 -0.225811102808895E+001  0.387361526489258E+000  0.599641323089600E+000  0.774742662906647E+000
  0.100000000000000E+001  0.138697082497119E+007  0.408471669741648E+002  0.875835001362560E+000  0.648738185615590E+002  0.445282083058611E+002 -0.357414637100387E+001  0.301372259855270E-003  0.447679795324802E-001  0.603853285312653E+000
  0.100000000000000E+001 -0.675658768126984E+003  0.377757257326092E+002  0.122045607474208E+001  0.238861295061296E+002  0.407055503733794E+002 -0.927440954375228E+000  0.213374570012093E-001  0.167269080877304E+000  0.511734127998352E+000
  0.100000000000000E+001  0.203885317017320E+005  0.271163853255401E+002  0.141702806646071E+001  0.934382480989156E+002  0.612121999856869E+002 -0.246905724938722E+001  0.173822045326233E-004  0.430826097726822E-003  0.446502178907394E+000
  0.100000000000000E+001  0.373443235848670E+007  0.869125887334523E+002  0.117513209699316E+001  0.273502001217379E+002  0.187592386070033E+002 -0.362016601160693E+001  0.388391315937042E-003  0.630649551749229E-002  0.133460640907288E+000
  0.100000000000000E+001 -0.854326780695733E+003  0.498004104952420E+002  0.798194724686620E+000  0.711365915220149E+002  0.946459523146490E+002 -0.114678443855471E+001  0.134342424571514E-001  0.458601832389832E+000  0.819861054420471E+000
  0.100000000000000E+001  0.946716809847686E+007  0.749371698462460E+002  0.103660783957555E+001  0.278900204294872E+002  0.435942042153732E+002 -0.451483227810319E+001  0.837918370962143E-003  0.293378438800573E-001  0.261469930410385E+000
  0.100000000000000E+001  0.869971644977165E+006  0.267501790911864E+002  0.140022543802821E+001  0.215857986163760E+002  0.438504629554177E+002 -0.489729641940722E+001  0.767818093299866E-001  0.287609189748764E+000  0.605372250080109E+000
  0.100000000000000E+001  0.137891098806203E+009  0.357571528996126E+002  0.181529021902418E+001  0.543045707741848E+002  0.464763177151604E+002 -0.436831253447336E+001 -0.360570847988129E-004  0.176105648279190E-003  0.104562304913998E-001
  0.100000000000000E+001  0.684386967571600E+003  0.642195518079011E+002  0.128712442061439E+001  0.124941314667536E+002  0.908174277113977E+002 -0.226825238700438E+001  0.248768925666809E+000  0.444112420082092E+000  0.674252867698669E+000
  0.100000000000000E+001  0.294271605898497E+006  0.597914018274184E+002  0.120374174139571E+001  0.123545750764127E+002  0.689519826086966E+002 -0.429952758762273E+001  0.190836131572723E+000  0.382353097200394E+000  0.616147100925446E+000
  0.100000000000000E+001  0.730630198966016E+006  0.967388008290101E+002  0.670877617819752E+000  0.801684288121110E+002  0.574132587684086E+002 -0.321377919515919E+001  0.657252967357635E-004  0.300057232379913E-003  0.168187037110329E+000
  0.100000000000000E+001  0.438426200979303E+006  0.360914183154041E+002  0.929779341061990E+000  0.198228629805716E+002  0.757364342113702E+002 -0.475292548890870E+001  0.288629382848740E+000  0.547320127487183E+000  0.781980991363525E+000
  0.100000000000000E+001 -0.120810645421300E+004  0.303123581186098E+002  0.520180484968965E+000  0.140463311364971E+002  0.777771915751888E+001 -0.131468366928582E+001  0.273812651634216E+000  0.428170204162598E+000  0.617720305919647E+000
  0.100000000000000E+001 -0.650101033968296E+003  0.162214568859521E+002  0.126306919029622E+001  0.599275725978225E+002  0.182320640670736E+002 -0.913952436902943E+000  0.715363398194313E-002  0.361000150442123E+000  0.770845592021942E+000
  0.100000000000000E+001  0.113087801054448E+009  0.604574682480439E+002  0.161478180660493E+001  0.730614410343682E+002  0.614312857760990E+002 -0.431096199900016E+001 -0.183463096618652E-003 -0.246725976467133E-004  0.380288809537888E-003
  0.100000000000000E+001  0.681170941986278E+008  0.309353408780547E+002  0.142657164228312E+001  0.433174556506408E+002  0.350106821536279E+002 -0.503443194145617E+001  0.322375446557999E-003  0.157182142138481E-001  0.352818906307220E+000
  0.100000000000000E+001  0.250920380201787E+002  0.824527140466493E+002  0.571792610567633E+000  0.533308551304568E+002  0.996186689685284E+002 -0.205303233574572E+001  0.481757298111916E-001  0.454486697912216E+000  0.800467073917389E+000
  0.100000000000000E+001  0.402168464163330E+007  0.691004920779646E+002  0.156694904587581E+001  0.923099649860957E+002  0.676075747171459E+002 -0.356622331859894E+001 -0.280279666185379E-003 -0.107157975435257E-003  0.249411910772324E-003
  0.100000000000000E+001 -0.630123389990534E+003  0.288247542031641E+002  0.600662855997685E+000  0.772820843806551E+002  0.104113419893865E+002 -0.868110284823943E+000  0.322441011667252E-002  0.304289519786835E+000  0.638295829296112E+000
  0.100000000000000E+001 -0.525296907627688E+003  0.317457685709816E+002  0.170156374239993E+001  0.368025786261303E+002  0.874176934564861E+002 -0.821187290655963E+000  0.376831740140915E-003  0.176390334963799E-001  0.286933928728104E+000
  0.100000000000000E+001  0.746249686360085E+009  0.717356958730372E+002  0.174013288578722E+001  0.343363389609887E+002  0.444312008673512E+001 -0.558054304450903E+001  0.146836042404175E-003  0.334363430738449E-003  0.226303059607744E-001
  0.100000000000000E+001 -0.190334605221905E+003  0.503600435489543E+002  0.577241920634077E+000  0.557786886879412E+002  0.781614915776449E+002 -0.544401763028276E+000  0.106270864605904E+000  0.571684658527374E+000  0.822432518005371E+000
  0.100000000000000E+001  0.981215151466213E+005  0.688628000692190E+002  0.190129525225156E+001  0.972143012979159E+002  0.526182362562093E+001 -0.276386735278469E+001 -0.408839434385300E-003 -0.253412872552872E-003 -0.147521495819092E-004
  0.100000000000000E+001  0.148485578190788E+007  0.166402078945025E+002  0.545864458833263E+000  0.439648353158494E+002  0.195026748898394E+002 -0.420247862850590E+001  0.414111763238907E+000  0.665829837322235E+000  0.792161285877228E+000
  0.100000000000000E+001  0.210337284779229E+008  0.864525968461249E+002  0.183881889449763E+001  0.395069835927499E+002  0.847416709951383E+002 -0.394180344010576E+001  0.954791903495789E-005  0.190317630767822E-003  0.166792795062065E-002
  0.100000000000000E+001 -0.411605604550900E+003  0.280813655227349E+002  0.138458155066585E+001  0.644197213403572E+002  0.381753706938555E+002 -0.723514223223777E+000  0.150062143802643E-003  0.304421409964561E-002  0.425559937953949E+000
  0.100000000000000E+001 -0.109739435332516E+004  0.849365312685271E+002  0.160678072477657E+001  0.230236152592622E+002  0.286450517845486E+002 -0.127603220397334E+001  0.110502168536186E-002  0.152203701436520E-001  0.147247552871704E+000
  0.100000000000000E+001 -0.496802052509797E+003  0.643635041775304E+002  0.147645900458757E+001  0.125916932709083E+002  0.123880073900964E+002 -0.767496256539845E+000  0.784812420606613E-001  0.216825649142265E+000  0.459867894649506E+000
  0.100000000000000E+001 -0.947418468259787E+003  0.595836428093648E+002  0.139184528727711E+001  0.984422013500653E+002  0.516056069968713E+002 -0.113601788659547E+001 -0.198010355234146E-003  0.316277146339417E-005  0.111139565706253E-002
  0.100000000000000E+001  0.667901526515884E+005  0.348729955026713E+002  0.170030738606578E+001  0.471340099616101E+002  0.197273424272550E+002 -0.269559013546927E+001  0.994540750980377E-004  0.349387526512146E-003  0.738229751586914E-001
  0.100000000000000E+001  0.217743963320065E+007  0.870656003395900E+002  0.151757824114956E+001  0.710184935584561E+002  0.598510638627641E+002 -0.343176372256562E+001 -0.182561576366425E-003 -0.366307795047760E-004  0.279739499092102E-003
  0.100000000000000E+001  0.353890538339115E+006  0.122279912745529E+002  0.139131194334872E+001  0.118079052906154E+002  0.273936442575563E+002 -0.582505004091296E+001  0.475151479244232E+000  0.676709413528442E+000  0.843963325023651E+000
  0.100000000000000E+001  0.735254465624314E+005  0.438319887673580E+002  0.183487079902605E+001  0.550068656759094E+002  0.940648470492137E+002 -0.271266854272881E+001 -0.237710773944855E-004  0.189885497093201E-003  0.148956067860126E-001
  0.100000000000000E+001  0.102226436551072E+010  0.823292354841278E+002  0.138623359283597E+001  0.661921056120614E+002  0.362297229333088E+002 -0.495664144825054E+001 -0.100020319223404E-003  0.442303717136383E-004  0.437367707490921E-003
  0.100000000000000E+001  0.172342819979179E+010  0.765965325941344E+002  0.169661754549206E+001  0.566107471540242E+002  0.836209287978282E+002 -0.569921178494275E+001 -0.101409852504730E-003  0.628121197223663E-004  0.453423708677292E-003
  0.100000000000000E+001 -0.539365168345588E+003  0.795734673581885E+002  0.524154902959553E+000  0.256415920295073E+002  0.281629703368120E+002 -0.183205790802455E+001  0.227688252925873E-002  0.305304750800133E-001  0.223967105150223E+000
  0.100000000000000E+001  0.150933876877032E+010  0.695686021539588E+002  0.190046788864776E+001  0.512886762475012E+002  0.966718927459307E+002 -0.560462027962296E+001 -0.916905701160431E-004  0.835247337818146E-004  0.456023961305618E-003
  0.100000000000000E+001  0.169413241409826E+007  0.535225331848206E+002  0.778239834485202E+000  0.148871977160722E+002  0.198641653818858E+002 -0.460523709000252E+001  0.141250401735306E+000  0.310814440250397E+000  0.528756737709045E+000
  0.100000000000000E+001  0.565300805065250E+007  0.897935414503384E+002  0.157725425488879E+001  0.165175854204641E+002  0.318988303173535E+002 -0.399884686266703E+001  0.234240405261517E-001  0.103368043899536E+000  0.313322097063065E+000
  0.100000000000000E+001  0.603504682247267E+007  0.497140541185985E+002  0.151829598225806E+001  0.373026431761777E+002  0.631495201461401E+002 -0.383975062438354E+001  0.270154327154160E-003  0.285679847002029E-002  0.146435797214508E+000
  0.100000000000000E+001 -0.993156538367296E+003  0.606931147503770E+002  0.615951312163160E+000  0.636311186605589E+002  0.693370562705317E+002 -0.130749511725429E+001  0.230096653103828E-002  0.274286240339279E+000  0.719445168972015E+000
  0.100000000000000E+001  0.416501588748907E+006  0.692598254104941E+002  0.708063063071704E+000  0.362946196523716E+002  0.816346976610704E+002 -0.422111958101280E+001  0.471073165535927E-001  0.328992724418640E+000  0.708662152290344E+000
  0.100000000000000E+001 -0.630953340152537E+003  0.618707038078827E+002  0.192269555099702E+001  0.103231090809152E+002  0.895664625352196E+002 -0.869843501201434E+000  0.121727988123894E+000  0.295471936464310E+000  0.531877577304840E+000
  0.100000000000000E+001  0.995177411751166E+005  0.943078745604666E+002  0.970644983112281E+000  0.875000623139257E+002  0.494602293590987E+001 -0.276802052103299E+001 -0.117734074592590E-003  0.472031533718109E-004  0.377308577299118E-003
  0.100000000000000E+001 -0.104392781649925E+004  0.464246758545691E+002  0.910183749367507E+000  0.272321255195355E+002  0.744076412426928E+002 -0.140049759343041E+001  0.871856212615967E-001  0.344794899225235E+000  0.703498125076294E+000
  0.100000000000000E+001  0.421284676296508E+007  0.175912880015588E+002  0.788370724239223E+000  0.248277653377106E+002  0.889565580765127E+002 -0.575703727979040E+001  0.689027965068817E+000  0.854857504367828E+000  0.930033802986145E+000
  0.100000000000000E+001  0.446505105602704E+004  0.520149395289925E+002  0.133877217847897E+001  0.693048399800912E+002  0.360821848307122E+002 -0.218048610664723E+001 -0.225827097892761E-004  0.184793025255203E-003  0.387553721666336E-001
  0.100000000000000E+001  0.251841272519776E+007  0.496385990654078E+002  0.652288810272555E+000  0.241577072317967E+002  0.239004359312100E+002 -0.433052608324872E+001  0.234046783298254E-001  0.166907519102097E+000  0.460170418024063E+000
  0.100000000000000E+001 -0.774578855049117E+003  0.613092613230949E+002  0.199617264844493E+001  0.361117458130637E+002  0.852969641611151E+002 -0.981256595048409E+000  0.897981226444244E-004  0.286061316728592E-003  0.829411298036575E-002
  0.100000000000000E+001  0.680932384479797E+006  0.781632899940268E+002  0.958782689646236E+000  0.846656400338779E+002  0.812698251091178E+002 -0.323495094956221E+001  0.795647501945496E-004  0.426199287176132E-003  0.376751989126205E+000
  0.100000000000000E+001  0.144623285962968E+006  0.438323970327049E+002  0.991758069425700E+000  0.234048695307809E+002  0.946961456279822E+002 -0.398274710651009E+001  0.202785983681679E+000  0.498099148273468E+000  0.791043221950531E+000
  0.100000000000000E+001  0.114865465743160E+007  0.785043523969973E+002  0.739599732768509E+000  0.436610691082759E+002  0.805186653112031E+002 -0.410943536456994E+001  0.529863312840462E-002  0.156095951795578E+000  0.627874970436096E+000
  0.100000000000000E+001  0.421370273969942E+009  0.437634656576417E+002  0.109608417066782E+001  0.561796120354821E+002  0.132597871752460E+002 -0.551856368715722E+001  0.200953334569931E-003  0.289094820618629E-002  0.333820044994354E+000
  0.100000000000000E+001  0.169621061655073E+007  0.467099060287272E+002  0.112984292539225E+001  0.523307563967147E+002  0.671556809454486E+002 -0.355796883525143E+001  0.293802469968796E-003  0.184017419815063E-001  0.461703360080719E+000
  0.100000000000000E+001  0.315085001078564E+007  0.418522595609875E+002  0.149649961761206E+001  0.369010254074413E+002  0.758791130225549E+002 -0.386140550775065E+001  0.384673476219177E-003  0.169641412794590E-001  0.274332195520401E+000
  0.100000000000000E+001  0.421639476655067E+007  0.438795401974916E+002  0.167696895799533E+001  0.223013228266282E+002  0.665259113585873E+002 -0.549971715271258E+001  0.120298378169537E-001  0.985480844974518E-001  0.366201102733612E+000
  0.100000000000000E+001 -0.111467870806020E+004  0.844466250552512E+002  0.195210377801159E+001  0.557790195036990E+002  0.226101715482809E+002 -0.165939810003609E+001 -0.204242765903473E-003 -0.769905745983124E-004  0.171568244695663E-003
  0.100000000000000E+001  0.373965287189820E+004  0.130661658559787E+002  0.704340960970761E+000  0.740663443204165E+002  0.618163439414515E+002 -0.276397157664772E+001  0.693722724914551E+000  0.837868154048920E+000  0.924434363842010E+000
  0.100000000000000E+001  0.211066632081527E+006  0.579354062916270E+002  0.890738188550199E+000  0.258598708020984E+002  0.734050716921400E+002 -0.380479545184592E+001  0.590074807405472E-001  0.275658488273621E+000  0.632482945919037E+000
  0.100000000000000E+001  0.596339069608413E+007  0.465652393065340E+002  0.709939045058605E+000  0.575738732896010E+002  0.360822462457501E+002 -0.401112594782365E+001  0.369679182767868E-003  0.425435453653336E-001  0.540104448795319E+000
  0.100000000000000E+001  0.367683748218288E+004  0.198412097390221E+002  0.116726444741492E+001  0.631575195685666E+002  0.177013283100794E+002 -0.232574606690235E+001  0.284918397665024E-002  0.308369964361191E+000  0.742946684360504E+000
  0.100000000000000E+001  0.840207141121558E+006  0.203941278698284E+002  0.895463443595579E+000  0.136064936558745E+002  0.519188075266834E+002 -0.512222739500313E+001  0.519850373268127E+000  0.710934042930603E+000  0.845120966434479E+000
  0.100000000000000E+001  0.707767429671254E+009  0.576573652657352E+002  0.627131177368602E+000  0.789884395015909E+002  0.106803706794930E+002 -0.547010023963634E+001  0.125743448734283E-003  0.355981290340424E-003  0.155257239937782E+000
  0.100000000000000E+001 -0.108333051359724E+004  0.886793109654427E+002  0.967911181565146E+000  0.776122399328811E+002  0.237892121689436E+002 -0.167119183432109E+001 -0.633336603641510E-004  0.111844390630722E-003  0.167191401124001E-002
  0.100000000000000E+001  0.480002859717862E+006  0.647694397596444E+002  0.179652382437643E+001  0.451247344140703E+002  0.632060573541207E+002 -0.310849381100986E+001 -0.233799219131470E-004  0.165283679962158E-003  0.216050073504448E-002
  0.100000000000000E+001  0.839702357475877E+005  0.229996926404790E+002  0.919951793864826E+000  0.787359643415183E+002  0.967738789748805E+002 -0.348948421348767E+001  0.315556079149246E+000  0.756828129291534E+000  0.901018321514130E+000
  0.100000000000000E+001  0.778688561251863E+004  0.974377515303021E+002  0.925843157514389E+000  0.560671791574993E+002  0.856936179933397E+002 -0.227987294647648E+001  0.214569270610809E-003  0.466638430953026E-002  0.318670630455017E+000
  0.100000000000000E+001  0.108440448111665E+008  0.611536046954505E+002  0.186272178603354E+001  0.271482567364291E+002  0.473099698481862E+002 -0.394860143924170E+001  0.272665172815323E-003  0.295773893594742E-002  0.764902383089066E-001
  0.100000000000000E+001 -0.858604834278168E+003  0.458286247355674E+002  0.108544079833641E+001  0.417939427623972E+002  0.331840541198164E+002 -0.161674669462902E+001  0.342164188623428E-003  0.168190859258175E-001  0.370146453380585E+000
  0.100000000000000E+001  0.342784432439193E+007  0.774965051581630E+002  0.969040294651199E+000  0.212807119192118E+002  0.236756767802686E+002 -0.404522039977245E+001  0.938183814287186E-002  0.690547525882721E-001  0.295208960771561E+000
  0.100000000000000E+001  0.295497374394898E+007  0.630148596804395E+002  0.922020572641220E+000  0.404068720806956E+002  0.811235494901814E+002 -0.524895330977938E+001  0.452523306012154E-002  0.131406173110008E+000  0.607622206211090E+000
  0.100000000000000E+001  0.949174268989369E+004  0.209791519407072E+002  0.107917047660385E+001  0.963315537819732E+002  0.185587488391854E+002 -0.249396618380293E+001  0.458959490060806E-003  0.314085364341736E+000  0.747726261615753E+000
  0.100000000000000E+001  0.340834997149102E+007  0.436214921507665E+002  0.616301627546373E+000  0.850846178121923E+002  0.251195884566127E+002 -0.376726656646054E+001  0.243782997131348E-003  0.142246000468731E-001  0.505617022514343E+000
  0.100000000000000E+001  0.507869137941751E+006  0.580469669119566E+002  0.113454846196198E+001  0.269995355594557E+002  0.788003569541793E+002 -0.406354720211837E+001  0.135317109525204E-001  0.140124902129173E+000  0.489868462085724E+000
  0.100000000000000E+001  0.460981095725609E+005  0.776153392181760E+002  0.128552648547562E+001  0.207799593510203E+002  0.267608615368296E+002 -0.264815284019202E+001  0.518866255879402E-002  0.481931641697884E-001  0.246388375759125E+000
  0.100000000000000E+001 -0.809780653189901E+003  0.949486638920503E+002  0.121537801591194E+001  0.424698513263565E+002  0.517261660001937E+002 -0.101415911267829E+001  0.128544867038727E-003  0.329542905092239E-003  0.307981446385384E-001
  0.100000000000000E+001 -0.120768783422754E+004  0.885709402996455E+002  0.148581494313417E+001  0.593224408268233E+002  0.496267698169537E+002 -0.156183407806097E+001 -0.938773155212402E-004  0.593848526477814E-004  0.399801880121231E-003
  0.100000000000000E+001  0.135486795798920E+005  0.105631451494180E+002  0.167613368527870E+001  0.703923853769027E+002  0.989595093935010E+002 -0.253318080749464E+001  0.394258648157120E-003  0.176898673176765E+000  0.756085336208344E+000
  0.100000000000000E+001 -0.851189397677259E+003  0.476252047843884E+002  0.187769843261530E+001  0.706269219430824E+002  0.748820906731339E+002 -0.104436866828065E+001 -0.231813639402390E-003 -0.660680234432220E-004  0.301573425531387E-003
  0.100000000000000E+001  0.336920292781672E+006  0.275206934038809E+002  0.188465877780423E+001  0.518192384433203E+002  0.335239179828075E+002 -0.303821251050340E+001  0.166967511177063E-004  0.248279422521591E-003  0.321622341871262E-001
  0.100000000000000E+001  0.126050654152894E+006  0.193534565868944E+002  0.762267689375205E+000  0.908085095699418E+002  0.626447376417317E+002 -0.352542608985617E+001  0.434145599603653E+000  0.753107607364655E+000  0.885425269603729E+000
  0.100000000000000E+001  0.342325038018888E+007  0.467007155507213E+002  0.511732814903843E+000  0.347668979258742E+002  0.129854691198819E+002 -0.405178066002656E+001  0.276608765125275E-002  0.540322363376617E-001  0.364904344081879E+000
  0.100000000000000E+001  0.120290937995446E+010  0.947942098217526E+002  0.130741743235999E+001  0.402522778335674E+002  0.597006456572692E+001 -0.513022107641116E+001  0.121638178825378E-003  0.299707055091858E-003  0.139360800385475E-001
  0.100000000000000E+001  0.470428835336264E+006  0.956935671746853E+002  0.639414880049310E+000  0.563317882370544E+002  0.347067846901919E+002 -0.311079133234601E+001  0.120773911476135E-003  0.299952924251556E-003  0.341012105345726E-001
  0.100000000000000E+001  0.685393026745039E+007  0.903308869725395E+002  0.105615429265864E+001  0.426875804972081E+002  0.207898332026280E+002 -0.369657150658982E+001  0.167381018400192E-003  0.358864665031433E-003  0.332568809390068E-001
  0.100000000000000E+001  0.289411800462351E+007  0.995374293908092E+002  0.186136875315657E+001  0.787383704534445E+002  0.376705877377119E+002 -0.349226342988327E+001 -0.373251736164093E-003 -0.252049416303635E-003 -0.390782952308655E-004
  0.100000000000000E+001  0.131523523934607E+008  0.404222726125813E+002  0.189021638917798E+001  0.350295092827847E+002  0.919959125597632E+002 -0.413622886353239E+001  0.269759446382523E-003  0.341851636767387E-002  0.130102753639221E+000
  0.100000000000000E+001  0.591999690059350E+006  0.443707519628654E+002  0.593184184570197E+000  0.502980756660123E+002  0.599328809282086E+002 -0.391243515198815E+001  0.364258810877800E-001  0.434418112039566E+000  0.754012823104858E+000
  0.100000000000000E+001  0.231679582969177E+004  0.816678769725732E+002  0.110365075715854E+001  0.650020788642607E+002  0.964097646399778E+002 -0.208816403298815E+001  0.129550695419312E-003  0.113503262400627E-002  0.320250064134598E+000
  0.100000000000000E+001  0.196282295329133E+004  0.194176549375216E+002  0.926626138119359E+000  0.326448940815996E+002  0.471820777386556E+001 -0.253699592283643E+001  0.174256771802902E+000  0.534260809421539E+000  0.769352316856384E+000
  0.100000000000000E+001  0.425685802121462E+005  0.932312616603530E+002  0.179532833035789E+001  0.638545355067100E+002  0.771383361488877E+002 -0.259067121289989E+001 -0.228013843297958E-003 -0.950805842876434E-004  0.156145542860031E-003
  0.100000000000000E+001  0.112539917519171E+010  0.838727574516160E+002  0.979129002376711E+000  0.604321272355855E+002  0.466926726409456E+002 -0.519504947733930E+001  0.534541904926300E-004  0.254526734352112E-003  0.445883646607399E-001
  0.100000000000000E+001 -0.137918505912145E+004  0.384141529210454E+002  0.725603999922474E+000  0.186879915906922E+002  0.393351437861473E+002 -0.155970122437442E+001  0.219713807106018E+000  0.431631565093994E+000  0.670513749122620E+000
  0.100000000000000E+001 -0.562424838771657E+003  0.575393253020941E+002  0.188080615449043E+001  0.979453280524569E+002  0.871943060766915E+002 -0.183763712375917E+001 -0.398356467485428E-003 -0.214215368032455E-003  0.116504728794098E-003
  0.100000000000000E+001 -0.257683958896887E+003  0.182008468824401E+002  0.116784315318150E+001  0.571890266700134E+002  0.351442514427698E+002 -0.595966227983137E+000  0.109612904489040E-001  0.395733028650284E+000  0.776594936847687E+000
  0.100000000000000E+001  0.882336827672157E+007  0.313725058679431E+002  0.982523773393955E+000  0.925507342148532E+002  0.223682501065178E+002 -0.416038234602403E+001  0.216230750083923E-003  0.306038204580545E-001  0.632541954517365E+000
  0.100000000000000E+001  0.259692732472468E+009  0.446805430319462E+002  0.194142175553464E+001  0.703668558557055E+002  0.783620766031808E+002 -0.451019001095021E+001 -0.242255628108978E-003 -0.722855329513550E-004  0.294309109449387E-003
  0.100000000000000E+001  0.920017095788623E+009  0.836833209388267E+002  0.187675082187931E+001  0.529866196534856E+002  0.744340287808788E+002 -0.490005672405936E+001 -0.158309936523438E-003 -0.151321291923523E-004  0.248674303293228E-003
  0.100000000000000E+001  0.765970152035994E+005  0.776128211559946E+002  0.166171705220692E+001  0.733771952741530E+002  0.830123064595776E+002 -0.271311684344633E+001 -0.227287411689758E-003 -0.763088464736938E-004  0.246897339820862E-003
  0.100000000000000E+001  0.681460812625552E+005  0.633820437133910E+002  0.180689889134424E+001  0.127697991264237E+002  0.372826612982683E+002 -0.279626108818980E+001  0.544136203825474E-001  0.194618627429008E+000  0.426597803831100E+000
  0.100000000000000E+001  0.363884817382206E+008  0.255683534435468E+002  0.134989236586378E+001  0.589823750185363E+002  0.682256281820270E+002 -0.599987120590028E+001  0.274959951639175E-003  0.424717739224434E-001  0.605052053928375E+000
  0.100000000000000E+001  0.360799887755711E+006  0.306965818527133E+002  0.126007062606389E+001  0.935392664574748E+002  0.436120909071675E+002 -0.312278970284897E+001  0.601671636104584E-004  0.568471848964691E-003  0.494722813367844E+000
  0.100000000000000E+001  0.121035730111237E+010  0.846241979000761E+002  0.112934819483904E+001  0.455828348083685E+002  0.368784810142580E+002 -0.550968732681438E+001  0.128086656332016E-003  0.326149165630341E-003  0.332798659801483E-001
  0.100000000000000E+001  0.383737321261629E+006  0.668295676403227E+002  0.879859926668769E+000  0.495803553016458E+002  0.987027140060898E+002 -0.383628241676509E+001  0.595680624246597E-002  0.231998026371002E+000  0.726573824882507E+000
  0.100000000000000E+001 -0.259307583564916E+003  0.355865863510360E+002  0.555651803439804E+000  0.898756750051456E+002  0.606582868928032E+002 -0.591229322972112E+000  0.102806508541107E+000  0.614373326301575E+000  0.804753839969635E+000
  0.100000000000000E+001  0.118042254050403E+006  0.821546039434212E+002  0.939050498122832E+000  0.110209629302983E+002  0.277455766224250E+002 -0.300384216999361E+001  0.127614855766296E+000  0.261427402496338E+000  0.489431858062744E+000
  0.100000000000000E+001  0.222521008765007E+006  0.962429019988333E+002  0.695575238190881E+000  0.264834793447250E+002  0.122324430198612E+002 -0.295716511183478E+001  0.433512032032013E-003  0.699345394968987E-002  0.109945058822632E+000
  0.100000000000000E+001  0.537299617912084E+007  0.118169538802632E+002  0.151885696852208E+001  0.695465479429910E+002  0.932049547988602E+002 -0.587154181903407E+001  0.354437157511711E-002  0.351930886507034E+000  0.808076262474060E+000
  0.100000000000000E+001  0.219121851521251E+008  0.440995777678317E+002  0.109397179963366E+001  0.581038886564994E+002  0.658216484682629E+001 -0.404926285030332E+001  0.187475234270096E-003  0.221023336052895E-002  0.322197735309601E+000
  0.100000000000000E+001  0.294924056730874E+007  0.960450049296459E+002  0.172237475267792E+001  0.383668591665582E+002  0.291223501459153E+002 -0.350164064935941E+001  0.465475022792816E-004  0.193316489458084E-003  0.238650664687157E-002
  0.100000000000000E+001 -0.383503173977065E+003  0.135313480144113E+002  0.152545605132890E+001  0.880651863233188E+002  0.955876940809771E+002 -0.190117676071609E+001  0.385124236345291E-003  0.251644641160965E+000  0.785750210285187E+000
  0.100000000000000E+001  0.819538386553175E+006  0.874408829782544E+002  0.171574689302681E+001  0.896319335925638E+002  0.453295771652220E+002 -0.321880337235751E+001 -0.387046486139297E-003 -0.221304595470428E-003  0.272803008556366E-004
  0.100000000000000E+001  0.493363377883705E+006  0.684246199248318E+002  0.162524483070363E+001  0.687184833550550E+002  0.861527805313609E+002 -0.311598533997400E+001 -0.153075903654099E-003  0.137910246849060E-004  0.471211969852448E-003
  0.100000000000000E+001  0.134757244114111E+008  0.338898042631914E+002  0.148530623895467E+001  0.697413097070026E+002  0.978178179222875E+002 -0.410346406786431E+001  0.103551894426346E-003  0.147558376193047E-002  0.389999747276306E+000
  0.100000000000000E+001  0.122890042134443E+007  0.558689833351172E+002  0.768694439374969E+000  0.775064978807328E+002  0.454097235133678E+002 -0.341561671981006E+001  0.172708183526993E-003  0.338242202997208E-002  0.470212489366531E+000
  0.100000000000000E+001 -0.634972070822583E+003  0.774549064113830E+002  0.178092105598943E+001  0.175411807315427E+002  0.650399514453011E+002 -0.872968504997104E+000  0.695986673235893E-002  0.778213739395142E-001  0.262969434261322E+000
  0.100000000000000E+001 -0.105798287791226E+004  0.791852182030229E+002  0.148409702971811E+001  0.874409006079393E+002  0.617458057601467E+001 -0.122659646301123E+001 -0.223774462938309E-003 -0.756271183490753E-004  0.218424946069717E-003
  0.100000000000000E+001  0.913784028617555E+007  0.331097589336969E+002  0.162503267911855E+001  0.513350495037350E+002  0.820564170293562E+002 -0.387212035457567E+001  0.134628266096115E-003  0.461403280496597E-003  0.192279309034348E+000
  0.100000000000000E+001 -0.841410070508798E+003  0.591168667703444E+002  0.190039236120772E+001  0.401527051792513E+002  0.713277206770456E+002 -0.176548541059544E+001  0.435337424278259E-004  0.234913080930710E-003  0.525659322738647E-002
  0.100000000000000E+001  0.364350782323200E+005  0.407822096633195E+002  0.191291871641196E+001  0.795186960200743E+002  0.103608499085012E+002 -0.255958021132710E+001 -0.250313431024551E-003 -0.841803848743439E-004  0.269461423158646E-003
  0.100000000000000E+001  0.213871932049427E+007  0.213553171541666E+002  0.839926224949966E+000  0.361832294872517E+002  0.317145278584438E+002 -0.501794914647386E+001  0.160274416208267E+000  0.550543844699860E+000  0.779836833477020E+000
  0.100000000000000E+001  0.633346660239086E+006  0.560078304013638E+002  0.693721234784627E+000  0.356870778945014E+002  0.488496252678866E+002 -0.360150338785681E+001  0.813868269324303E-002  0.142060443758965E+000  0.555660247802734E+000
  0.100000000000000E+001  0.439013510217634E+007  0.185783550083561E+002  0.869503371093034E+000  0.868832188421303E+002  0.390832652841790E+002 -0.561146593160577E+001  0.153785958886147E+000  0.641076266765594E+000  0.823180019855499E+000
  0.100000000000000E+001  0.906833280814938E+004  0.407135299639020E+002  0.545153349172999E+000  0.826407218793743E+002  0.418752784882686E+002 -0.246198087109939E+001  0.811062753200531E-003  0.265724718570709E+000  0.668909490108490E+000
  0.100000000000000E+001  0.194951005602710E+007  0.231958407205770E+002  0.705510792740728E+000  0.411866683678543E+002  0.672217175295047E+002 -0.470487956752334E+001  0.444066137075424E+000  0.743876516819000E+000  0.874160826206207E+000
  0.100000000000000E+001  0.683205223451056E+005  0.251971500189146E+002  0.761713024309365E+000  0.813639835972258E+002  0.585439539556256E+002 -0.332169927747625E+001  0.132211580872536E+000  0.633408904075623E+000  0.831913948059082E+000
  0.100000000000000E+001 -0.388697102106559E+003  0.971709709670171E+002  0.188047754682503E+001  0.187333922619265E+002  0.242302731036489E+002 -0.685464024266479E+000  0.160645321011543E-002  0.209331400692463E-001  0.158289447426796E+000
  0.100000000000000E+001  0.110795715112806E+007  0.597236491561295E+002  0.105795366382692E+001  0.500614498141984E+002  0.853174632080026E+002 -0.361167364510385E+001  0.369492918252945E-003  0.347544178366661E-001  0.525151908397675E+000
  0.100000000000000E+001  0.338719476582150E+006  0.150170560646192E+002  0.902534334593423E+000  0.638357825458370E+002  0.102097954801837E+002 -0.379444028318917E+001  0.242086052894592E+000  0.662627160549164E+000  0.824310660362244E+000
  0.100000000000000E+001  0.251810553253121E+009  0.812450012342083E+002  0.197864251312943E+001  0.695018698097639E+002  0.442006106656550E+002 -0.449194180376635E+001 -0.335041433572769E-003 -0.203151255846024E-003  0.134073197841644E-004
  0.100000000000000E+001  0.821207785115033E+004  0.161628566203547E+002  0.768300231196816E+000  0.457589140198631E+002  0.411800092447491E+002 -0.288826204084889E+001  0.435653388500214E+000  0.724537551403046E+000  0.855180084705353E+000
  0.100000000000000E+001 -0.118234794901223E+004  0.470837298185906E+002  0.629167152046848E+000  0.592588301748785E+002  0.866287302759931E+002 -0.191632215885505E+001  0.179811283946037E+000  0.636214911937714E+000  0.849455058574677E+000
  0.100000000000000E+001  0.163103947293596E+010  0.833462931394798E+002  0.153127890156581E+001  0.763662170544397E+002  0.756646577300192E+002 -0.538129093491945E+001 -0.205222517251968E-003 -0.435039401054382E-004  0.296209007501602E-003
  0.100000000000000E+001 -0.433528323154289E+003  0.873318127879555E+002  0.120675484301362E+001  0.764824423139473E+002  0.493412395939365E+002 -0.185604730934327E+001 -0.115152448415756E-003  0.688061118125916E-004  0.702910125255585E-003
  0.100000000000000E+001  0.972777014275864E+006  0.176495975661904E+002  0.153633263598240E+001  0.925995555832410E+002  0.234623432904574E+002 -0.341902896930997E+001  0.103738158941269E-003  0.445079430937767E-002  0.580602407455444E+000
  0.100000000000000E+001  0.184636511461881E+010  0.924542190974607E+002  0.182903731794816E+001  0.770381737761835E+002  0.922653761480316E+002 -0.568756534231091E+001 -0.322688370943069E-003 -0.169597566127777E-003  0.879429280757904E-004
  0.100000000000000E+001  0.121343737619260E+008  0.127756432262863E+002  0.676072961550258E+000  0.751856201291942E+002  0.685528862385079E+002 -0.515598117386600E+001  0.747627258300781E+000  0.864123404026031E+000  0.940725266933441E+000
  0.100000000000000E+001 -0.692834012295033E+003  0.511522292986384E+002  0.111868106251521E+001  0.418043772480856E+002  0.883549170529015E+002 -0.168640311632356E+001  0.213797017931938E-002  0.904747098684311E-001  0.583427250385284E+000
  0.100000000000000E+001 -0.675288317233822E+003  0.772564053754487E+002  0.114202807596906E+001  0.482716541081058E+002  0.724477981517884E+002 -0.932516883033728E+000  0.208891928195953E-003  0.151050835847855E-002  0.171668484807014E+000
  0.100000000000000E+001 -0.740912635605186E+003  0.347221546470924E+002  0.107657369517891E+001  0.340880182868806E+002  0.619533680232987E+002 -0.100640541623349E+001  0.186910219490528E-001  0.224218815565109E+000  0.660462498664856E+000
  0.100000000000000E+001  0.581160147340997E+006  0.435446344488648E+002  0.716514068975405E+000  0.306360446380533E+002  0.839995112984030E+002 -0.595379645365954E+001  0.254401654005051E+000  0.606389343738556E+000  0.832917749881744E+000
  0.100000000000000E+001  0.985850965777075E+005  0.985681288413423E+002  0.646568536516872E+000  0.709445085084691E+002  0.101933647619573E+002 -0.276676256224905E+001  0.610947608947754E-006  0.158306211233139E-003  0.767663121223450E-003
  0.100000000000000E+001  0.297621793426582E+009  0.439691770398907E+002  0.162192723517315E+001  0.931756000235754E+002  0.149958320151938E+002 -0.454848052659873E+001 -0.194225460290909E-003 -0.206269323825836E-004  0.463802367448807E-003
  0.100000000000000E+001  0.169169905447555E+007  0.375501804343057E+002  0.196572097688265E+001  0.201006919509852E+002  0.139790937389666E+002 -0.393200875123666E+001  0.546249747276306E-002  0.821362733840942E-001  0.324807405471802E+000
  0.100000000000000E+001  0.295504583276202E+005  0.325852047742199E+002  0.197451830746860E+001  0.923628950590359E+002  0.203405067309755E+002 -0.251772900130188E+001 -0.297386199235916E-003 -0.124115496873856E-003  0.240530818700790E-003
  0.100000000000000E+001  0.814443405951519E+008  0.896693650248903E+002  0.146747948194432E+001  0.751676849854944E+002  0.661798461585464E+002 -0.423242188695742E+001 -0.193256884813309E-003 -0.318475067615509E-004  0.299785286188126E-003
  0.100000000000000E+001  0.111497785361503E+006  0.423111526055251E+002  0.896515806595713E+000  0.322873024696556E+002  0.249023225287099E+002 -0.302948631353452E+001  0.610450655221939E-002  0.130636900663376E+000  0.504094779491425E+000
  0.100000000000000E+001  0.195849377834318E+008  0.554744578242938E+002  0.142655050292070E+001  0.543894342756265E+002  0.767702133589479E+002 -0.398374872232896E+001  0.904835760593414E-004  0.330880284309387E-003  0.953758060932159E-001
  0.100000000000000E+001 -0.852216845058382E+003  0.873638687879519E+002  0.900376678096013E+000  0.547660797592340E+002  0.915731267295882E+002 -0.124221800019430E+001  0.321727246046066E-003  0.268360562622547E-001  0.505411505699158E+000
  0.100000000000000E+001  0.868519082017254E+009  0.690603474885319E+002  0.807821517832363E+000  0.619273359838501E+002  0.342151666054078E+002 -0.589037050051723E+001  0.136360526084900E-003  0.391554087400436E-003  0.164503484964371E+000
  0.100000000000000E+001  0.174454360436304E+007  0.648343181956361E+002  0.137014746740534E+001  0.843709882595960E+002  0.741834158027919E+002 -0.339426283507337E+001 -0.117897987365723E-003  0.899210572242737E-004  0.948779284954071E-002
  0.100000000000000E+001 -0.105685091967573E+004  0.234094938134174E+002  0.112754616280787E+001  0.860025145531149E+002  0.642711143560314E+002 -0.158897788026025E+001  0.395730137825012E-003  0.274765312671661E+000  0.763447225093842E+000
  0.100000000000000E+001  0.711231895500034E+008  0.249510028920949E+002  0.125539449775330E+001  0.884055717798148E+002  0.658602858751282E+001 -0.585814905294941E+001  0.158935785293579E-003  0.950927287340164E-002  0.608503460884094E+000
  0.100000000000000E+001  0.258902976223143E+005  0.389010840181539E+002  0.148032978490633E+001  0.622176526120423E+002  0.616400157612224E+002 -0.249917063042329E+001  0.349245965480804E-004  0.308122485876083E-003  0.137211829423904E+000
  0.100000000000000E+001  0.309731309617736E+006  0.266193093547554E+002  0.103635997887087E+001  0.257051515084840E+002  0.973901957707285E+002 -0.475846418423030E+001  0.309037148952484E+000  0.659460783004761E+000  0.870814323425293E+000
  0.100000000000000E+001  0.118316813452250E+005  0.472044109121153E+002  0.129894177758479E+001  0.359629540635772E+002  0.278404015115488E+002 -0.235883832075653E+001  0.325184315443039E-003  0.112081915140152E-001  0.256575345993042E+000
  0.100000000000000E+001  0.355240867866559E+009  0.396070476127099E+002  0.187365472542772E+001  0.956008071196124E+002  0.248777296024064E+002 -0.458614587828527E+001 -0.305112451314926E-003 -0.134587287902832E-003  0.221725553274155E-003
  0.100000000000000E+001 -0.698073942147015E+003  0.359416411524785E+002  0.137053159169918E+001  0.959611275390108E+002  0.233532309891183E+002 -0.174953422504738E+001 -0.535324215888977E-004  0.193007290363312E-003  0.165784806013107E+000
  0.100000000000000E+001  0.506138197986306E+009  0.844004077152811E+002  0.179653916833342E+001  0.793289078927031E+002  0.286747158733189E+002 -0.467984486241702E+001 -0.333394855260849E-003 -0.204816460609436E-003  0.346936285495758E-004
  0.100000000000000E+001  0.125188508950822E+006  0.781507557312407E+002  0.814210687122623E+000  0.431135286366739E+002  0.908978540485302E+002 -0.326557782910355E+001  0.817120447754860E-002  0.184899806976318E+000  0.657628595829010E+000
  0.100000000000000E+001  0.128148262657174E+007  0.586663133555191E+002  0.119388874289789E+001  0.200301034155817E+002  0.540219312719853E+002 -0.473598472477368E+001  0.239162426441908E-001  0.154221832752228E+000  0.434335261583328E+000
  0.100000000000000E+001  0.849855904043266E+009  0.787095209994454E+002  0.115868820007892E+001  0.926432285806226E+002  0.359404479600533E+002 -0.487729929220681E+001 -0.155329704284668E-003  0.384114682674408E-004  0.582020729780197E-003
  0.100000000000000E+001 -0.632853994102830E+003  0.739656931429539E+002  0.954507109375611E+000  0.735459752983093E+002  0.842275742972032E+002 -0.921372815383694E+000  0.162266194820404E-003  0.378039106726646E-002  0.464416027069092E+000
  0.100000000000000E+001  0.142178870593089E+006  0.773252391900335E+002  0.905495164788444E+000  0.267437560197963E+002  0.774447051827424E+002 -0.355873381091839E+001  0.220828838646412E-001  0.181402817368507E+000  0.540253520011902E+000
  0.100000000000000E+001  0.150882942464828E+010  0.329306533679725E+002  0.183455450512278E+001  0.552738350193841E+002  0.447483555392878E+002 -0.597073728901276E+001 -0.380910933017731E-004  0.181447714567184E-003  0.131806693971157E-001
  0.100000000000000E+001  0.655149502386262E+007  0.832788688219715E+002  0.198357875963310E+001  0.906558814340413E+002  0.929682411479218E+002 -0.367022488513146E+001 -0.458303838968277E-003 -0.300105661153793E-003 -0.627413392066956E-004
  0.100000000000000E+001  0.475576170030446E+008  0.851980598932775E+002  0.819412213582333E+000  0.648361741086437E+002  0.101152506527184E+002 -0.411823263770873E+001  0.432766973972321E-004  0.194184482097626E-003  0.677855685353279E-002
  0.100000000000000E+001  0.275368928057893E+008  0.907712849971654E+002  0.138870340236837E+001  0.570899236234943E+002  0.725313548032553E+002 -0.399862924460751E+001 -0.292137265205383E-004  0.157501548528671E-003  0.459669902920723E-002
  0.100000000000000E+001 -0.227851930413201E+003  0.911837352710573E+002  0.815982944276354E+000  0.166588307454311E+002  0.294600078725117E+002 -0.567615876580724E+000  0.294368192553520E-001  0.114209033548832E+000  0.342346370220184E+000
  0.100000000000000E+001  0.121277259350120E+007  0.272759032599967E+002  0.106660003359910E+001  0.257352445360872E+002  0.393424628099695E+002 -0.591217225038776E+001  0.891402065753937E-001  0.350871324539185E+000  0.693688094615936E+000
  0.100000000000000E+001  0.394484112666888E+006  0.277143646807423E+002  0.596927766352217E+000  0.822603583756845E+002  0.504435770319141E+002 -0.380305318107670E+001  0.182747602462769E+000  0.624927461147308E+000  0.810038745403290E+000
  0.100000000000000E+001 -0.111472425528185E+004  0.822370069826115E+002  0.110946269584175E+001  0.137847356666055E+002  0.364480304688706E+002 -0.131148648562518E+001  0.563491657376289E-001  0.182563558220863E+000  0.423576772212982E+000
  0.100000000000000E+001  0.211598204143916E+005  0.179728753540250E+002  0.167279838590878E+001  0.553203273911634E+002  0.259439420556931E+002 -0.248054842964773E+001  0.198107212781906E-003  0.483432412147522E-002  0.413546502590179E+000
  0.100000000000000E+001  0.707152174106720E+007  0.114215294858446E+002  0.563763567019587E+000  0.538971871845256E+002  0.298277336447796E+002 -0.469874418809649E+001  0.629135787487030E+000  0.780580580234528E+000  0.872148573398590E+000
  0.100000000000000E+001  0.104927070651535E+010  0.749323852515250E+002  0.156734942676216E+001  0.518844523535285E+002  0.158806951022479E+002 -0.498206018734145E+001 -0.212900340557098E-004  0.144205987453461E-003  0.166950747370720E-002
  0.100000000000000E+001 -0.106239259784962E+004  0.485270508351440E+002  0.631343931538890E+000  0.989226429293601E+002  0.155957901461185E+002 -0.132624170680199E+001  0.134434551000595E-003  0.121410191059113E-002  0.340480357408524E+000
  0.100000000000000E+001  0.103906297778570E+004  0.778113743140122E+002  0.119152200421864E+001  0.296645601886096E+002  0.223842296792374E+002 -0.201372483042475E+001  0.352114439010620E-003  0.575594231486320E-002  0.138349056243896E+000
  0.100000000000000E+001  0.273346783091258E+006  0.492853177167484E+002  0.740364513101229E+000  0.555894210597074E+002  0.970130597781980E+002 -0.403153176025959E+001  0.111503571271896E+000  0.593128919601440E+000  0.847690284252167E+000
  0.100000000000000E+001  0.123891248367637E+006  0.397112097755912E+002  0.789349931928903E+000  0.414841357875253E+002  0.921032093640195E+002 -0.365212707620799E+001  0.200471445918083E+000  0.635352551937103E+000  0.855162560939789E+000
  0.100000000000000E+001  0.998149197871378E+003  0.126635658210773E+002  0.176808844003409E+001  0.123932832968198E+002  0.546977775208368E+002 -0.245119459727840E+001  0.311456024646759E+000  0.545070827007294E+000  0.769107520580292E+000
  0.100000000000000E+001  0.160034211783084E+010  0.852672647334665E+002  0.198390737642696E+001  0.842344326158587E+002  0.529691183984359E+001 -0.524738540870423E+001 -0.405110418796539E-003 -0.288110226392746E-003 -0.710897147655487E-004
  0.100000000000000E+001  0.179033690275183E+006  0.976240737549614E+002  0.673989042264933E+000  0.315565185893875E+002  0.614670645616781E+001 -0.290213217238268E+001  0.307861715555191E-003  0.190952047705650E-002  0.444653443992138E-001
  0.100000000000000E+001 -0.113684643133856E+004  0.268218323090447E+002  0.199054320648572E+001  0.957288375224011E+002  0.988108420072853E+002 -0.155395313018850E+001 -0.291086733341217E-003 -0.574104487895966E-004  0.612016767263412E-003
  0.100000000000000E+001  0.134968332404365E+004  0.251698888053379E+002  0.120862490531465E+001  0.170767816876662E+002  0.166421096413626E+002 -0.242393726410038E+001  0.241604298353195E+000  0.469303131103516E+000  0.716930866241455E+000
  0.100000000000000E+001  0.242678557240115E+005  0.140926444823501E+002  0.136749016710598E+001  0.529124111400618E+002  0.794722752875273E+002 -0.294777200650605E+001  0.340729132294655E-001  0.457798391580582E+000  0.819295585155487E+000
  0.100000000000000E+001  0.162528311477917E+006  0.682688021605684E+002  0.752702512831783E+000  0.417880350866820E+002  0.800435637058684E+002 -0.336115062368120E+001  0.144955217838287E-001  0.239584013819695E+000  0.680761516094208E+000
  0.100000000000000E+001 -0.278721239180345E+003  0.280107998423528E+002  0.169135757131698E+001  0.236603278492197E+002  0.811391184440002E+002 -0.613878767461457E+000  0.236740317195654E-001  0.168212637305260E+000  0.488917291164398E+000
  0.100000000000000E+001 -0.858698396207614E+003  0.733506068922404E+002  0.126126600268308E+001  0.549316778416159E+002  0.442290199844557E+002 -0.105781276874079E+001  0.375434756278992E-004  0.227835029363632E-003  0.200589597225189E-001
  0.100000000000000E+001 -0.366888864787872E+003  0.294893106718997E+002  0.675718285195437E+000  0.620464823996888E+002  0.643435771065415E+002 -0.234691437154365E+001  0.210432559251785E+000  0.657587826251984E+000  0.839433431625366E+000
  0.100000000000000E+001  0.369468071723199E+005  0.176858656244882E+002  0.781508599852596E+000  0.664200177304799E+002  0.467806598542589E+002 -0.319906455852941E+001  0.373636543750763E+000  0.717194616794586E+000  0.853892803192139E+000
  0.100000000000000E+001  0.474221930413883E+006  0.282529096044667E+002  0.663623728757896E+000  0.734722966043636E+002  0.949921428656177E+002 -0.399587910910575E+001  0.580299079418182E+000  0.821747481822968E+000  0.919503450393677E+000
  0.100000000000000E+001  0.194840010841247E+008  0.926174100869196E+002  0.129127844383244E+001  0.357379548896560E+002  0.541042140699640E+002 -0.398104105787929E+001  0.203054398298264E-003  0.481609255075455E-003  0.519788116216660E-001
  0.100000000000000E+001  0.113604474803296E+007  0.212530795790566E+002  0.562952016197387E+000  0.314600454760649E+002  0.564508165786022E+002 -0.420863140766297E+001  0.560367941856384E+000  0.769271671772003E+000  0.872116744518280E+000
  0.100000000000000E+001 -0.154745301123682E+003  0.134576595586407E+002  0.157971037412995E+001  0.821888820614552E+002  0.800362357645044E+002 -0.189946229703602E+001  0.276524573564529E-003  0.104414001107216E+000  0.720778822898865E+000
  0.100000000000000E+001  0.247440825843301E+006  0.629662040110835E+002  0.541932442833899E+000  0.885554976917193E+002  0.767837392396136E+002 -0.341526691195281E+001  0.172963738441467E-002  0.364352911710739E+000  0.764474093914032E+000
  0.100000000000000E+001  0.135232900806750E+010  0.699760968970095E+002  0.149038595082845E+001  0.735200169781490E+002  0.551588450867212E+002 -0.514093917188217E+001 -0.163603574037552E-003 -0.688806176185608E-005  0.390019267797470E-003
  0.100000000000000E+001  0.507932037556422E+007  0.969762186487768E+002  0.592957614718716E+000  0.568715290655213E+002  0.610933449265233E+002 -0.377379802723028E+001  0.218164175748825E-003  0.346978381276131E-002  0.317399561405182E+000
  0.100000000000000E+001  0.441329961075166E+009  0.597566594379271E+002  0.146258309153501E+001  0.429252918422417E+002  0.486785199486068E+002 -0.505289442381838E+001  0.130746513605118E-003  0.386413186788559E-003  0.603313446044922E-001
  0.100000000000000E+001  0.163589830381379E+009  0.653949674196644E+002  0.105504917868425E+001  0.663795649425102E+002  0.761695317631731E+002 -0.596342004906192E+001  0.140447169542313E-003  0.137397274374962E-002  0.348643422126770E+000
  0.100000000000000E+001  0.123447780375744E+008  0.239063298637256E+002  0.152756552399636E+001  0.519966192553484E+002  0.940220259817114E+002 -0.460546691824989E+001  0.306069850921631E-003  0.401493497192860E-001  0.562374532222748E+000
  0.100000000000000E+001  0.259120294219171E+006  0.810827719459752E+002  0.657951466975661E+000  0.409594443875368E+002  0.303333121421123E+002 -0.299010972050552E+001  0.284567475318909E-003  0.204359740018845E-002  0.146633014082909E+000
  0.100000000000000E+001  0.112136035472990E+007  0.546789296826611E+002  0.673893806590346E+000  0.120465225292179E+002  0.156750782457023E+002 -0.417239996714156E+001  0.195798128843307E+000  0.341363370418549E+000  0.529685378074646E+000
  0.100000000000000E+001  0.380344348270083E+005  0.472571263751140E+002  0.112075177918395E+001  0.355696760146863E+002  0.556818229647886E+002 -0.268688513664242E+001  0.130353122949600E-002  0.563793703913689E-001  0.428936958312988E+000
  0.100000000000000E+001  0.756586310196721E+008  0.786312460691985E+002  0.154179721829593E+001  0.941411429871751E+002  0.825867999375591E+002 -0.421818743975564E+001 -0.263731926679611E-003 -0.899694859981537E-004  0.261709094047546E-003
  0.100000000000000E+001  0.527552339263786E+006  0.119029798364854E+002  0.130411823926336E+001  0.366841464383922E+002  0.971881854276816E+002 -0.448023331143749E+001  0.278710991144180E+000  0.691031217575073E+000  0.887564301490784E+000
  0.100000000000000E+001  0.638884030968703E+009  0.820721385205414E+002  0.140301705948688E+001  0.586939000107666E+002  0.982472194959940E+002 -0.580616828662654E+001  0.152587890625000E-004  0.238999724388123E-003  0.324017629027367E-001
  0.100000000000000E+001 -0.117859918610885E+004  0.940171639579583E+002  0.145354887193584E+001  0.664997124251814E+002  0.938996818166141E+002 -0.154910505212141E+001 -0.107556581497192E-003  0.908412039279938E-004  0.189587101340294E-002
  0.100000000000000E+001 -0.909004992986758E+003  0.925348658116102E+002  0.528642005382931E+000  0.871798731389774E+002  0.784852332476809E+002 -0.155903767813706E+001  0.254008919000626E-003  0.235931146889925E-001  0.599927783012390E+000
  0.100000000000000E+001 -0.913856760795628E+003  0.163141847297289E+002  0.153636356484699E+001  0.956402124287302E+002  0.383247714066759E+002 -0.124638309928561E+001  0.133737921714783E-003  0.104390084743500E-001  0.622947037220001E+000
  0.100000000000000E+001  0.655282509435970E+004  0.611272468319760E+002  0.605202060591088E+000  0.306315636458627E+002  0.788705205748494E+002 -0.276110925720419E+001  0.174737870693207E+000  0.497248053550720E+000  0.775601208209991E+000
  0.100000000000000E+001  0.320715905813230E+003  0.958752830225724E+002  0.117290147567129E+001  0.700202417541161E+002  0.240791755664668E+002 -0.195882042170007E+001 -0.867359340190887E-004  0.501908361911774E-004  0.384539365768433E-003
  0.100000000000000E+001 -0.114427683778640E+004  0.187484566735983E+002  0.164130159975362E+001  0.148063864144976E+002  0.802188168722337E+002 -0.136624726256967E+001  0.227230310440063E+000  0.470452666282654E+000  0.736618280410767E+000
  0.100000000000000E+001  0.876916864280715E+005  0.770458924468777E+002  0.135089663311969E+001  0.756335804158226E+002  0.179602854041604E+002 -0.274148516821123E+001 -0.125143676996231E-003  0.275038182735443E-004  0.425215810537338E-003
  0.100000000000000E+001  0.138376871297279E+008  0.533882147393628E+002  0.692558392233037E+000  0.643814130678493E+002  0.610496719344842E+002 -0.586683464517378E+001  0.477526336908340E-003  0.183329492807388E+000  0.678381502628326E+000
  0.100000000000000E+001  0.387440769782988E+009  0.651883342178654E+002  0.118202991794004E+001  0.444684888243873E+002  0.427385451439346E+002 -0.505838044304835E+001  0.192116945981979E-003  0.924449414014816E-003  0.118847370147705E+000
  0.100000000000000E+001 -0.995180457300923E+003  0.916573883735189E+002  0.172413142871096E+001  0.387577948194534E+002  0.436183530776222E+002 -0.116556412620335E+001  0.426508486270905E-004  0.204537063837051E-003  0.240303948521614E-002
  0.100000000000000E+001 -0.848529398757879E+003  0.636211851084518E+002  0.164228853914836E+001  0.200313369197661E+002  0.980311238454569E+002 -0.108021678298917E+001  0.541617125272751E-001  0.204973205924034E+000  0.477511346340179E+000
  0.100000000000000E+001  0.135813900685011E+010  0.423822816448638E+002  0.184878581169589E+001  0.661516230063499E+002  0.719668708703464E+002 -0.514681727588360E+001 -0.171426683664322E-003  0.133253633975983E-004  0.510133802890778E-003
  0.100000000000000E+001  0.410461620151415E+008  0.199594251935353E+002  0.199772820993743E+001  0.825497425973882E+002  0.924105190557418E+002 -0.409512047124766E+001 -0.204477459192276E-003  0.683329999446869E-004  0.195582583546638E-001
  0.100000000000000E+001  0.149914954110692E+009  0.472715201094143E+002  0.645181451104759E+000  0.739258877100034E+002  0.272386798581582E+002 -0.588929178016188E+001  0.241760164499283E-003  0.696941092610359E-002  0.467223286628723E+000
  0.100000000000000E+001 -0.898944864278633E+001  0.851750777637526E+002  0.159165290836241E+001  0.122469916737566E+002  0.927189843280850E+002 -0.195658012440286E+001  0.125342294573784E+000  0.310929685831070E+000  0.540788650512695E+000
  0.100000000000000E+001  0.277871087801015E+007  0.703607441914119E+002  0.130553977172591E+001  0.323823609606738E+002  0.915964910970839E+002 -0.461362953341952E+001  0.111035257577896E-002  0.348449200391769E-001  0.314188599586487E+000
  0.100000000000000E+001 -0.141116104770464E+004  0.168470694864088E+002  0.948647878483621E+000  0.395058279437879E+002  0.777863539396798E+002 -0.160716649096838E+001  0.443558752536774E+000  0.761026799678802E+000  0.891179740428925E+000
  0.100000000000000E+001  0.190638879384547E+009  0.492882865045434E+002  0.513234494251067E+000  0.697307490143090E+002  0.151657321525139E+002 -0.562934754826490E+001  0.249858945608139E-003  0.204338133335114E-002  0.301350682973862E+000
  0.100000000000000E+001 -0.441582957518593E+003  0.511230745679501E+002  0.105565050555563E+001  0.473607865545552E+002  0.882324019411316E+002 -0.755869761922820E+000  0.135594606399536E-002  0.110744506120682E+000  0.636781871318817E+000
  0.100000000000000E+001  0.345510517101969E+008  0.910541824890115E+002  0.754143257073035E+000  0.404042094674917E+002  0.637615334213039E+002 -0.520562588526577E+001  0.388015061616898E-003  0.235917065292597E-001  0.366359114646912E+000
  0.100000000000000E+001  0.556779563407085E+005  0.395009957636653E+002  0.121978808002653E+001  0.237140974451291E+002  0.397340308065663E+002 -0.299440155493032E+001  0.178595781326294E-001  0.146933048963547E+000  0.490951091051102E+000
  0.100000000000000E+001  0.240663524310710E+007  0.826671200715501E+002  0.163589294934896E+001  0.877306720726829E+002  0.569178381156739E+002 -0.345273121604482E+001 -0.327687710523605E-003 -0.163588672876358E-003  0.113498419523239E-003
  0.100000000000000E+001  0.528177601272986E+004  0.350620000502190E+002  0.739036059264183E+000  0.209243001577909E+002  0.542312205913400E+002 -0.277360068597601E+001  0.273809254169464E+000  0.533671975135803E+000  0.763731777667999E+000
  0.100000000000000E+001  0.550032389150778E+004  0.678975610011943E+002  0.153981921717627E+001  0.309819572061506E+002  0.738183462484527E+002 -0.222571455286183E+001  0.338897109031677E-003  0.709024071693420E-002  0.148692876100540E+000
  0.100000000000000E+001  0.264570284415050E+007  0.503212080369678E+002  0.177764817767075E+001  0.716375493937079E+002  0.958173745950411E+002 -0.348277586751681E+001 -0.176001340150833E-003  0.213086605072021E-004  0.121466815471649E-002
  0.100000000000000E+001  0.595865102486663E+006  0.225781356726993E+002  0.122765843843765E+001  0.236608620584114E+002  0.615207767333536E+002 -0.505369750950457E+001  0.141924455761909E+000  0.426321625709534E+000  0.746660172939301E+000
  0.100000000000000E+001 -0.799790455214412E+003  0.358367157780911E+002  0.158936605897444E+001  0.529804918106634E+002  0.716801947689401E+002 -0.105930705972848E+001  0.927187502384186E-004  0.372592359781265E-003  0.139612942934036E+000
  0.100000000000000E+001 -0.734238859126725E+003  0.861034451221914E+002  0.536492522195557E+000  0.640309176770423E+002  0.655358515769250E+002 -0.998169148127627E+000  0.285681337118149E-003  0.195180438458920E-001  0.504487156867981E+000
  0.100000000000000E+001  0.472759738353983E+006  0.758060601313478E+002  0.122426460720169E+001  0.976915485608260E+002  0.512970910564361E+002 -0.310401776890470E+001 -0.174712389707565E-003  0.156015157699585E-004  0.769503414630890E-003
  0.100000000000000E+001  0.668673793105152E+004  0.908128402152592E+002  0.130057169276228E+001  0.643235870834591E+002  0.628419273385950E+002 -0.224540996128751E+001 -0.626295804977417E-004  0.120740383863449E-003  0.330587849020958E-002
  0.100000000000000E+001 -0.970058666720460E+003  0.951940757687549E+002  0.884391107298131E+000  0.779477087774439E+002  0.385861855137564E+002 -0.115103659284464E+001 -0.495091080665588E-004  0.143703073263168E-003  0.359700247645378E-002
  0.100000000000000E+001 -0.170054437331580E+004  0.240558837098842E+002  0.667927836243439E+000  0.592554046376591E+002  0.838643831965115E+002 -0.184200258647367E+001  0.593054115772247E+000  0.814523637294769E+000  0.910136520862579E+000
  0.100000000000000E+001 -0.111990590435683E+004  0.770542616359669E+002  0.141815480233326E+001  0.546611226203277E+002  0.829118686040188E+002 -0.137043727773728E+001  0.352412462234497E-004  0.243581831455231E-003  0.256669092923403E-001
  0.100000000000000E+001  0.949363889404379E+006  0.625804616007796E+002  0.159544449051079E+001  0.209164611480902E+002  0.663687054330934E+002 -0.367399320545287E+001  0.134999416768551E-001  0.984143465757370E-001  0.320631831884384E+000
  0.100000000000000E+001 -0.923276629399617E+003  0.787834786203434E+002  0.708382436119111E+000  0.721273944336952E+002  0.780966529331772E+002 -0.148333064976857E+001  0.281769782304764E-003  0.370805226266384E-001  0.617366731166840E+000
  0.100000000000000E+001 -0.208715346640915E+003  0.155445323669446E+002  0.197898025942291E+001  0.191691876891616E+002  0.988664516289644E+002 -0.199062614785647E+001  0.834075734019279E-001  0.294155269861221E+000  0.628905236721039E+000
  0.100000000000000E+001 -0.133734676781766E+003  0.948250217233292E+002  0.106488970555282E+001  0.435215823924164E+002  0.643943541141848E+002 -0.500638021841279E+000  0.194478780031204E-003  0.859100371599197E-003  0.117400556802750E+000
  0.100000000000000E+001  0.346656563660681E+008  0.704411796384855E+002  0.144476567238360E+001  0.966430467508823E+002  0.539685773396778E+002 -0.404014933904979E+001 -0.259216874837875E-003 -0.762902200222015E-004  0.292390584945679E-003
  0.100000000000000E+001  0.652339378738011E+009  0.425244169008433E+002  0.145629766979990E+001  0.501055116620435E+002  0.314875729566576E+002 -0.536665600486286E+001  0.120390206575394E-003  0.396646559238434E-003  0.112069740891457E+000
  0.100000000000000E+001  0.181146644849417E+010  0.758111454157525E+002  0.183604238883334E+001  0.690436478306008E+002  0.823389657696477E+002 -0.563274099000705E+001 -0.261198729276657E-003 -0.129129737615585E-003  0.148657709360123E-003
  0.100000000000000E+001  0.465329683428064E+009  0.474823867512364E+002  0.102002334400777E+001  0.688373497309536E+002  0.368146064309732E+002 -0.553871642183389E+001  0.134121626615524E-003  0.762600451707840E-003  0.358590304851532E+000
  0.100000000000000E+001  0.151350233757952E+007  0.423067821045356E+002  0.116156920024679E+001  0.505344000553184E+002  0.911775483888306E+001 -0.341084445090702E+001  0.237490981817245E-003  0.476910546422005E-002  0.322591781616211E+000
  0.100000000000000E+001  0.422417389385999E+006  0.888093042652550E+002  0.103901928369949E+001  0.340291744051750E+002  0.943978727083366E+002 -0.387956070448342E+001  0.194084644317627E-002  0.655232667922974E-001  0.439942896366119E+000
  0.100000000000000E+001  0.244365787928389E+004  0.291744214970319E+002  0.183711228148915E+001  0.474633986565673E+002  0.711535995742361E+002 -0.209726350445773E+001  0.106938183307648E-003  0.372186303138733E-003  0.876960903406143E-001
  0.100000000000000E+001  0.120989769853302E+008  0.674715848383622E+002  0.157938657772784E+001  0.456824123063717E+002  0.774468813328237E+002 -0.383846444059977E+001  0.842176377773285E-004  0.300064682960510E-003  0.261058863252401E-001
  0.100000000000000E+001  0.813837698578359E+005  0.699802207286002E+002  0.101711808595288E+001  0.395877621767209E+002  0.914832683013095E+002 -0.303597871812701E+001  0.245444104075432E-002  0.934531539678574E-001  0.549337387084961E+000
  0.100000000000000E+001  0.317853310086661E+006  0.439161255052267E+002  0.155033221939051E+001  0.123836371342147E+002  0.569150555221955E+001 -0.385496815500382E+001  0.106698460876942E+000  0.271689742803574E+000  0.533402323722839E+000
  0.100000000000000E+001  0.299990522057397E+004  0.910131649865634E+002  0.177222252397518E+001  0.292132836672329E+002  0.959964429763934E+002 -0.213637271137956E+001  0.255804508924484E-003  0.159323588013649E-002  0.544652156531811E-001
  0.100000000000000E+001  0.532414509282326E+005  0.331941981159076E+002  0.569354000975634E+000  0.521329082983963E+002  0.157436932597491E+002 -0.293126609224096E+001  0.423262268304825E-002  0.215110272169113E+000  0.583732664585114E+000
  0.100000000000000E+001  0.129014298029375E+008  0.438942924561743E+002  0.738190350197644E+000  0.315322120207973E+002  0.205599937458236E+002 -0.543629825436597E+001  0.110560730099678E-001  0.143778577446938E+000  0.509990155696869E+000
  0.100000000000000E+001  0.199532723922292E+008  0.931699782004177E+002  0.970229874079057E+000  0.685341591636411E+002  0.795560562970219E+002 -0.404609775288697E+001  0.839196145534515E-004  0.388327986001968E-003  0.208423107862473E+000
  0.100000000000000E+001  0.288554813310580E+008  0.910150020330910E+002  0.920578798354634E+000  0.439609870415963E+002  0.761592293971901E+002 -0.548142345015974E+001  0.323608517646790E-003  0.147210359573364E-001  0.340824276208878E+000
  0.100000000000000E+001  0.607872941024505E+009  0.463451749237372E+002  0.981368361307557E+000  0.964965569062649E+002  0.288542830623298E+002 -0.513845650276404E+001  0.474713742733002E-004  0.342451035976410E-003  0.371037453413010E+000
  0.100000000000000E+001  0.953363749461777E+007  0.696502100280532E+002  0.119384277123567E+001  0.307044004858054E+002  0.243357638687507E+002 -0.405651731974146E+001  0.363409519195557E-003  0.834636017680168E-002  0.178334161639214E+000
  0.100000000000000E+001  0.527397807234882E+009  0.530166579153546E+002  0.193614128009067E+001  0.358230592426395E+002  0.359489025848397E+002 -0.515027203169488E+001  0.769570469856262E-004  0.293113291263580E-003  0.157485231757164E-001
  0.100000000000000E+001  0.312512047887824E+007  0.416860204192341E+002  0.115175794939301E+001  0.255078057714797E+002  0.240113467979217E+002 -0.579308783367664E+001  0.889169424772263E-002  0.130817055702209E+000  0.476856261491776E+000
  0.100000000000000E+001  0.194374858735393E+009  0.881704532255585E+002  0.115508065596694E+001  0.849322559508291E+002  0.702639000446384E+002 -0.445660224323605E+001 -0.866055488586426E-004  0.113628804683685E-003  0.761284306645393E-002
  0.100000000000000E+001  0.781549426508854E+008  0.941975177451082E+002  0.193475807853535E+001  0.307157136784518E+002  0.726928337776587E+002 -0.424357252622784E+001  0.113204121589661E-003  0.284180045127869E-003  0.460250303149223E-002
  0.100000000000000E+001 -0.158203110293405E+003  0.228086872835691E+002  0.634231662250256E+000  0.813886468055074E+002  0.402611958551463E+002 -0.515357861035183E+000  0.231148213148117E+000  0.635657072067261E+000  0.806630194187164E+000
  0.100000000000000E+001  0.365969210572815E+009  0.816334700126409E+002  0.160849719605498E+001  0.660335808375237E+002  0.767361797514465E+002 -0.460149609906678E+001 -0.164818018674850E-003 -0.172369182109833E-004  0.310286879539490E-003
  0.100000000000000E+001  0.968319658094180E+004  0.645022998924571E+002  0.657233468700279E+000  0.601568065563464E+002  0.818690785809785E+002 -0.255309814708321E+001  0.769656151533127E-002  0.356614798307419E+000  0.755840539932251E+000
  0.100000000000000E+001  0.447086058638541E+008  0.820552132541413E+002  0.643496746406835E+000  0.743324393438845E+002  0.534609998135631E+002 -0.426943282014864E+001  0.136807560920715E-003  0.447634607553482E-003  0.302620500326157E+000
  0.100000000000000E+001  0.522783608549920E+004  0.370066892202040E+002  0.145262357761664E+001  0.904893694613858E+002  0.116484462700439E+002 -0.220560447693545E+001 -0.667907297611237E-004  0.143636018037796E-003  0.598844587802887E-001
  0.100000000000000E+001  0.466501729798391E+006  0.335361227912464E+002  0.129918344664332E+001  0.167087694652501E+002  0.301970104045042E+002 -0.430788352013525E+001  0.120577007532120E+000  0.337558388710022E+000  0.620416641235352E+000
  0.100000000000000E+001  0.427166483140127E+006  0.805448860353054E+002  0.103156645721067E+001  0.148189899411210E+002  0.322417940151297E+002 -0.341830549913647E+001  0.536716654896736E-001  0.176671221852303E+000  0.412556529045105E+000
  0.100000000000000E+001  0.191520544000558E+006  0.639668470766768E+002  0.197925800643212E+001  0.213271731408471E+002  0.848841243425430E+002 -0.296109574432334E+001  0.137159973382950E-002  0.289203226566315E-001  0.181562185287476E+000
  0.100000000000000E+001  0.591954814548259E+005  0.875306255442208E+002  0.194707065454393E+001  0.609229954574531E+002  0.368490478860243E+002 -0.265818877916488E+001 -0.257227569818497E-003 -0.130217522382736E-003  0.964812934398651E-004
  0.100000000000000E+001  0.986155452571227E+008  0.464602416907286E+002  0.504393818937995E+000  0.919056275889267E+002  0.287602340195129E+002 -0.594905126406030E+001  0.263247638940811E-003  0.157666243612766E-001  0.509290158748627E+000
  0.100000000000000E+001  0.246973669922529E+004  0.631208696528298E+002  0.138372834862702E+001  0.318481380006760E+002  0.792121615797271E+002 -0.210930214911367E+001  0.493410974740982E-003  0.224400516599417E-001  0.262552887201309E+000
  0.100000000000000E+001  0.105025898715983E+009  0.324431717864684E+002  0.184279365116604E+001  0.677447665996940E+002  0.535150347019103E+002 -0.429726661038631E+001 -0.134695321321487E-003  0.763274729251862E-004  0.474485382437706E-002
  0.100000000000000E+001  0.662635632707827E+009  0.330350366859090E+002  0.169068334879261E+001  0.873528325338883E+002  0.912370389029780E+002 -0.502638041180215E+001 -0.147633254528046E-003  0.115934759378433E-003  0.453719682991505E-001
  0.100000000000000E+001  0.652405910224274E+004  0.644680483594584E+002  0.166515073222038E+001  0.872279179987306E+002  0.547252333142055E+002 -0.224015307487638E+001 -0.298965722322464E-003 -0.139728188514709E-003  0.188928097486496E-003
  0.100000000000000E+001  0.172906828952183E+010  0.809484745792689E+002  0.102178110570668E+001  0.879022889274082E+002  0.154596373288696E+002 -0.565172730104302E+001 -0.100992619991302E-003  0.873841345310211E-004  0.147353485226631E-002
  0.100000000000000E+001 -0.591834147969338E+003  0.237096248195005E+002  0.867244048030113E+000  0.948071113629187E+002  0.933725440208979E+002 -0.246718902695108E+001  0.356514066457748E+000  0.765575349330902E+000  0.901874005794525E+000
  0.100000000000000E+001  0.102416196108840E+007  0.466949786023157E+002  0.108592909702881E+001  0.155352363592304E+002  0.149854520439378E+002 -0.511359654812819E+001  0.105035543441772E+000  0.299912810325623E+000  0.564310610294342E+000
  0.100000000000000E+001  0.961936271874084E+006  0.904115141815593E+002  0.175185327718546E+001  0.686271254004447E+002  0.705351271639765E+002 -0.325387949919877E+001 -0.249437987804413E-003 -0.117257237434387E-003  0.135783106088638E-003
  0.100000000000000E+001  0.195183115244778E+007  0.261126248250508E+002  0.116281852814282E+001  0.875066784626800E+002  0.631710651485974E+002 -0.394896963330850E+001  0.257220119237900E-003  0.119417712092400E+000  0.710387468338013E+000
  0.100000000000000E+001 -0.101732906116945E+004  0.842323978379954E+002  0.120316650471487E+001  0.371196819602668E+002  0.158090882016300E+002 -0.168711028839857E+001  0.209633260965347E-003  0.470586121082306E-003  0.582652576267719E-001
  0.100000000000000E+001  0.165266991862055E+005  0.708218891209306E+002  0.749318943239137E+000  0.528938527504856E+002  0.659589223138827E+002 -0.248887099024161E+001  0.364407896995544E-003  0.444154590368271E-001  0.544570863246918E+000
  0.100000000000000E+001 -0.853647211547406E+003  0.876678654989483E+002  0.187024905389192E+001  0.249106791279123E+002  0.854115910901228E+002 -0.104425440457955E+001  0.296954065561295E-003  0.300997123122215E-002  0.632756203413010E-001
  0.100000000000000E+001  0.778378464927628E+006  0.345305617566197E+002  0.642900513415792E+000  0.184003533589108E+002  0.683444457022155E+002 -0.584377712660823E+001  0.480481833219528E+000  0.687560021877289E+000  0.846858263015747E+000
  0.100000000000000E+001 -0.106812222233653E+004  0.955913243090942E+002  0.134542052537640E+001  0.864622755143774E+002  0.776089009738355E+002 -0.124199886769677E+001 -0.179465860128403E-003  0.274553894996643E-005  0.374410301446915E-003
  0.100000000000000E+001  0.161272526334027E+003  0.805988548371588E+002  0.111154773218932E+001  0.372509747411788E+002  0.106309669720945E+002 -0.193332653784437E+001  0.238936394453049E-003  0.899720937013626E-003  0.820195004343987E-001
  0.100000000000000E+001  0.677853512998280E+004  0.737773735070780E+002  0.118070572979796E+001  0.679885146392913E+002  0.964618623191651E+002 -0.225370649906877E+001  0.861994922161102E-004  0.456083565950394E-003  0.289770632982254E+000
  0.100000000000000E+001 -0.840800184821385E+003  0.115383458458027E+002  0.106932183450810E+001  0.325469407040754E+002  0.673095603594921E+002 -0.245893885969268E+001  0.483497619628906E+000  0.768878281116486E+000  0.895462095737457E+000
  0.100000000000000E+001 -0.918225386248271E+003  0.326345409218670E+002  0.503236280501605E+000  0.545817418265206E+002  0.942154796378009E+002 -0.108976123159537E+001  0.652427315711975E+000  0.837222993373871E+000  0.919231712818146E+000
  0.100000000000000E+001  0.312443783891511E+006  0.364022482058960E+002  0.685622088413098E+000  0.144728664729616E+002  0.471686572101429E+002 -0.394072741419697E+001  0.386533170938492E+000  0.579729139804840E+000  0.749994814395905E+000
  0.100000000000000E+001  0.678745220836228E+003  0.591634443946878E+002  0.170912930465155E+001  0.456773761036487E+002  0.407707688580690E+002 -0.198940713830554E+001 -0.121556222438812E-004  0.196281820535660E-003  0.520674511790276E-002
  0.100000000000000E+001  0.183388632511661E+010  0.888918703301148E+002  0.170365062075552E+001  0.761362465306986E+002  0.539690357438608E+002 -0.558145156488723E+001 -0.295009464025497E-003 -0.155031681060791E-003  0.992976129055023E-004
  0.100000000000000E+001 -0.257073458664702E+003  0.631516236698921E+002  0.128876807356354E+001  0.610046752876330E+002  0.364077570253773E+002 -0.590195668633771E+000  0.514090061187744E-006  0.201780349016190E-003  0.236043781042099E-001
  0.100000000000000E+001  0.170224577581339E+007  0.153675608252217E+002  0.180093767997624E+001  0.292589563483760E+002  0.104091825223792E+002 -0.495970972583765E+001  0.540461763739586E-002  0.106300488114357E+000  0.484291702508926E+000
  0.100000000000000E+001 -0.709674280081528E+003  0.660789396960285E+002  0.111972359719043E+001  0.948606314516507E+002  0.260253936722898E+002 -0.178988416849286E+001 -0.108767300844193E-003  0.941790640354156E-004  0.625697150826454E-002
  0.100000000000000E+001  0.231082401185468E+009  0.430659851494278E+002  0.166863330168316E+001  0.385808264097398E+002  0.176396724145304E+002 -0.568287715077013E+001  0.172249972820282E-003  0.509832054376602E-003  0.849999561905861E-001
  0.100000000000000E+001  0.299141185979753E+005  0.538974560608860E+002  0.100747363403268E+001  0.318226024288028E+002  0.344695736675339E+002 -0.257824764626992E+001  0.109602883458138E-002  0.456117726862431E-001  0.355634629726410E+000
  0.100000000000000E+001  0.324424233581448E+008  0.340935786429086E+002  0.126023507374893E+001  0.864422821333457E+002  0.890758428695891E+002 -0.561557876313727E+001  0.153031200170517E-003  0.154971703886986E-001  0.634206235408783E+000
  0.100000000000000E+001  0.491201096918851E+007  0.833548549473190E+002  0.113279787582239E+001  0.328345828665124E+002  0.808795434857111E+002 -0.493422461730030E+001  0.602029263973236E-003  0.272165779024363E-001  0.292430102825165E+000
  0.100000000000000E+001  0.840440597466902E+006  0.886833453095856E+002  0.559786441254953E+000  0.736690479352521E+002  0.990642755323247E+002 -0.436152991194301E+001  0.571304932236671E-002  0.360656261444092E+000  0.780193209648132E+000
  0.100000000000000E+001  0.384016803700781E+009  0.421968873535528E+002  0.159701391804672E+001  0.771559380675394E+002  0.240673037854437E+002 -0.462394080426690E+001 -0.117871910333633E-003  0.744275748729706E-004  0.536429509520531E-002
  0.100000000000000E+001  0.692229166427971E+006  0.256391262265458E+002  0.128831486089804E+001  0.175927001425917E+002  0.244703138940768E+002 -0.532063338635015E+001  0.195922434329987E+000  0.424829721450806E+000  0.692506909370422E+000
  0.100000000000000E+001  0.945606640946294E+006  0.723628913046204E+002  0.181158319632399E+001  0.478561350050058E+002  0.806385587017630E+002 -0.325497162590269E+001 -0.584907829761505E-004  0.121284276247025E-003  0.603940337896347E-003
  0.100000000000000E+001 -0.871353731342047E+002  0.483310683849606E+002  0.837427746343388E+000  0.851353940179200E+002  0.531286318975800E+002 -0.187650174434759E+001  0.191830098628998E-003  0.119076147675514E-001  0.594230115413666E+000
  0.100000000000000E+001  0.569840904887956E+004  0.737047257235034E+002  0.123211794392548E+001  0.494165421991178E+002  0.733447617394836E+001 -0.221979806405479E+001  0.103745609521866E-003  0.283312052488327E-003  0.227950382977724E-001
  0.100000000000000E+001  0.196170846639376E+004  0.256909069247191E+002  0.842904027635969E+000  0.887527661531849E+002  0.478502569401081E+002 -0.235925695973704E+001  0.909045338630676E-002  0.500828087329865E+000  0.780401229858398E+000
  0.100000000000000E+001 -0.439391769002572E+003  0.933503276006281E+002  0.134222258129699E+001  0.646137149273107E+002  0.614141648054342E+002 -0.723469520602256E+000 -0.866316258907318E-004  0.871792435646057E-004  0.108871981501579E-002
  0.100000000000000E+001  0.789096192014126E+007  0.790153955786741E+002  0.133554202375961E+001  0.348459235455322E+002  0.543770065768042E+002 -0.382002816761733E+001  0.230316072702408E-003  0.145816430449486E-002  0.829060450196266E-001
  0.100000000000000E+001  0.944462914524166E+008  0.930345464714040E+002  0.178311281597880E+001  0.192520330783487E+002  0.953330844238456E+001 -0.456760988491134E+001  0.180730223655701E-002  0.268601588904858E-001  0.166383594274521E+000
  0.100000000000000E+001 -0.110946045448645E+004  0.787023663952516E+002  0.149693110385401E+001  0.712939342325008E+002  0.472165975235926E+002 -0.128149862104347E+001 -0.170730054378510E-003 -0.278502702713013E-004  0.310834497213364E-003
  0.100000000000000E+001 -0.828319412030658E+003  0.107150897382546E+002  0.174514336775820E+001  0.462793685848377E+002  0.417719718742517E+002 -0.153567736442004E+001  0.501777976751328E-003  0.109832093119621E+000  0.638014435768127E+000
  0.100000000000000E+001  0.863871147073541E+008  0.994310168087404E+002  0.862860325947976E+000  0.737920666097932E+002  0.606063244408642E+002 -0.427535203161025E+001  0.150538980960846E-004  0.239811837673187E-003  0.503345541656017E-001
  0.100000000000000E+001  0.136863692535921E+003  0.516104914026477E+002  0.162346089394655E+001  0.226312839381034E+002  0.372125771273187E+002 -0.192460587333038E+001  0.274092704057693E-002  0.574492588639259E-001  0.284182578325272E+000
  0.100000000000000E+001  0.111257370566363E+007  0.773185667904718E+002  0.153141851904553E+001  0.850616458716777E+002  0.354423424813830E+002 -0.328562162245586E+001 -0.262845307588577E-003 -0.101685523986816E-003  0.205557793378830E-003
  0.100000000000000E+001  0.185147017997790E+005  0.154009799075680E+002  0.578744595701453E+000  0.405243721824243E+002  0.640981361217115E+002 -0.304099575346172E+001  0.730047166347504E+000  0.849278688430786E+000  0.918377101421356E+000
  0.100000000000000E+001  0.299839871700673E+004  0.506025812953345E+002  0.838097513639553E+000  0.348420909363634E+002  0.370184874952628E+002 -0.216051008478442E+001  0.252164527773857E-002  0.806406736373901E-001  0.458795189857483E+000
  0.100000000000000E+001  0.623832961574914E+005  0.330801412839901E+002  0.702283514348520E+000  0.231848380410766E+002  0.420290706457258E+002 -0.335022031788095E+001  0.218552246689796E+000  0.482618808746338E+000  0.732159852981567E+000
  0.100000000000000E+001  0.105211907875913E+006  0.378132364506506E+002  0.125459829675049E+001  0.536885093169774E+002  0.535723897517409E+002 -0.282399537235211E+001  0.228378921747208E-003  0.674865022301674E-002  0.398478806018829E+000
  0.100000000000000E+001  0.484327046471590E+007  0.588170064503933E+002  0.767634738043004E+000  0.925795585517593E+002  0.602091489611061E+001 -0.362144996103869E+001  0.338777899742126E-004  0.261191278696060E-003  0.125341027975082E+000
  0.100000000000000E+001  0.789115303701462E+008  0.503966521723112E+002  0.932887546610082E+000  0.878849410055329E+002  0.659292475500096E+002 -0.592245826377432E+001  0.152204185724258E-003  0.789122283458710E-002  0.588376700878143E+000
  0.100000000000000E+001  0.142558628030115E+010  0.455849681230925E+002  0.166781305528540E+001  0.622440696426317E+002  0.740888733723162E+002 -0.550636459894816E+001 -0.766851007938385E-004  0.129219144582748E-003  0.950945541262627E-002
  0.100000000000000E+001  0.841431486322105E+007  0.170459830716380E+002  0.133392010823871E+001  0.991967417119843E+002  0.359607030598118E+002 -0.449378562103371E+001  0.280950218439102E-003  0.158992812037468E+000  0.725419104099274E+000
  0.100000000000000E+001  0.936531596534529E+006  0.146256298983515E+002  0.116146877084852E+001  0.613804773967633E+002  0.446097217716758E+002 -0.425259428341367E+001  0.571625232696533E-001  0.571925699710846E+000  0.830705523490906E+000
  0.100000000000000E+001  0.370893237397827E+006  0.338953545189011E+002  0.579894806695965E+000  0.526638292741329E+002  0.587091967658733E+002 -0.385909495735318E+001  0.180923998355865E+000  0.607245564460754E+000  0.807490408420563E+000
  0.100000000000000E+001  0.229825893893176E+006  0.159549362302396E+002  0.120606465795819E+001  0.474411381281084E+002  0.465475453285571E+002 -0.365064997668016E+001  0.517349094152451E-001  0.482828468084335E+000  0.806547939777374E+000
  0.100000000000000E+001  0.253058154442874E+004  0.819199275835215E+002  0.153195508780437E+001  0.894269498925608E+002  0.431918636064442E+002 -0.210583122993911E+001 -0.296615064144135E-003 -0.127185136079788E-003  0.162739306688309E-003
  0.100000000000000E+001  0.216037738555078E+004  0.847048373131309E+002  0.816235194280176E+000  0.296150344858454E+002  0.732056344555033E+002 -0.215880641139236E+001  0.979875028133392E-002  0.144621387124062E+000  0.514669299125671E+000
  0.100000000000000E+001  0.282419335267787E+007  0.160117450217542E+002  0.818154339111119E+000  0.328994908588315E+002  0.391301745111500E+002 -0.523258978104684E+001  0.420598030090332E+000  0.703546345233917E+000  0.845596909523010E+000
  0.100000000000000E+001  0.148723637282160E+010  0.403935492011294E+002  0.176730124479706E+001  0.923393201507064E+002  0.350160786767456E+002 -0.522503243209742E+001 -0.255417078733444E-003 -0.838823616504669E-004  0.323392450809479E-003
  0.100000000000000E+001 -0.106909227960632E+004  0.392636420959353E+002  0.154261218273300E+001  0.203447513669132E+002  0.368270450401852E+002 -0.140430731606274E+001  0.200493559241295E-001  0.143429324030876E+000  0.434954583644867E+000
  0.100000000000000E+001 -0.127340808471726E+004  0.503819735253362E+002  0.702155000224588E+000  0.165311523376624E+002  0.349590279305012E+002 -0.161605686094813E+001  0.152688354253769E+000  0.338838756084442E+000  0.573904454708099E+000
  0.100000000000000E+001  0.492866045791182E+009  0.373107767011383E+002  0.179636318153307E+001  0.857677505674277E+002  0.358873266694571E+002 -0.468696362820835E+001 -0.225603580474854E-003 -0.498779118061066E-004  0.396210700273514E-003
  0.100000000000000E+001  0.121473613821760E+010  0.859003148381988E+002  0.842786354625628E+000  0.864377365482060E+002  0.548624356053600E+002 -0.598918655858737E+001 -0.113621354103088E-005  0.217292457818985E-003  0.931766629219055E-001
  0.100000000000000E+001  0.656940716626278E+007  0.712079722439165E+002  0.163040812896505E+001  0.990839023154055E+002  0.474465884328068E+002 -0.367113672940507E+001 -0.358056277036667E-003 -0.179525464773178E-003  0.123336911201477E-003
  0.100000000000000E+001  0.674315537910935E+003  0.375928483175733E+002  0.142320634260134E+001  0.441879666061485E+002  0.109844288616859E+002 -0.196285720281593E+001  0.244606286287308E-003  0.377829000353813E-002  0.237636864185333E+000
  0.100000000000000E+001  0.794385051392180E+007  0.914900807766536E+002  0.196360004109047E+001  0.127868678816952E+002  0.622691681940712E+002 -0.395649535881197E+001  0.134800113737583E-001  0.910597592592239E-001  0.285955905914307E+000
  0.100000000000000E+001  0.173039566904103E+006  0.516114588824032E+002  0.935174426079313E+000  0.953728049710321E+002  0.363534047006390E+002 -0.290133492532226E+001  0.412501394748688E-004  0.329356640577316E-003  0.327891081571579E+000
  0.100000000000000E+001 -0.129900494356743E+004  0.161644832526153E+002  0.742298116411333E+000  0.635726301582052E+002  0.942999370734459E+002 -0.138494799284837E+001  0.761335253715515E+000  0.883543848991394E+000  0.954776883125305E+000
  0.100000000000000E+001  0.423293954683826E+007  0.456875554886896E+002  0.966456534831663E+000  0.270538629568424E+002  0.281366161692101E+002 -0.516501460741370E+001  0.870025902986526E-002  0.121631652116776E+000  0.468722164630890E+000
  0.100000000000000E+001  0.282115267118270E+006  0.647335202844280E+002  0.983182408782824E+000  0.503985413405760E+002  0.351191325630248E+002 -0.300510329334161E+001  0.184614211320877E-003  0.704701989889145E-003  0.170699849724770E+000
  0.100000000000000E+001 -0.782071338018039E+003  0.179279163182624E+002  0.108779735085460E+001  0.882250007608173E+002  0.176331490468200E+002 -0.101124501426458E+001  0.529246404767036E-002  0.459647476673126E+000  0.786841809749603E+000
  0.100000000000000E+001  0.142805850636639E+010  0.363138574969514E+002  0.150522291384244E+001  0.816399327825625E+002  0.460766134927420E+002 -0.560015644239706E+001 -0.701732933521271E-004  0.169511884450912E-003  0.724345818161964E-001
  0.100000000000000E+001  0.539665001296064E+005  0.109799558446953E+002  0.122810945410821E+001  0.620131070927369E+002  0.866324473161802E+002 -0.334992135178118E+001  0.303838968276978E+000  0.730350673198700E+000  0.898221313953400E+000
  0.100000000000000E+001  0.120349947735541E+010  0.662008751032226E+002  0.950202795619674E+000  0.970705073875655E+002  0.501834550917503E+002 -0.568552200489357E+001 -0.177957117557526E-004  0.229645520448685E-003  0.148914858698845E+000
  0.100000000000000E+001  0.103168402169098E+006  0.536129207715455E+002  0.193094824363479E+001  0.978430089610639E+002  0.589258472757860E+002 -0.277488286965673E+001 -0.417463481426239E-003 -0.250045210123062E-003  0.633858144283295E-004
  0.100000000000000E+001 -0.110349813177512E+004  0.358078573781070E+002  0.732243767158374E+000  0.737233350939166E+002  0.195924873413467E+002 -0.148900902379182E+001  0.334430485963821E-003  0.929351896047592E-001  0.594176948070526E+000
  0.100000000000000E+001  0.708717572694892E+003  0.132119675256155E+002  0.106966788258698E+001  0.433805212438957E+002  0.252079506633720E+002 -0.248353285067625E+001  0.242887690663338E+000  0.653849065303802E+000  0.839744448661804E+000
  0.100000000000000E+001  0.681680373289952E+004  0.261051373943143E+002  0.194479782973528E+001  0.860832012601940E+002  0.953742513086263E+002 -0.224993683986984E+001 -0.231925398111343E-003  0.588223338127136E-005  0.391660258173943E-002
  0.100000000000000E+001  0.163317402652182E+003  0.902370120294303E+002  0.139702016161580E+001  0.828450896080515E+002  0.910416769790872E+002 -0.193716887865574E+001 -0.161420553922653E-003  0.258274376392365E-004  0.765159726142883E-003
  0.100000000000000E+001 -0.788634609885548E+003  0.950177617041476E+002  0.165348606955741E+001  0.365235452124814E+002  0.546152238905311E+002 -0.990483644243039E+000  0.101801007986069E-003  0.282008200883865E-003  0.869762524962425E-002
  0.100000000000000E+001  0.306058212259066E+007  0.206909827908418E+002  0.960890332271956E+000  0.530507915258460E+002  0.262727598750543E+002 -0.491233648146155E+001  0.333645269274712E-001  0.479800820350647E+000  0.768873631954193E+000
  0.100000000000000E+001  0.705320725842162E+005  0.150947632569001E+002  0.996428641363422E+000  0.306159058123929E+002  0.148444688118262E+002 -0.342580261444329E+001  0.301509857177734E+000  0.644392013549805E+000  0.824202954769135E+000
  0.100000000000000E+001  0.257529520330180E+005  0.754259281139205E+002  0.198833076185790E+001  0.627483072358140E+002  0.430607692726192E+002 -0.248939606913734E+001 -0.279344618320465E-003 -0.140566378831863E-003  0.899881124496460E-004
  0.100000000000000E+001 -0.307291527004582E+003  0.380536674159324E+002  0.977011994915705E+000  0.760714127136536E+002  0.871489426530070E+002 -0.638660837920613E+000  0.100131705403328E-002  0.324135184288025E+000  0.784511327743530E+000
  0.100000000000000E+001  0.170260920007699E+009  0.297578610524676E+002  0.162419139321464E+001  0.691468699037624E+002  0.887026705481200E+002 -0.463101073826536E+001  0.579282641410828E-005  0.320207327604294E-003  0.223235040903091E+000
  0.100000000000000E+001  0.681504595937848E+005  0.462662704049602E+002  0.613211087270551E+000  0.309217150210619E+002  0.670464347645546E+002 -0.338647572915401E+001  0.179498404264450E+000  0.510306656360626E+000  0.782233238220215E+000
  0.100000000000000E+001  0.683299775891837E+003  0.339267184544920E+002  0.531230462345000E+000  0.762103873915493E+002  0.359988529259272E+002 -0.219219728563308E+001  0.539297237992287E-002  0.372360020875931E+000  0.696789562702179E+000
  0.100000000000000E+001  0.403485156115471E+004  0.382124012082023E+002  0.521737176221949E+000  0.733081022738295E+002  0.636422848515669E+002 -0.258178569899510E+001  0.144396647810936E+000  0.615314841270447E+000  0.808056652545929E+000
  0.100000000000000E+001  0.245463501360239E+003  0.801062842988461E+002  0.557429195353069E+000  0.295331969327451E+002  0.826512668053113E+002 -0.217050010996656E+001  0.134804397821426E+000  0.420545935630798E+000  0.729764759540558E+000
  0.100000000000000E+001  0.245676811104619E+006  0.321443600247971E+002  0.137692646521121E+001  0.127206922278943E+002  0.907125721123150E+002 -0.506586357461839E+001  0.352415561676025E+000  0.579146265983582E+000  0.775586664676666E+000
  0.100000000000000E+001  0.506412074174076E+005  0.544703339988110E+002  0.143234343431906E+001  0.793198985666915E+002  0.424707396899680E+002 -0.262874993127926E+001 -0.117268413305283E-003  0.659935176372528E-004  0.517384707927704E-002
  0.100000000000000E+001  0.130608103346693E+005  0.314482576867210E+002  0.160477867404376E+001  0.638149307797972E+002  0.185409014547235E+002 -0.236553876130778E+001  0.151209533214569E-004  0.277172774076462E-003  0.894723683595657E-001
  0.100000000000000E+001  0.964689213838209E+005  0.175079556385961E+002  0.185780824208401E+001  0.635987806087340E+002  0.830519490067415E+002 -0.278346518508328E+001  0.673159956932068E-005  0.362798571586609E-003  0.230169355869293E+000
  0.100000000000000E+001  0.346899118887440E+006  0.582597571009228E+002  0.180902138826126E+001  0.709306720772935E+002  0.189771771545072E+002 -0.303397673759119E+001 -0.233430415391922E-003 -0.901259481906891E-004  0.226207077503204E-003
  0.100000000000000E+001  0.247782950197047E+007  0.979556862062614E+002  0.134297865628367E+001  0.228712610462807E+002  0.627951844366134E+002 -0.370072178474028E+001  0.280907005071640E-002  0.352155938744545E-001  0.216481655836105E+000
  0.100000000000000E+001  0.128990446083690E+008  0.186247115334453E+002  0.161680606892477E+001  0.430845527826552E+002  0.751837796898901E+002 -0.522750463526127E+001  0.379476696252823E-003  0.452979989349842E-001  0.537883043289185E+000
  0.100000000000000E+001 -0.223116747070650E+003  0.490107547452645E+002  0.133985040284048E+001  0.548407075333081E+002  0.929393548717910E+002 -0.577234515038697E+000  0.204134732484818E-003  0.414947047829628E-002  0.350385069847107E+000
  0.100000000000000E+001  0.126732064877873E+005  0.832266557523907E+002  0.125169508556530E+001  0.194747044836977E+002  0.739987728414563E+002 -0.248156240343206E+001  0.294800959527493E-001  0.156176954507828E+000  0.402417302131653E+000
  0.100000000000000E+001 -0.482378019372400E+003  0.115622233787313E+002  0.108616665308832E+001  0.834137924537004E+002  0.407464618403255E+002 -0.759621497579873E+000  0.217666536569595E+000  0.692573368549347E+000  0.861724436283112E+000
  0.100000000000000E+001  0.378315929331082E+007  0.692326188698717E+002  0.912119759664105E+000  0.467383592795324E+002  0.589719926682291E+002 -0.375080893759164E+001  0.313688069581985E-003  0.106532499194145E-001  0.347485721111298E+000
  0.100000000000000E+001  0.206604259679021E+006  0.569526320854513E+002  0.182072864609662E+001  0.103361933324939E+002  0.454171939109290E+002 -0.331894751311976E+001  0.108242392539978E+000  0.287061452865601E+000  0.512719035148621E+000
  0.100000000000000E+001 -0.818341724009641E+003  0.507176565296623E+002  0.184274590936543E+001  0.672617207693020E+002  0.994526503405326E+002 -0.102310633142203E+001 -0.161878764629364E-003  0.286959111690521E-004  0.111258402466774E-002
  0.100000000000000E+001  0.491263053283499E+009  0.131277980932909E+002  0.193582943123315E+001  0.603476688182571E+002  0.598884339310948E+002 -0.589182236785759E+001  0.760816037654877E-004  0.575836747884750E-003  0.295406848192215E+000
  0.100000000000000E+001  0.738708664493420E+006  0.148467299314726E+002  0.173423305206668E+001  0.393623709502616E+002  0.754521706671162E+002 -0.368601378765909E+001  0.492680817842484E-003  0.658575892448425E-001  0.545271277427673E+000
  0.100000000000000E+001  0.275181301468630E+007  0.833191709579931E+002  0.101417126187826E+001  0.409255635105211E+002  0.363438659829282E+002 -0.350656857657172E+001  0.211879611015320E-003  0.704009085893631E-003  0.873149186372757E-001
  0.100000000000000E+001 -0.935977557035819E+003  0.224378799400313E+002  0.113036636042690E+001  0.449288405772682E+002  0.430724201865051E+002 -0.175876883229067E+001  0.113437734544277E-001  0.298538327217102E+000  0.733312666416168E+000
  0.100000000000000E+001  0.310703808444090E+004  0.583121834939671E+002  0.135790046996554E+001  0.651697745736073E+002  0.166805992605266E+002 -0.213068897040354E+001 -0.283494591712952E-004  0.160221010446548E-003  0.151746049523354E-001
  0.100000000000000E+001  0.198444771669726E+004  0.477571422300315E+002  0.885118818573566E+000  0.412745086282705E+002  0.859839633601875E+002 -0.236476445461556E+001  0.326907932758331E-001  0.364956319332123E+000  0.759789645671844E+000
  0.100000000000000E+001 -0.515884347353439E+003  0.599070203733647E+002  0.183790157516131E+001  0.623650450641962E+002  0.208201316993234E+002 -0.184744661207099E+001 -0.190433114767075E-003 -0.474005937576294E-004  0.253647565841675E-003
  0.100000000000000E+001  0.172814229679751E+010  0.339908575594107E+002  0.183162130844282E+001  0.693032184032589E+002  0.251319070038127E+002 -0.589949574678051E+001 -0.143263489007950E-003  0.543743371963501E-004  0.216822326183319E-002
  0.100000000000000E+001  0.250457961534399E+005  0.209515366184807E+002  0.511609684274903E+000  0.949794604000157E+002  0.918559711914837E+002 -0.303972834593588E+001  0.796137809753418E+000  0.896985113620758E+000  0.966102242469788E+000
  0.100000000000000E+001  0.268723093975266E+005  0.489307522237004E+002  0.567715354717623E+000  0.335103438356807E+002  0.794855000088956E+002 -0.318221531762655E+001  0.279108107089996E+000  0.630114972591400E+000  0.835139572620392E+000
  0.100000000000000E+001  0.334506673116150E+008  0.743976763078453E+002  0.198315753931302E+001  0.145864983657420E+002  0.679580056201301E+002 -0.555181233974695E+001  0.831182673573494E-002  0.851776078343391E-001  0.270383208990097E+000
  0.100000000000000E+001 -0.115804311244239E+004  0.758507373754750E+002  0.166496941056105E+001  0.879285804115780E+002  0.722803392654046E+001 -0.162585102664135E+001 -0.293254852294922E-003 -0.141236931085587E-003  0.128034502267838E-003
  0.100000000000000E+001  0.438298742833582E+009  0.229310688957926E+002  0.177857003186577E+001  0.682450877552282E+002  0.731960766183161E+002 -0.485793998188317E+001 -0.397898256778717E-004  0.256545841693878E-003  0.132952407002449E+000
  0.100000000000000E+001  0.367336024608303E+007  0.812683469798756E+002  0.649893805454972E+000  0.210986364368253E+002  0.267348228393123E+002 -0.397483039077174E+001  0.787977129220963E-002  0.600423142313957E-001  0.291529893875122E+000
  0.100000000000000E+001  0.172871798536099E+010  0.952045655811073E+002  0.123301277325533E+001  0.514624257741736E+002  0.250637294526184E+002 -0.579601234788518E+001  0.319704413414001E-004  0.177476555109024E-003  0.283361226320267E-002
  0.100000000000000E+001  0.109588981169559E+010  0.746287882810728E+002  0.168871029151361E+001  0.518417785876293E+002  0.593231732052829E+002 -0.499901945989919E+001 -0.798776745796204E-004  0.909827649593353E-004  0.427056103944778E-003
  0.100000000000000E+001  0.359866722701759E+004  0.417972966198088E+002  0.971160734504831E+000  0.648567189848118E+002  0.361917000942714E+002 -0.215251370941552E+001  0.221673399209976E-003  0.881061702966690E-002  0.497225701808929E+000
  0.100000000000000E+001  0.637607817984290E+003  0.220150325761353E+002  0.785299209121493E+000  0.221697375362005E+002  0.570425375610534E+002 -0.265603122389366E+001  0.438821464776993E+000  0.694095909595490E+000  0.847916185855865E+000
  0.100000000000000E+001  0.107608837454917E+004  0.742037427714382E+002  0.109227988353372E+001  0.330443478899144E+002  0.929926666387704E+002 -0.207158777250164E+001  0.353683903813362E-002  0.832759737968445E-001  0.471307039260864E+000
  0.100000000000000E+001  0.185658554998085E+008  0.164553504090418E+002  0.511919267172483E+000  0.347039487414642E+002  0.754874696000920E+002 -0.553222648586662E+001  0.795992076396942E+000  0.885485529899597E+000  0.941232562065125E+000
  0.100000000000000E+001  0.147822620664237E+008  0.589726748405920E+002  0.193206947125880E+001  0.273955159736446E+002  0.158546755461889E+002 -0.401601034567076E+001  0.263724476099014E-003  0.160142406821251E-002  0.704558938741684E-001
  0.100000000000000E+001  0.172028839168839E+008  0.351697547121541E+002  0.146569848498649E+001  0.662563301083772E+002  0.984332398867106E+002 -0.421798252673825E+001  0.133138149976730E-003  0.293287634849548E-002  0.405166596174240E+000
  0.100000000000000E+001  0.672533465387591E+005  0.196726750119492E+002  0.925361622124122E+000  0.447241769200192E+002  0.630844442401077E+002 -0.337708635921671E+001  0.236922174692154E+000  0.657501280307770E+000  0.845441877841949E+000
  0.100000000000000E+001 -0.111384533007553E+004  0.782081056605664E+002  0.968696142935643E+000  0.162385733744054E+002  0.854550939719273E+002 -0.147429414472293E+001  0.166189000010490E+000  0.368068367242813E+000  0.644936740398407E+000
  0.100000000000000E+001  0.126178618928720E+007  0.141542996104220E+002  0.174877148720692E+001  0.270513712297976E+002  0.582472171828572E+002 -0.525810897112764E+001  0.260825864970684E-001  0.208570837974548E+000  0.607666015625000E+000
  0.100000000000000E+001  0.178243691987931E+007  0.251498834085852E+002  0.135327990691822E+001  0.307681032299822E+002  0.583787969327576E+002 -0.507949173775885E+001  0.179464146494865E-001  0.204725056886673E+000  0.624331295490265E+000
  0.100000000000000E+001  0.842429079320569E+009  0.745184329585087E+002  0.944926616186953E+000  0.995522212033044E+002  0.642475792247258E+002 -0.553885049052806E+001 -0.163540244102478E-004  0.243689864873886E-003  0.207466199994087E+000
  0.100000000000000E+001 -0.107566166485144E+004  0.695899498686838E+002  0.124650233588897E+001  0.837301890881688E+002  0.825777505853203E+002 -0.154420814122664E+001 -0.491663813591003E-004  0.189565122127533E-003  0.744467675685883E-001
  0.100000000000000E+001  0.107556634682110E+007  0.514295245916172E+002  0.184793424462534E+001  0.675582201713811E+002  0.821804600126102E+002 -0.328233916025778E+001 -0.201791524887085E-003 -0.427626073360443E-004  0.340059399604797E-003
  0.100000000000000E+001  0.598137889826809E+006  0.317120646467785E+002  0.877417255931466E+000  0.145607050418175E+002  0.611900513489446E+002 -0.537736054788435E+001  0.419688344001770E+000  0.635566651821136E+000  0.801425039768219E+000
  0.100000000000000E+001  0.806013666886588E+009  0.538235122766520E+002  0.160388199274825E+001  0.436821529969769E+002  0.135466626824564E+002 -0.596855224829925E+001  0.925622880458832E-004  0.307675451040268E-003  0.291246324777603E-001
  0.100000000000000E+001  0.365117888627752E+009  0.978971557781672E+002  0.156185189303584E+001  0.748179438295855E+002  0.617466381279633E+002 -0.459024417122849E+001 -0.237315893173218E-003 -0.844001770019531E-004  0.187218189239502E-003
  0.100000000000000E+001  0.264195748694305E+008  0.956819238150039E+002  0.595081928654789E+000  0.360683311715979E+002  0.575906723375102E+002 -0.527740662631500E+001  0.524222850799561E-003  0.330157354474068E-001  0.368378341197968E+000
  0.100000000000000E+001 -0.107283827484833E+004  0.215075378714563E+002  0.190255910109989E+001  0.639499096579152E+002  0.318461873001237E+002 -0.152397308871620E+001 -0.595115125179291E-004  0.191975384950638E-003  0.432766228914261E-001
  0.100000000000000E+001  0.550601063069305E+007  0.171187328648833E+002  0.134390009865702E+001  0.916894432612473E+002  0.978847727809185E+002 -0.585657689974067E+001  0.211816653609276E-002  0.410892546176910E+000  0.828976213932037E+000
  0.100000000000000E+001  0.107538857918557E+008  0.157255928000320E+002  0.655669882527062E+000  0.922810375215109E+002  0.514067608803770E+002 -0.544723364221876E+001  0.611678183078766E+000  0.793951809406281E+000  0.899536550045013E+000
  0.100000000000000E+001  0.102458267758982E+005  0.983310261913288E+002  0.904431579943234E+000  0.491121867351291E+002  0.969683685758280E+001 -0.231826302133368E+001  0.124219805002213E-003  0.268694013357162E-003  0.959698110818863E-002
  0.100000000000000E+001 -0.114717432091000E+004  0.190039003673635E+002  0.110427025381967E+001  0.638941381714336E+002  0.832512503661486E+002 -0.199917180983093E+001  0.101885333657265E+000  0.609991014003754E+000  0.860008597373962E+000
  0.100000000000000E+001  0.230776709462634E+007  0.806349944395782E+002  0.144931422088585E+001  0.419766847203322E+002  0.460410292709590E+002 -0.345600943042775E+001  0.905394554138184E-004  0.295508652925491E-003  0.161708556115627E-001
  0.100000000000000E+001 -0.405389028276411E+003  0.562330542604367E+002  0.123324749881409E+001  0.920270591485578E+002  0.426197427863705E+002 -0.703239616414603E+000 -0.955313444137573E-004  0.122338533401489E-003  0.272997356951237E-001
  0.100000000000000E+001 -0.118301318844592E+004  0.903698166887464E+002  0.687124337245473E+000  0.112850647058181E+002  0.479224648495179E+002 -0.137343000621954E+001  0.176734611392021E+000  0.328754097223282E+000  0.538438320159912E+000
  0.100000000000000E+001  0.200859129456541E+007  0.190544296677236E+002  0.796118364276077E+000  0.128030381653002E+002  0.624927269331027E+002 -0.536651175734275E+001  0.642568707466125E+000  0.793547928333282E+000  0.885491371154785E+000
  0.100000000000000E+001  0.132445966679599E+007  0.412653264564145E+002  0.743472479160649E+000  0.327898902336459E+002  0.681688422754866E+002 -0.526265092348390E+001  0.112231761217117E+000  0.470788389444351E+000  0.773876786231995E+000
  0.100000000000000E+001  0.442397602082802E+006  0.533518770365625E+002  0.156578634909020E+001  0.269045743049111E+002  0.787707390269414E+002 -0.335311015742828E+001  0.333023443818092E-002  0.532979257404804E-001  0.307301849126816E+000
  0.100000000000000E+001 -0.765593786788728E+003  0.357901832769126E+002  0.111719811829646E+001  0.572879543429918E+002  0.697599184310858E+002 -0.105463498294911E+001  0.391282141208649E-003  0.827108845114708E-001  0.634849846363068E+000
  0.100000000000000E+001  0.818426022221083E+005  0.995092019460146E+002  0.100614324241862E+001  0.931816327005274E+002  0.239504471396452E+002 -0.272676618280544E+001 -0.154834240674973E-003  0.167302787303925E-004  0.328633934259415E-003
  0.100000000000000E+001  0.104471537470619E+007  0.753879668207778E+002  0.112179893042440E+001  0.977018403174311E+002  0.908246761879103E+002 -0.331336319504120E+001 -0.164620578289032E-004  0.277515500783920E-003  0.254117310047150E+000
  0.100000000000000E+001  0.326717281250980E+009  0.208374600595846E+002  0.161563583402400E+001  0.799599888760058E+002  0.224440051859391E+002 -0.516989721478927E+001  0.157095491886139E-004  0.376388430595398E-003  0.339485079050064E+000
  0.100000000000000E+001  0.185399085587869E+005  0.891588956908361E+002  0.963540359691661E+000  0.997686957285308E+002  0.415223070823999E+002 -0.242773536729993E+001 -0.124383717775345E-003  0.723376870155334E-004  0.145885720849037E-002
  0.100000000000000E+001 -0.761930122658449E+003  0.269370618681185E+002  0.160960509675091E+001  0.512427659080007E+002  0.555659444927343E+001 -0.103530037871787E+001  0.178940594196320E-003  0.160552561283112E-002  0.241636186838150E+000
  0.100000000000000E+001  0.164033413655356E+005  0.580381969200737E+002  0.958002660309606E+000  0.949625005734212E+002  0.441124046584454E+002 -0.240892946097954E+001  0.579282641410828E-005  0.272680073976517E-003  0.235267996788025E+000
  0.100000000000000E+001 -0.650359039772184E+001  0.179885940157951E+002  0.685485413234225E+000  0.565367146555504E+002  0.678927702674441E+002 -0.257238875084833E+001  0.620256662368774E+000  0.809073507785797E+000  0.903105020523071E+000
  0.100000000000000E+001 -0.909353291854515E+003  0.264106302860776E+002  0.145435070031525E+001  0.762792655016837E+002  0.796121038181630E+002 -0.131313320912810E+001  0.981390476226807E-004  0.298197939991951E-002  0.509151399135590E+000
  0.100000000000000E+001  0.175464684749890E+006  0.142926034452960E+002  0.187943815217532E+001  0.321084516503736E+002  0.156406902450660E+002 -0.327377493151900E+001  0.195704773068428E-002  0.695463269948959E-001  0.432649850845337E+000
  0.100000000000000E+001  0.625864047877791E+008  0.626623682396749E+002  0.619635222475742E+000  0.433250006313457E+002  0.420734245252964E+002 -0.501409010057966E+001  0.437881797552109E-003  0.344278812408447E-001  0.431264072656631E+000
  0.100000000000000E+001 -0.103820710591606E+004  0.580089629520279E+002  0.189264486845720E+001  0.422283755024305E+002  0.887277633274153E+002 -0.168126520877014E+001  0.553317368030548E-004  0.248622149229050E-003  0.850448757410049E-002
  0.100000000000000E+001 -0.110262915652636E+004  0.920657155630137E+002  0.120199258992266E+001  0.550702308516266E+002  0.564047260757794E+002 -0.129928259087276E+001  0.286996364593506E-004  0.216465443372726E-003  0.146170221269131E-001
  0.100000000000000E+001 -0.120923035773939E+004  0.867205049743673E+002  0.134687242934495E+001  0.783170945881434E+002  0.320001186699969E+002 -0.143538453064132E+001 -0.173930078744888E-003 -0.212863087654114E-004  0.301744788885117E-003
  0.100000000000000E+001  0.182923876065803E+007  0.938102574613042E+002  0.176277374601059E+001  0.944404525172859E+002  0.804180864055874E+002 -0.339293808038243E+001 -0.405538827180862E-003 -0.238422304391861E-003 -0.335276126861572E-007
  0.100000000000000E+001 -0.673311462749212E+003  0.682532600855652E+002  0.115219848371199E+001  0.360415874938619E+002  0.705832396068261E+002 -0.946829635062220E+000  0.429730862379074E-003  0.217238217592239E-001  0.289736419916153E+000
  0.100000000000000E+001  0.381224791587802E+006  0.352277829972375E+002  0.150924022859174E+001  0.888752655475830E+002  0.878591684900172E+002 -0.308736423226744E+001 -0.550225377082825E-004  0.258300453424454E-003  0.235352784395218E+000
  0.100000000000000E+001  0.699379633464584E+007  0.589747971574592E+002  0.102808401918592E+001  0.701215173282987E+002  0.597443160825489E+002 -0.377701637311059E+001  0.112000852823257E-003  0.435814261436462E-003  0.302514404058456E+000
  0.100000000000000E+001  0.230114721014348E+009  0.773152456138733E+002  0.798661311857188E+000  0.497518791954501E+002  0.233155078065372E+002 -0.452304093090893E+001  0.181932002305984E-003  0.389635562896729E-003  0.768838450312614E-001
  0.100000000000000E+001  0.147783032114582E+010  0.379414234464813E+002  0.180855646019642E+001  0.576744978085031E+002  0.465120237039645E+002 -0.528592224416496E+001 -0.778660178184509E-004  0.124126672744751E-003  0.443974137306213E-002
  0.100000000000000E+001 -0.640140163576975E+003  0.195822984065774E+002  0.108119823150037E+001  0.846535311064426E+002  0.397252900063910E+002 -0.198190021486495E+001  0.363308936357498E-002  0.423483699560165E+000  0.779451549053192E+000
  0.100000000000000E+001  0.130576317195997E+005  0.174726220156837E+002  0.112698917412239E+001  0.648104597698982E+002  0.113427795279259E+002 -0.266332900962494E+001  0.150706581771374E-001  0.456600069999695E+000  0.783717930316925E+000
  0.100000000000000E+001  0.277370746752050E+006  0.521763363735275E+002  0.119512273707472E+001  0.133240507485953E+002  0.790473019934278E+002 -0.470282503877693E+001  0.240524694323540E+000  0.440785109996796E+000  0.672643303871155E+000
  0.100000000000000E+001  0.171003513421416E+006  0.340492064025559E+002  0.593037378351756E+000  0.244479995175905E+002  0.282292805872586E+002 -0.357695052386534E+001  0.134232610464096E+000  0.396867930889130E+000  0.652711987495422E+000
  0.100000000000000E+001  0.407986129321844E+006  0.282477258305137E+002  0.167022245878296E+001  0.551151284126881E+002  0.132532096310335E+002 -0.308677392816161E+001  0.908486545085907E-004  0.370513647794724E-003  0.132625982165337E+000
  0.100000000000000E+001  0.180018922728647E+007  0.325036848810580E+002  0.127377532273599E+001  0.819668047968933E+002  0.319353772983276E+002 -0.345183228539481E+001  0.713318586349487E-004  0.464260578155518E-003  0.402008622884750E+000
  0.100000000000000E+001 -0.677290517120563E+003  0.302830721409344E+002  0.759772356221062E+000  0.523272083850479E+002  0.493740289714351E+002 -0.915861807471830E+000  0.363636463880539E-001  0.456380546092987E+000  0.763656675815582E+000
  0.100000000000000E+001 -0.122115582250562E+004  0.689412278560822E+002  0.521007168944442E+000  0.119325486535745E+002  0.542291497819414E+002 -0.186664976460514E+001  0.274929076433182E+000  0.467384278774261E+000  0.665104925632477E+000
  0.100000000000000E+001  0.255039445430047E+005  0.147107014715757E+002  0.186011734785607E+001  0.355565059738785E+002  0.708900288429944E+002 -0.261972374590345E+001  0.516261905431747E-003  0.506800562143326E-001  0.452125847339630E+000
  0.100000000000000E+001 -0.876504418772237E+003  0.246708504039416E+002  0.131247458887130E+001  0.528287203685032E+002  0.723454073030834E+002 -0.123318011854226E+001  0.459566712379456E-003  0.115608319640160E+000  0.670463204383850E+000
  0.100000000000000E+001  0.533295007402417E+008  0.340108948258915E+002  0.115952382241230E+001  0.907300060611822E+002  0.701700015679001E+002 -0.593236524822573E+001  0.147216022014618E-003  0.121707953512669E-001  0.629415690898895E+000
  0.100000000000000E+001  0.671247325504935E+008  0.635106345646663E+002  0.119529305029127E+001  0.482731793124942E+002  0.649251393661296E+002 -0.441261479009413E+001  0.202961266040802E-003  0.134487822651863E-002  0.185097575187683E+000
  0.100000000000000E+001 -0.479024134889471E+003  0.612416189128833E+002  0.944828890751388E+000  0.688867078511066E+002  0.918907743504909E+002 -0.787559121297174E+000  0.307038426399231E-003  0.853998363018036E-001  0.655744135379791E+000
  0.100000000000000E+001  0.111891132705610E+008  0.893512012447531E+002  0.115435080896358E+001  0.237176423476083E+002  0.385379113820832E+002 -0.419998196025902E+001  0.127492100000381E-002  0.187079682946205E-001  0.185112774372101E+000
  0.100000000000000E+001  0.916889886874371E+008  0.891578432656094E+002  0.146468032198019E+001  0.955025221147379E+002  0.776596509578652E+001 -0.425355104364136E+001 -0.280145555734634E-003 -0.123448669910431E-003  0.142935663461685E-003
  0.100000000000000E+001  0.560122871241506E+007  0.546851249422477E+002  0.948526269737447E+000  0.669785660577383E+002  0.910207463567830E+002 -0.590247696262133E+001  0.387545675039291E-003  0.155118435621262E+000  0.695834636688232E+000
  0.100000000000000E+001 -0.907458824783272E+003  0.572554378220583E+002  0.165177458772432E+001  0.573247443177739E+002  0.634450579992416E+001 -0.109113752700565E+001 -0.573508441448212E-004  0.108946114778519E-003  0.198628753423691E-002
  0.100000000000000E+001  0.682984737581829E+007  0.273319263288671E+002  0.121093604972435E+001  0.723091235777149E+002  0.132972738340265E+002 -0.402915659289456E+001  0.224281102418900E-003  0.188877321779728E-001  0.592696130275726E+000
  0.100000000000000E+001  0.923742754696141E+004  0.936436947777355E+002  0.169996386483355E+001  0.329010431222848E+002  0.919142833892676E+002 -0.230871891154835E+001  0.175591558218002E-003  0.416994094848633E-003  0.355489067733288E-001
  0.100000000000000E+001  0.566958149309742E+003  0.655565566828656E+002  0.187760633572627E+001  0.705056238804352E+002  0.256232059804781E+002 -0.198086241699290E+001 -0.278506428003311E-003 -0.145070254802704E-003  0.124435871839523E-003
  0.100000000000000E+001 -0.587236284064499E+003  0.566583263523787E+002  0.185618682392662E+001  0.594655492538866E+002  0.837981279284729E+002 -0.835415275011861E+000 -0.145256519317627E-003  0.101439654827118E-004  0.363301485776901E-003
  0.100000000000000E+001  0.419445391073714E+007  0.390877063752445E+002  0.188236261180849E+001  0.472783513839845E+002  0.343886977453943E+002 -0.358586743182114E+001 -0.444427132606506E-005  0.205293297767639E-003  0.878532603383064E-002
  0.100000000000000E+001  0.321516650153823E+006  0.603482998338623E+002  0.140969722661273E+001  0.926543236105459E+002  0.639440669460315E+002 -0.302432053915698E+001 -0.181037932634354E-003  0.223331153392792E-004  0.243335962295532E-002
  0.100000000000000E+001  0.222218792320163E+004  0.544683300291537E+002  0.182864812548753E+001  0.988815226864258E+002  0.884802614802327E+002 -0.208932125471938E+001 -0.363182276487350E-003 -0.165447592735291E-003  0.187709927558899E-003
  0.100000000000000E+001  0.150834726629507E+005  0.570945724740871E+002  0.530867549421998E+000  0.308967704622414E+002  0.992981014359299E+002 -0.309485186497940E+001  0.426454901695251E+000  0.720151782035828E+000  0.878902375698090E+000
  0.100000000000000E+001  0.804401442943273E+004  0.370150435002349E+002  0.120195388090964E+001  0.207257212680687E+002  0.238086846122979E+002 -0.248995648388299E+001  0.549181215465069E-001  0.243289977312088E+000  0.559719979763031E+000
  0.100000000000000E+001  0.178543898745723E+010  0.617509692618170E+002  0.144056744822480E+001  0.852553961076917E+002  0.209872145966937E+002 -0.591079163855190E+001 -0.163305550813675E-003  0.609830021858215E-005  0.440169125795364E-003
  0.100000000000000E+001  0.357324314723404E+007  0.596449026427297E+002  0.602814221013091E+000  0.372127145008463E+002  0.171492996406924E+002 -0.374443165870806E+001  0.413060188293457E-003  0.126341842114925E-001  0.226667493581772E+000
  0.100000000000000E+001  0.115159651602915E+006  0.380942791995256E+002  0.158547010043040E+001  0.203572870401486E+002  0.925477803252120E+002 -0.352074094217783E+001  0.999574214220047E-001  0.310089290142059E+000  0.591409564018250E+000
  0.100000000000000E+001  0.296375287958972E+007  0.494466734728759E+002  0.126749567377635E+001  0.327346534525215E+002  0.167687544384497E+002 -0.381164773552558E+001  0.393711030483246E-003  0.182598046958447E-001  0.280499845743179E+000
  0.100000000000000E+001  0.855728190577603E+008  0.589244015471198E+002  0.179978853465447E+001  0.751168389065557E+002  0.537912023780723E+002 -0.423890128256415E+001 -0.275179743766785E-003 -0.128302723169327E-003  0.188250094652176E-003
