  0.257937103047862E+002  0.699726724859530E+000  0.216957187634570E+002  0.897318980523469E+002 -0.213600457024449E+001  0.649596691131592E+000  0.822718679904938E+000  0.913944184780121E+000  0.991921335522373E+003
  0.234912204467114E+002  0.747245959430377E+000  0.210681554058341E+002  0.824558403856411E+002 -0.212451020260935E+001  0.609238862991333E+000  0.803258478641510E+000  0.903594851493835E+000  0.990922254054255E+003
  0.192590494995522E+002  0.797452157802249E+000  0.216450952682240E+002  0.834919427652617E+002 -0.209609691966941E+001  0.638884365558624E+000  0.826370656490326E+000  0.914141833782196E+000  0.992189199910935E+003
  0.192341217977279E+002  0.801098016174977E+000  0.209168837702390E+002  0.821921851886826E+002 -0.211932664789884E+001  0.635796010494232E+000  0.822559535503387E+000  0.911662042140961E+000  0.991227450548780E+003
  0.194933164215120E+002  0.801375107093248E+000  0.206193109947735E+002  0.808566196959831E+002 -0.209108880699509E+001  0.626549184322357E+000  0.816234529018402E+000  0.908418595790863E+000  0.991110100451513E+003
  0.238529943380312E+002  0.726832269492278E+000  0.218456187187417E+002  0.866545613986619E+002 -0.212525272555616E+001  0.637449860572815E+000  0.819996535778046E+000  0.912109911441803E+000  0.992653728881647E+003
  0.195140023322703E+002  0.805694985699160E+000  0.223122540805549E+002  0.889353119777364E+002 -0.213368887907796E+001  0.654974400997162E+000  0.837463319301605E+000  0.921644032001495E+000  0.991285840135402E+003
  0.177578258327795E+002  0.817720143384768E+000  0.234025741020243E+002  0.821831420985486E+002 -0.211621688177167E+001  0.632117450237274E+000  0.825653195381165E+000  0.914099395275116E+000  0.990888613924713E+003
  0.198595325715037E+002  0.863583810360441E+000  0.204179666045607E+002  0.913260410227595E+002 -0.211833213947274E+001  0.631950795650482E+000  0.827408850193024E+000  0.917790949344635E+000  0.991075735564533E+003
  0.234539663275918E+002  0.787576621630966E+000  0.197912176202780E+002  0.908381117371448E+002 -0.209533474430460E+001  0.643245995044708E+000  0.821767508983612E+000  0.913960039615631E+000  0.990881688722640E+003
  0.213655584856281E+002  0.753142631527563E+000  0.211557695618569E+002  0.813560116785703E+002 -0.208333292936814E+001  0.627332031726837E+000  0.816267073154449E+000  0.908548295497894E+000  0.991309222863429E+003
  0.198677407249970E+002  0.791468775667875E+000  0.209343893143435E+002  0.771098462431423E+002 -0.212112780677237E+001  0.601648747920990E+000  0.802503883838654E+000  0.901605188846588E+000  0.991825984548939E+003
  0.211797599955954E+002  0.752582730177221E+000  0.230748880703489E+002  0.851882264999111E+002 -0.212744063315786E+001  0.641756772994995E+000  0.828297197818756E+000  0.915559828281403E+000  0.991836868968797E+003
  0.274219804109889E+002  0.687679729980430E+000  0.199204590584233E+002  0.915658271682240E+002 -0.212581225628084E+001  0.664132416248322E+000  0.825851023197174E+000  0.913302123546600E+000  0.991908283037376E+003
  0.236245032614324E+002  0.677665890684413E+000  0.221361644902777E+002  0.811881906021311E+002 -0.211916434523135E+001  0.642951428890228E+000  0.819742500782013E+000  0.908859312534332E+000  0.991777995993989E+003
  0.183708137861057E+002  0.873508127182885E+000  0.206665446966921E+002  0.826160752437452E+002 -0.211154390855152E+001  0.598140776157379E+000  0.808001220226288E+000  0.906329393386841E+000  0.991093945656107E+003
  0.207305634403575E+002  0.845587317437066E+000  0.202392864563020E+002  0.885158909862073E+002 -0.213196649392622E+001  0.618283271789551E+000  0.817193329334259E+000  0.912063717842102E+000  0.991139562677446E+003
  0.221187658758894E+002  0.773574431847867E+000  0.220313174851310E+002  0.918145794888129E+002 -0.212218943510685E+001  0.653214454650879E+000  0.836209475994110E+000  0.921604990959167E+000  0.991925789615136E+003
  0.280555036443748E+002  0.623746871685182E+000  0.224863439471573E+002  0.928289304502485E+002 -0.212579460485657E+001  0.683581769466400E+000  0.840833485126495E+000  0.920381844043732E+000  0.990878517083667E+003
  0.266066401396618E+002  0.642558151280025E+000  0.225427933797474E+002  0.882419570678692E+002 -0.214105418582608E+001  0.664127647876740E+000  0.829248726367950E+000  0.914934933185577E+000  0.991028022999331E+003
  0.179676682360212E+002  0.826075854216363E+000  0.220249150979393E+002  0.803306704398206E+002 -0.212027939105585E+001  0.618465125560760E+000  0.817223012447357E+000  0.909382641315460E+000  0.992603628244962E+003
  0.277054342649981E+002  0.647554695313441E+000  0.211744725837660E+002  0.880655330509015E+002 -0.209343233646306E+001  0.655733168125153E+000  0.821553826332092E+000  0.910425007343292E+000  0.991590946920951E+003
  0.214443340854875E+002  0.813947689471437E+000  0.212199326752680E+002  0.946601667574274E+002 -0.211849316655254E+001  0.655065953731537E+000  0.839695632457733E+000  0.924164295196533E+000  0.990764549033349E+003
  0.314346584685879E+002  0.602740509799276E+000  0.198197094393239E+002  0.898401377923171E+002 -0.211503144730657E+001  0.660588979721069E+000  0.820136845111847E+000  0.907720148563385E+000  0.991398452825256E+003
  0.198355153390336E+002  0.793929594205707E+000  0.219277850740888E+002  0.783863913248013E+002 -0.210726523889918E+001  0.599405229091644E+000  0.804692029953003E+000  0.903371453285217E+000  0.991774789891296E+003
  0.269111525967177E+002  0.628259660352670E+000  0.211412240521292E+002  0.853620569399064E+002 -0.211870483130161E+001  0.661731183528900E+000  0.823636770248413E+000  0.910722613334656E+000  0.990852477851845E+003
  0.304240360609031E+002  0.578162275907905E+000  0.212872862104760E+002  0.910505802949636E+002 -0.209783182868089E+001  0.678835272789001E+000  0.835292160511017E+000  0.915059924125671E+000  0.990852969517667E+003
  0.290760297331700E+002  0.664047730521273E+000  0.198445884262904E+002  0.951195258469806E+002 -0.211380336024601E+001  0.678743720054626E+000  0.834180414676666E+000  0.916793227195740E+000  0.991494835524080E+003
  0.152660205223227E+002  0.930423111559149E+000  0.212545235788670E+002  0.849813160310360E+002 -0.213671038228690E+001  0.628070890903473E+000  0.825096666812897E+000  0.915050089359283E+000  0.990801972696816E+003
  0.227390534620132E+002  0.723914951762996E+000  0.229656571179886E+002  0.867301380126750E+002 -0.210285931180521E+001  0.647665321826935E+000  0.829747915267944E+000  0.916312873363495E+000  0.991477465142249E+003
  0.207936176065266E+002  0.760461277033235E+000  0.212374430647062E+002  0.768530284746296E+002 -0.211376161503675E+001  0.605473995208740E+000  0.803062736988068E+000  0.901576340198517E+000  0.991885348924882E+003
  0.194117345539491E+002  0.789573968695862E+000  0.211879682191262E+002  0.744449125164010E+002 -0.209587730078320E+001  0.593790769577026E+000  0.797319471836090E+000  0.898907959461212E+000  0.991049489414761E+003
  0.221807807734598E+002  0.735749271276094E+000  0.224981214191755E+002  0.813303956283907E+002 -0.209018524484170E+001  0.619075357913971E+000  0.812777698040009E+000  0.907279193401337E+000  0.990917389284440E+003
  0.205154576188381E+002  0.794266768007670E+000  0.217289826894675E+002  0.907107286727432E+002 -0.212475402234830E+001  0.659240484237671E+000  0.839408814907074E+000  0.922838330268860E+000  0.991189355351465E+003
  0.172715548889616E+002  0.868810972970359E+000  0.211231328159108E+002  0.860967170048378E+002 -0.210105840620948E+001  0.637490212917328E+000  0.829888164997101E+000  0.916883945465088E+000  0.992186273370899E+003
  0.210270404777456E+002  0.823435027812162E+000  0.199515895722053E+002  0.905642097607414E+002 -0.212450947284525E+001  0.645504534244537E+000  0.829578340053558E+000  0.917535006999969E+000  0.991440689095810E+003
  0.235237013412293E+002  0.743669268714020E+000  0.205266807531154E+002  0.849987797319162E+002 -0.208470363052434E+001  0.632975876331329E+000  0.814037382602692E+000  0.908647239208221E+000  0.991608661812939E+003
  0.167659473315090E+002  0.844572382516028E+000  0.214860315749482E+002  0.777912143979513E+002 -0.212099631782687E+001  0.619253337383270E+000  0.814036846160889E+000  0.907188177108765E+000  0.991707155532580E+003
  0.251886827048148E+002  0.727483639236891E+000  0.214613538457660E+002  0.940840395689158E+002 -0.209806390604599E+001  0.662734389305115E+000  0.833489835262299E+000  0.920665681362152E+000  0.990969199342431E+003
  0.195057212197926E+002  0.835769572762987E+000  0.211240599780599E+002  0.844072524079032E+002 -0.210199930733396E+001  0.612672388553619E+000  0.816181421279907E+000  0.910148024559021E+000  0.992018848142692E+003
  0.168154841249805E+002  0.914087934826928E+000  0.205033593191331E+002  0.909717808961368E+002 -0.212108727930078E+001  0.644136369228363E+000  0.834390819072723E+000  0.921539247035980E+000  0.991028278307679E+003
  0.227892151255125E+002  0.741163707157058E+000  0.219628078658049E+002  0.821271458021819E+002 -0.211666217283418E+001  0.614914536476135E+000  0.808846056461334E+000  0.906020224094391E+000  0.991660012441798E+003
  0.229284730327754E+002  0.736950403005121E+000  0.219851041452396E+002  0.874993240043299E+002 -0.213382997300049E+001  0.645763814449310E+000  0.827113091945648E+000  0.915694296360016E+000  0.992818219246001E+003
  0.187464897820032E+002  0.842783060893126E+000  0.222245569350636E+002  0.894009250029987E+002 -0.214287216296430E+001  0.640863597393036E+000  0.834443986415863E+000  0.920496523380280E+000  0.991143078443283E+003
  0.185866814782684E+002  0.804371783727670E+000  0.229515258670684E+002  0.826512612533021E+002 -0.210949916239091E+001  0.632947981357574E+000  0.825089752674103E+000  0.913804113864899E+000  0.991932727517667E+003
  0.177582260656132E+002  0.863040399797744E+000  0.210825639492226E+002  0.818878981818970E+002 -0.213224400927392E+001  0.609210491180420E+000  0.813940882682800E+000  0.908437788486481E+000  0.992458669403987E+003
  0.310714487115073E+002  0.618091592698169E+000  0.198729836369295E+002  0.940211550115160E+002 -0.210621430619828E+001  0.677390038967133E+000  0.831931114196777E+000  0.914460599422455E+000  0.991351693436857E+003
  0.213651674562182E+002  0.742160374234551E+000  0.220268338487954E+002  0.763687498136577E+002 -0.210349726010626E+001  0.601800680160522E+000  0.801074922084808E+000  0.900615394115448E+000  0.991417206621721E+003
  0.339016015544416E+002  0.539513025448854E+000  0.206464940636330E+002  0.919336200061041E+002 -0.211184517390416E+001  0.672172844409943E+000  0.828646004199982E+000  0.911954283714294E+000  0.991293544162852E+003
  0.282101115194613E+002  0.625901026789102E+000  0.216507688197334E+002  0.900689399352590E+002 -0.214158593128253E+001  0.669696211814880E+000  0.831209123134613E+000  0.914679706096649E+000  0.991396427908790E+003
  0.295101046969050E+002  0.608878788046980E+000  0.203849728232503E+002  0.866061244850214E+002 -0.211591591914431E+001  0.654906392097473E+000  0.818118810653687E+000  0.906323492527008E+000  0.991551830126463E+003
  0.251791630452151E+002  0.699850820456720E+000  0.223631619553033E+002  0.925642139150773E+002 -0.211074782783890E+001  0.668848454952240E+000  0.836194336414337E+000  0.921089112758636E+000  0.991396109094626E+003
  0.178396055075274E+002  0.843989966575975E+000  0.216113210919948E+002  0.847437567462796E+002 -0.209449644707459E+001  0.633642971515656E+000  0.827740848064423E+000  0.915492355823517E+000  0.992301085550774E+003
  0.311304696799681E+002  0.632426298558050E+000  0.191915896607554E+002  0.915489937347718E+002 -0.212926888069184E+001  0.664253354072571E+000  0.821301281452179E+000  0.908494353294373E+000  0.991193962618558E+003
  0.274991815663416E+002  0.704488728257800E+000  0.188452130173549E+002  0.903092972561873E+002 -0.211769837924819E+001  0.658873140811920E+000  0.819750487804413E+000  0.909039676189423E+000  0.990930238167083E+003
  0.273530499681283E+002  0.680329211730867E+000  0.198582194808737E+002  0.857943407875468E+002 -0.214211075895881E+001  0.641021549701691E+000  0.809505403041840E+000  0.904025852680206E+000  0.990788953480732E+003
  0.339820971451381E+002  0.554631717272529E+000  0.202675722727119E+002  0.931109187228717E+002 -0.212250198948634E+001  0.672338485717773E+000  0.828402817249298E+000  0.912768661975861E+000  0.991326073565845E+003
  0.196005556462338E+002  0.836898662776403E+000  0.210561031651816E+002  0.866933016424597E+002 -0.208406378820800E+001  0.624159216880798E+000  0.822826385498047E+000  0.913737595081329E+000  0.990912268741762E+003
  0.211399503713212E+002  0.783023440127076E+000  0.205729827528140E+002  0.869540381696314E+002 -0.210014437841653E+001  0.645790278911591E+000  0.828387975692749E+000  0.915713548660278E+000  0.991163327839768E+003
  0.189936984070874E+002  0.855154436853628E+000  0.211829164495076E+002  0.900764418936481E+002 -0.214667209080208E+001  0.638551890850067E+000  0.832712471485138E+000  0.919524490833282E+000  0.991134715113976E+003
  0.320823006664751E+002  0.607171716750676E+000  0.192698749708679E+002  0.930652461771018E+002 -0.211008911723572E+001  0.674626469612122E+000  0.827726244926453E+000  0.911746382713318E+000  0.991022274560887E+003
  0.214676908411579E+002  0.766460934048193E+000  0.220404091744714E+002  0.886230721783548E+002 -0.211551427707877E+001  0.650591790676117E+000  0.833490371704102E+000  0.919176280498505E+000  0.992524103024482E+003
  0.208868301871566E+002  0.794479612564408E+000  0.212277469299066E+002  0.849385314506721E+002 -0.215801343886191E+001  0.622147202491760E+000  0.819230496883392E+000  0.911391615867615E+000  0.990908235871724E+003
  0.209687086790548E+002  0.756621678559740E+000  0.213407421322916E+002  0.752759150334435E+002 -0.209276256663542E+001  0.594231188297272E+000  0.796945214271545E+000  0.898597896099091E+000  0.990751461420201E+003
  0.240764976737917E+002  0.742441079599144E+000  0.205937843890493E+002  0.874865280475529E+002 -0.208647912122640E+001  0.639267385005951E+000  0.818042516708374E+000  0.911258518695831E+000  0.991567725766635E+003
  0.311336575855452E+002  0.632442243345019E+000  0.195628479795710E+002  0.925101156519894E+002 -0.213344024423556E+001  0.665038883686066E+000  0.823458254337311E+000  0.910098612308502E+000  0.991354831733054E+003
  0.230360599921008E+002  0.740842445138864E+000  0.224540149678862E+002  0.919158936372284E+002 -0.213627095629088E+001  0.663326919078827E+000  0.838266015052795E+000  0.922519028186798E+000  0.991206660830754E+003
  0.306835062076824E+002  0.605442841694318E+000  0.206562096567702E+002  0.921322628059452E+002 -0.210164458649746E+001  0.670453071594238E+000  0.830178737640381E+000  0.913066148757935E+000  0.991640328707583E+003
  0.204204103213518E+002  0.843876787830989E+000  0.193682135140519E+002  0.883531830121586E+002 -0.212777842165784E+001  0.634074985980988E+000  0.821968793869019E+000  0.913390338420868E+000  0.991009969503078E+003
  0.221757363945654E+002  0.709289696825882E+000  0.221031255555723E+002  0.784235045533978E+002 -0.209101687582104E+001  0.626638293266296E+000  0.812216818332672E+000  0.905316054821014E+000  0.991427301842627E+003
  0.306181098062689E+002  0.575306735368077E+000  0.222496733367511E+002  0.900454248252168E+002 -0.211160278969381E+001  0.667548000812531E+000  0.831109404563904E+000  0.912750184535980E+000  0.990823476522952E+003
  0.179381156134491E+002  0.901981343638442E+000  0.198462053799423E+002  0.864619761798865E+002 -0.212628629300137E+001  0.615242540836334E+000  0.815863728523254E+000  0.911373913288116E+000  0.991621358096008E+003
  0.162562076363273E+002  0.893233562421740E+000  0.216775152293639E+002  0.881022752058872E+002 -0.213943022396772E+001  0.643129348754883E+000  0.835521936416626E+000  0.920786201953888E+000  0.990795413910805E+003
  0.220484705958967E+002  0.762323129973224E+000  0.223399283183451E+002  0.853995789217019E+002 -0.213599191196192E+001  0.623664081096649E+000  0.819104909896851E+000  0.911795616149902E+000  0.991443005451498E+003
  0.226597671034453E+002  0.783085897019203E+000  0.197573504378576E+002  0.873235950743904E+002 -0.209770263648778E+001  0.638217151165009E+000  0.818181753158569E+000  0.911144077777863E+000  0.991417135264101E+003
  0.264435729540074E+002  0.641249202079749E+000  0.211452124383797E+002  0.839823264461254E+002 -0.210794177986608E+001  0.652595460414886E+000  0.818051159381866E+000  0.908361196517944E+000  0.991763279512629E+003
  0.223671917564733E+002  0.764663315189160E+000  0.220085362853525E+002  0.895044142568280E+002 -0.214166781428258E+001  0.643259704113007E+000  0.829726040363312E+000  0.917748034000397E+000  0.992168528469981E+003
  0.315592939231527E+002  0.611993211431569E+000  0.197117427829578E+002  0.918322817670256E+002 -0.212118199714442E+001  0.665967166423798E+000  0.823941349983215E+000  0.910059213638306E+000  0.991529212739506E+003
  0.270243983039041E+002  0.657626181636767E+000  0.215321289020455E+002  0.892321950181114E+002 -0.210127431601311E+001  0.661323606967926E+000  0.826030313968658E+000  0.913685441017151E+000  0.992074519636418E+003
  0.236975071480333E+002  0.735909415736146E+000  0.220535915319249E+002  0.887544713443157E+002 -0.213605303063732E+001  0.642422914505005E+000  0.825010240077972E+000  0.915273725986481E+000  0.992176151195601E+003
  0.207385003272133E+002  0.838534191501954E+000  0.206758888347286E+002  0.910028008520488E+002 -0.211148368796981E+001  0.631832718849182E+000  0.827080547809601E+000  0.917211353778839E+000  0.991276597832235E+003
  0.200979912505048E+002  0.787396079521812E+000  0.223437755133310E+002  0.850176167731347E+002 -0.208535261579642E+001  0.635674655437469E+000  0.826425969600677E+000  0.914937853813171E+000  0.991434486651814E+003
  0.203606252025816E+002  0.753610559640537E+000  0.227245112989487E+002  0.815511851817479E+002 -0.208880931085497E+001  0.636568844318390E+000  0.823272466659546E+000  0.911999881267548E+000  0.991368624644948E+003
  0.239835482626797E+002  0.769183119992687E+000  0.210061710516369E+002  0.942598480062359E+002 -0.210789681368708E+001  0.653184711933136E+000  0.832054316997528E+000  0.920138537883759E+000  0.991126919868428E+003
  0.242227578240505E+002  0.719905378090938E+000  0.224018928313454E+002  0.910531341616196E+002 -0.210254557967724E+001  0.658537447452545E+000  0.832874596118927E+000  0.919388413429260E+000  0.991289506774604E+003
  0.296629066758657E+002  0.638789087516803E+000  0.199992088295584E+002  0.872484414588882E+002 -0.210640028550352E+001  0.645208775997162E+000  0.811572611331940E+000  0.903419256210327E+000  0.990884376517041E+003
  0.206707585465258E+002  0.857669759470135E+000  0.196686122914295E+002  0.905409073355972E+002 -0.213659025268950E+001  0.628875553607941E+000  0.821412980556488E+000  0.914532780647278E+000  0.990931950710782E+003
  0.179733705916514E+002  0.893649470860776E+000  0.207741789448333E+002  0.869253679637696E+002 -0.213128471911229E+001  0.612780153751373E+000  0.818594038486481E+000  0.912786781787872E+000  0.990918880921536E+003
  0.210498043286637E+002  0.804514573576765E+000  0.217741466596846E+002  0.895944845514872E+002 -0.213916240004875E+001  0.632790267467499E+000  0.829088926315308E+000  0.917642951011658E+000  0.991863272562897E+003
  0.304581183971979E+002  0.573145822908939E+000  0.210439084691424E+002  0.855592782107866E+002 -0.213336709499488E+001  0.654941618442535E+000  0.818046092987061E+000  0.905516147613525E+000  0.990736064977300E+003
  0.231078148508716E+002  0.742798480751832E+000  0.218151198669225E+002  0.864045675416525E+002 -0.212805270055352E+001  0.634168207645416E+000  0.820526957511902E+000  0.912409842014313E+000  0.992755577420014E+003
  0.199180219316315E+002  0.802485426195862E+000  0.201750470239547E+002  0.817582222398651E+002 -0.211253219870243E+001  0.628094255924225E+000  0.816031992435455E+000  0.908485949039459E+000  0.990828775416048E+003
  0.205446069010814E+002  0.834541136098619E+000  0.198018075757982E+002  0.835113827953381E+002 -0.210362738199229E+001  0.606507718563080E+000  0.806665480136871E+000  0.905382573604584E+000  0.991196469461318E+003
  0.172178372025740E+002  0.839137811623875E+000  0.222052072251196E+002  0.754882117468782E+002 -0.211861594810243E+001  0.599553287029266E+000  0.802649438381195E+000  0.902219653129578E+000  0.990925090269680E+003
  0.182352849515140E+002  0.867948390727649E+000  0.200287399601261E+002  0.806491422784025E+002 -0.210811761167376E+001  0.604094564914703E+000  0.805628597736359E+000  0.904208362102509E+000  0.991728468192145E+003
  0.202234633970923E+002  0.798171841068649E+000  0.219090348533925E+002  0.907284358058374E+002 -0.211018982475641E+001  0.660502970218658E+000  0.840226471424103E+000  0.923361122608185E+000  0.991109817428600E+003
  0.249355099658077E+002  0.723192422115275E+000  0.211734483079492E+002  0.910828543870115E+002 -0.213856596932784E+001  0.654184758663177E+000  0.827690780162811E+000  0.916812121868134E+000  0.992438068184759E+003
  0.256517435880817E+002  0.728547234446380E+000  0.202560709306830E+002  0.906746385313949E+002 -0.214911517633997E+001  0.650089085102081E+000  0.821600019931793E+000  0.913100719451904E+000  0.991386360483848E+003
  0.208815866736019E+002  0.809785073083754E+000  0.220099633169379E+002  0.888916624617284E+002 -0.210687930085044E+001  0.625549137592316E+000  0.826181530952454E+000  0.916261136531830E+000  0.990747997449709E+003
  0.240559268376579E+002  0.721995409716160E+000  0.224635760125898E+002  0.882096958827547E+002 -0.213749011847993E+001  0.642570018768311E+000  0.824260413646698E+000  0.914596021175385E+000  0.991457453817005E+003
  0.258505543910928E+002  0.669895145895996E+000  0.223914909736810E+002  0.921047705282487E+002 -0.212752908151189E+001  0.678363382816315E+000  0.838872253894806E+000  0.921410501003265E+000  0.990981775793296E+003
  0.295380426267307E+002  0.663270552594227E+000  0.203303516376574E+002  0.931055434382687E+002 -0.211912181781671E+001  0.658566892147064E+000  0.824076950550079E+000  0.911564588546753E+000  0.991280072894691E+003
  0.311269960564188E+002  0.567228214813693E+000  0.212652789322499E+002  0.920882158593037E+002 -0.211645574779080E+001  0.682712078094482E+000  0.837480187416077E+000  0.916001617908478E+000  0.991030677989077E+003
  0.307963812991819E+002  0.592778634395065E+000  0.205127815008365E+002  0.888756943779882E+002 -0.212230430570555E+001  0.660621821880341E+000  0.822125852108002E+000  0.908350527286530E+000  0.991745637230251E+003
  0.275744579798976E+002  0.723092740482921E+000  0.192875467859224E+002  0.940341591853885E+002 -0.213908112258951E+001  0.659627258777618E+000  0.825167715549469E+000  0.913179755210876E+000  0.991063473151429E+003
  0.256728572614830E+002  0.704407441752687E+000  0.211881732339763E+002  0.856220538188295E+002 -0.213417328634603E+001  0.629392445087433E+000  0.809553205966949E+000  0.906537652015686E+000  0.991248005719654E+003
  0.205365971519174E+002  0.733050926138745E+000  0.220061895839160E+002  0.733792983900017E+002 -0.210370347873490E+001  0.604851901531219E+000  0.801326096057892E+000  0.899499535560608E+000  0.990981201263924E+003
  0.285791281818547E+002  0.608010757321376E+000  0.220289518231255E+002  0.903095146419034E+002 -0.210602706815045E+001  0.675252199172974E+000  0.834960997104645E+000  0.915999114513397E+000  0.991445312209915E+003
  0.284673766686751E+002  0.663464616247606E+000  0.200891586068833E+002  0.914825695077428E+002 -0.211115347814809E+001  0.665028274059296E+000  0.825665175914764E+000  0.912236034870148E+000  0.992021698422950E+003
  0.263201931246021E+002  0.632372207413967E+000  0.220414760733732E+002  0.820418163162850E+002 -0.209958770386470E+001  0.643402099609375E+000  0.814364373683929E+000  0.906119644641876E+000  0.991855692914490E+003
  0.225150834529326E+002  0.742247404981837E+000  0.221354086834090E+002  0.840128033556985E+002 -0.214077986046419E+001  0.627126395702362E+000  0.817143023014069E+000  0.910240828990936E+000  0.991936464169223E+003
  0.238652699334672E+002  0.763978834008346E+000  0.200172085046392E+002  0.897249889985009E+002 -0.209623914202995E+001  0.645885944366455E+000  0.821551263332367E+000  0.913433969020844E+000  0.991461315761966E+003
  0.236561376889692E+002  0.728355641212196E+000  0.212726156246803E+002  0.875537770784817E+002 -0.208943100895211E+001  0.647799968719482E+000  0.825087189674377E+000  0.914417743682861E+000  0.992104454627675E+003
  0.157077722061068E+002  0.904110922770873E+000  0.206260388051825E+002  0.822937614801258E+002 -0.213258187511365E+001  0.632303297519684E+000  0.822210669517517E+000  0.911620438098907E+000  0.991461101954175E+003
  0.147688260116104E+002  0.909430913503850E+000  0.206411511094918E+002  0.763728895769763E+002 -0.210830825136323E+001  0.632538318634033E+000  0.814617872238159E+000  0.906503736972809E+000  0.990827392536755E+003
  0.233552818643782E+002  0.731807683612877E+000  0.209222116115573E+002  0.827476218549071E+002 -0.213118113086032E+001  0.626259386539459E+000  0.810913443565369E+000  0.906499147415161E+000  0.992308120866770E+003
  0.225098520162447E+002  0.706338238674298E+000  0.224739571469569E+002  0.811536342002787E+002 -0.213518294574171E+001  0.636120617389679E+000  0.819428741931915E+000  0.909297525882721E+000  0.991637455580529E+003
  0.166315251973173E+002  0.830052489818305E+000  0.226200496696640E+002  0.790379298018987E+002 -0.211449018658841E+001  0.632621467113495E+000  0.822378933429718E+000  0.911308944225311E+000  0.990792708353238E+003
  0.179616096045205E+002  0.805933544869818E+000  0.212113889317399E+002  0.742807954140505E+002 -0.211364685263125E+001  0.610250473022461E+000  0.804463744163513E+000  0.901872217655182E+000  0.990898019637482E+003
  0.215349202023324E+002  0.747028940224084E+000  0.222948580261838E+002  0.869238058832659E+002 -0.212992228515278E+001  0.653458058834076E+000  0.832978129386902E+000  0.918305039405823E+000  0.991733679225861E+003
  0.213532643348174E+002  0.777035543780291E+000  0.218478524432909E+002  0.830850604290228E+002 -0.211846367435405E+001  0.612555265426636E+000  0.813303709030151E+000  0.908449947834015E+000  0.992294323494734E+003
  0.179365251740050E+002  0.853924305114012E+000  0.207547513102041E+002  0.856429048041830E+002 -0.211970229666801E+001  0.638975262641907E+000  0.828292012214661E+000  0.915710866451263E+000  0.992229849902328E+003
  0.319180936002886E+002  0.580929563378195E+000  0.207912061144268E+002  0.923873405827709E+002 -0.212921405271251E+001  0.671081066131592E+000  0.830252945423126E+000  0.913256347179413E+000  0.991912466982921E+003
  0.178179368957037E+002  0.854779278480124E+000  0.207287735552132E+002  0.851433201081946E+002 -0.212553342248265E+001  0.637978374958038E+000  0.827452957630157E+000  0.915145456790924E+000  0.991978546053342E+003
  0.179372182189149E+002  0.824056203702161E+000  0.229406344650863E+002  0.838066786813431E+002 -0.214020566239250E+001  0.635433375835419E+000  0.827754437923431E+000  0.915658533573151E+000  0.991039023860390E+003
  0.223450900114361E+002  0.739208079276903E+000  0.211495358951743E+002  0.836972944794818E+002 -0.210485277792257E+001  0.637412130832672E+000  0.820266783237457E+000  0.910913765430450E+000  0.992563396856818E+003
  0.253648329242319E+002  0.695205343292838E+000  0.212952000437748E+002  0.904274654290064E+002 -0.209868908700794E+001  0.663991868495941E+000  0.830405056476593E+000  0.917397677898407E+000  0.991682442470790E+003
  0.280783003043200E+002  0.629460304976088E+000  0.214505990941512E+002  0.909490464520510E+002 -0.210515854272029E+001  0.675124704837799E+000  0.833904802799225E+000  0.916371643543243E+000  0.991487368699614E+003
  0.290775421143876E+002  0.611265486196163E+000  0.210312643839382E+002  0.889290243599651E+002 -0.211952905438674E+001  0.666108131408691E+000  0.827006042003632E+000  0.911608159542084E+000  0.991952253150834E+003
  0.260217809414477E+002  0.651030424232798E+000  0.220780934269164E+002  0.828455547989714E+002 -0.209356059629555E+001  0.640124499797821E+000  0.813255369663239E+000  0.906406819820404E+000  0.991552183430081E+003
  0.221245459246910E+002  0.802769923865454E+000  0.198674694303088E+002  0.846973785932385E+002 -0.212725518769843E+001  0.614728927612305E+000  0.807175457477570E+000  0.905863344669342E+000  0.991403278401503E+003
  0.184765296073695E+002  0.879557856130297E+000  0.204172263669957E+002  0.902080084897036E+002 -0.210167540424106E+001  0.638239502906799E+000  0.830436766147614E+000  0.918700695037842E+000  0.991184694080537E+003
  0.226534243654757E+002  0.725858989327878E+000  0.215599474341513E+002  0.837503334146483E+002 -0.215089938036123E+001  0.640405356884003E+000  0.821334302425385E+000  0.911383450031281E+000  0.990857422419912E+003
  0.207442040712393E+002  0.802579756623788E+000  0.213036411491648E+002  0.874780250548426E+002 -0.208275033693744E+001  0.632235348224640E+000  0.826127946376801E+000  0.915363132953644E+000  0.991258361911872E+003
  0.222143083304437E+002  0.757321168368103E+000  0.209444522706740E+002  0.859890310100065E+002 -0.209403722860423E+001  0.640364885330200E+000  0.823611319065094E+000  0.913290202617645E+000  0.992265757795520E+003
  0.286738166836914E+002  0.670330134415316E+000  0.206832285139633E+002  0.936968907830271E+002 -0.213524966228033E+001  0.662975609302521E+000  0.828504979610443E+000  0.914580583572388E+000  0.991796161640105E+003
  0.154382356004722E+002  0.918998177019705E+000  0.207021573955864E+002  0.806888901299488E+002 -0.211451957712247E+001  0.622286319732666E+000  0.814787447452545E+000  0.908476710319519E+000  0.991933220383079E+003
  0.170097815422834E+002  0.868882913782487E+000  0.201798222644751E+002  0.780290615016027E+002 -0.210174437766976E+001  0.614486813545227E+000  0.806849658489227E+000  0.903955459594727E+000  0.991329445235340E+003
  0.304928209248194E+002  0.626309177376229E+000  0.209579389669270E+002  0.925068282663948E+002 -0.213365683342066E+001  0.660799682140350E+000  0.825877845287323E+000  0.911792337894440E+000  0.990839024777174E+003
  0.300018975794917E+002  0.554827371645376E+000  0.223943745749292E+002  0.871152097345588E+002 -0.211967293321196E+001  0.670131325721741E+000  0.830710172653198E+000  0.911310791969299E+000  0.990770709225970E+003
  0.167909885086689E+002  0.861743100368962E+000  0.217993144357313E+002  0.845140025101507E+002 -0.211707657949382E+001  0.635395586490631E+000  0.829606652259827E+000  0.916503310203552E+000  0.992270141309612E+003
  0.286433543551637E+002  0.667082984943344E+000  0.198568456713053E+002  0.880514635122342E+002 -0.210355877051475E+001  0.646055102348328E+000  0.812761366367340E+000  0.905034244060516E+000  0.991212162025226E+003
  0.172055389708195E+002  0.884030812534216E+000  0.204295174000339E+002  0.855281121814468E+002 -0.213384030696897E+001  0.631538987159729E+000  0.825133621692657E+000  0.914362370967865E+000  0.991782575546612E+003
  0.184111635144952E+002  0.801322257599804E+000  0.219979893341971E+002  0.823057624026467E+002 -0.209098620069968E+001  0.641973018646240E+000  0.827477037906647E+000  0.914466559886932E+000  0.991060521561529E+003
  0.276079428399747E+002  0.658977987950100E+000  0.210718822348023E+002  0.938572677665643E+002 -0.211081015508995E+001  0.680520236492157E+000  0.837763845920563E+000  0.919934451580048E+000  0.991038930411892E+003
  0.311983970169650E+002  0.596143105154473E+000  0.210781693061329E+002  0.962332852999635E+002 -0.211970638864706E+001  0.688715755939484E+000  0.842444956302643E+000  0.920167148113251E+000  0.991207473325110E+003
  0.225773232222809E+002  0.749028273648604E+000  0.220371317277823E+002  0.910316265142732E+002 -0.209193511482403E+001  0.661007881164551E+000  0.837205469608307E+000  0.921680986881256E+000  0.990844163614307E+003
  0.200282007444054E+002  0.789401263860502E+000  0.218650627043083E+002  0.825559035833513E+002 -0.211125890484425E+001  0.624302089214325E+000  0.819093286991119E+000  0.910692572593689E+000  0.993118092554200E+003
  0.202867213058233E+002  0.806066371748972E+000  0.208014201321806E+002  0.842381580449952E+002 -0.211862994976630E+001  0.625158488750458E+000  0.819069027900696E+000  0.910941720008850E+000  0.992971332169978E+003
  0.167546051807076E+002  0.876581804352525E+000  0.204412277036513E+002  0.790618341156681E+002 -0.208824605804451E+001  0.615017831325531E+000  0.809682250022888E+000  0.905572831630707E+000  0.991404461692602E+003
  0.201834911972986E+002  0.825611620620028E+000  0.206898062049071E+002  0.859864309528295E+002 -0.208138444027133E+001  0.622603118419647E+000  0.819769144058228E+000  0.911948740482330E+000  0.990891627919870E+003
  0.227487060762036E+002  0.765491749919203E+000  0.199291891094683E+002  0.877540224831839E+002 -0.210306619819558E+001  0.649719297885895E+000  0.824101448059082E+000  0.913772165775299E+000  0.990837428115661E+003
  0.210046610972792E+002  0.779723202637213E+000  0.212870229594446E+002  0.823740949021632E+002 -0.211899172822894E+001  0.616367697715759E+000  0.814044058322906E+000  0.908258974552155E+000  0.993049362333745E+003
  0.192507890428660E+002  0.797636681225092E+000  0.233136500048601E+002  0.844741057710959E+002 -0.214052717960342E+001  0.634864032268524E+000  0.827240645885468E+000  0.915430665016174E+000  0.990757478439360E+003
  0.223400815724003E+002  0.811679418530712E+000  0.199826616808765E+002  0.933034796025514E+002 -0.210592613439913E+001  0.651353299617767E+000  0.830964386463165E+000  0.919195413589478E+000  0.990981346277492E+003
  0.229391910216136E+002  0.725412195113667E+000  0.227956569204195E+002  0.831071377569685E+002 -0.213614100710964E+001  0.624303579330444E+000  0.815456330776215E+000  0.908909857273102E+000  0.990740386398861E+003
  0.205253571753083E+002  0.802324684379045E+000  0.205300247832916E+002  0.882113361338065E+002 -0.209765066013378E+001  0.649177193641663E+000  0.831656277179718E+000  0.917686581611633E+000  0.990785754010933E+003
  0.267991106389968E+002  0.664564676946846E+000  0.217096431394854E+002  0.901291099692411E+002 -0.209057683540874E+001  0.663260757923126E+000  0.828044295310974E+000  0.915236830711365E+000  0.991232592640239E+003
  0.289974828442787E+002  0.644962707057679E+000  0.202049135366262E+002  0.915222595333077E+002 -0.208836546790425E+001  0.668929100036621E+000  0.827593863010406E+000  0.912667453289032E+000  0.990766679079350E+003
  0.216492347576229E+002  0.796876193840406E+000  0.200827707702451E+002  0.844571609351011E+002 -0.212302814339776E+001  0.621461033821106E+000  0.812097430229187E+000  0.907827138900757E+000  0.992291407473656E+003
  0.176758100790473E+002  0.879092457782159E+000  0.206424536396069E+002  0.813353729509963E+002 -0.212938063164468E+001  0.602268993854523E+000  0.808137536048889E+000  0.905827462673187E+000  0.991644960871127E+003
  0.310253446054456E+002  0.581649284397333E+000  0.206190925198100E+002  0.874949921069527E+002 -0.211243696108526E+001  0.656570374965668E+000  0.818913161754608E+000  0.906506001949310E+000  0.991363293820500E+003
  0.194717083042325E+002  0.788669109138683E+000  0.216951229408355E+002  0.784643535315231E+002 -0.211490992104776E+001  0.613233804702759E+000  0.810399949550629E+000  0.905551373958588E+000  0.992721086969826E+003
  0.303056833713511E+002  0.618704934416851E+000  0.210092428349238E+002  0.939474694009322E+002 -0.212764605993918E+001  0.674071133136749E+000  0.834010839462280E+000  0.915911018848419E+000  0.992065324197587E+003
  0.205433265671345E+002  0.840810812566920E+000  0.209988649404509E+002  0.897210997731008E+002 -0.211754137799407E+001  0.621262848377228E+000  0.823332011699677E+000  0.915259063243866E+000  0.990818920403248E+003
  0.213665989082125E+002  0.826956893138618E+000  0.196363659691565E+002  0.857780326072020E+002 -0.211814833420262E+001  0.616089522838593E+000  0.810031235218048E+000  0.907487094402313E+000  0.991485162573269E+003
  0.248561021998873E+002  0.742707607614064E+000  0.214203809046220E+002  0.931851972094582E+002 -0.213986817079564E+001  0.650277018547058E+000  0.828764379024506E+000  0.918324708938599E+000  0.991352170244047E+003
  0.198734302999736E+002  0.795354562003130E+000  0.210693409034089E+002  0.833305627158826E+002 -0.211590818230331E+001  0.633272945880890E+000  0.822495639324188E+000  0.912094712257385E+000  0.992480910476168E+003
  0.221194554285053E+002  0.774498410299691E+000  0.208587074876620E+002  0.835964404893826E+002 -0.212773276633582E+001  0.616764783859253E+000  0.810905516147614E+000  0.907219111919403E+000  0.992492436153909E+003
  0.216956380334701E+002  0.761463261570105E+000  0.208354307837796E+002  0.795259748343343E+002 -0.207990824655356E+001  0.609485507011414E+000  0.804787755012512E+000  0.903140842914581E+000  0.990768719959660E+003
  0.323729915176470E+002  0.531689879940596E+000  0.213917337771272E+002  0.893104044581210E+002 -0.212602601647057E+001  0.673842072486877E+000  0.830835878849030E+000  0.910513520240784E+000  0.990830941040538E+003
  0.266411264827798E+002  0.616381397889086E+000  0.226105394052725E+002  0.815195251096406E+002 -0.209790343943971E+001  0.642566561698914E+000  0.814794182777405E+000  0.905777394771576E+000  0.991174627909948E+003
  0.176354795410108E+002  0.866295434867634E+000  0.213276549802080E+002  0.806885171050319E+002 -0.209799384333533E+001  0.600369513034821E+000  0.809388279914856E+000  0.906266629695892E+000  0.991212529282688E+003
  0.183247688797335E+002  0.820550494278280E+000  0.216702989721608E+002  0.793925367679599E+002 -0.208571567685077E+001  0.613350927829742E+000  0.813297688961029E+000  0.907250344753265E+000  0.991831720411059E+003
  0.198541668673836E+002  0.812586123086349E+000  0.223157275165916E+002  0.885682040037073E+002 -0.209655324315204E+001  0.640166580677032E+000  0.832081019878387E+000  0.918904304504395E+000  0.991291099845519E+003
  0.200970776259575E+002  0.825006949078152E+000  0.204985849188563E+002  0.814279727838495E+002 -0.212581361957512E+001  0.600331425666809E+000  0.805294454097748E+000  0.904305398464203E+000  0.991556754759223E+003
  0.313935541265752E+002  0.595176345302503E+000  0.213242656274517E+002  0.936289306927982E+002 -0.211199017972373E+001  0.671620965003967E+000  0.833121478557587E+000  0.914995253086090E+000  0.991219285639820E+003
  0.232184994024580E+002  0.761302587724048E+000  0.202302765076428E+002  0.858190273172735E+002 -0.207769483173432E+001  0.632482230663300E+000  0.814328908920288E+000  0.909085214138031E+000  0.990728923467876E+003
  0.171735668570118E+002  0.843709265450595E+000  0.212695140430952E+002  0.777978620890201E+002 -0.209215626193488E+001  0.613911151885986E+000  0.811040580272675E+000  0.905856966972351E+000  0.991888851807187E+003
  0.245157641624257E+002  0.750019007675736E+000  0.207966558684223E+002  0.880886341981457E+002 -0.214376740044734E+001  0.628763854503632E+000  0.813406825065613E+000  0.909732639789581E+000  0.990866363878110E+003
  0.215881123211090E+002  0.778699772029562E+000  0.211242025023700E+002  0.810985224692220E+002 -0.209460331622414E+001  0.603178083896637E+000  0.805028498172760E+000  0.904071211814880E+000  0.991164702447789E+003
  0.246908298466918E+002  0.647017978475089E+000  0.232046793773789E+002  0.816392375382564E+002 -0.210477806659454E+001  0.644067585468292E+000  0.821924328804016E+000  0.909205317497253E+000  0.991335936231002E+003
  0.175520762675425E+002  0.829115748911598E+000  0.229772766219917E+002  0.816069209194931E+002 -0.210966164456879E+001  0.624643981456757E+000  0.822463154792786E+000  0.912475168704987E+000  0.991312141141268E+003
  0.192303859565806E+002  0.790752369473786E+000  0.224555948749922E+002  0.823145110488445E+002 -0.210313258941159E+001  0.633243858814240E+000  0.823584496974945E+000  0.912784039974213E+000  0.992455262819810E+003
  0.152664243049600E+002  0.950326654785254E+000  0.203351267666605E+002  0.888582388998354E+002 -0.212475090187487E+001  0.639317929744720E+000  0.829608380794525E+000  0.919188320636749E+000  0.990866014163048E+003
  0.215797394584287E+002  0.796533419415539E+000  0.213103164658359E+002  0.846896516306783E+002 -0.212220139578509E+001  0.607850492000580E+000  0.811435401439667E+000  0.908176243305206E+000  0.991136236991683E+003
  0.222263588203357E+002  0.743561405590745E+000  0.215132150244375E+002  0.861168074196243E+002 -0.209390253294493E+001  0.645765483379364E+000  0.827208220958710E+000  0.915053784847260E+000  0.992202096704921E+003
  0.168030135413468E+002  0.853820775150069E+000  0.220324852543205E+002  0.760859850049438E+002 -0.211655364458584E+001  0.601521432399750E+000  0.803896784782410E+000  0.902937352657318E+000  0.991039755117549E+003
  0.265911151011726E+002  0.710887021665220E+000  0.199796849326855E+002  0.862584524674961E+002 -0.211780554018960E+001  0.630055963993073E+000  0.806592524051666E+000  0.903925240039825E+000  0.990972288203084E+003
  0.279517663205504E+002  0.677686968262982E+000  0.203534948411467E+002  0.896850524200804E+002 -0.209663914815029E+001  0.649936378002167E+000  0.818439781665802E+000  0.909075736999512E+000  0.991310819000460E+003
  0.205699860100122E+002  0.821288285782566E+000  0.208526719539740E+002  0.902723824674956E+002 -0.214601598172692E+001  0.641390621662140E+000  0.831581234931946E+000  0.918668508529663E+000  0.991451934373891E+003
  0.187822980757726E+002  0.831807283748009E+000  0.217691087777589E+002  0.820984151934610E+002 -0.211590858341352E+001  0.609486401081085E+000  0.814739644527435E+000  0.908957362174988E+000  0.992453753713176E+003
  0.178129830346530E+002  0.851094271588853E+000  0.218418277781690E+002  0.882479830970114E+002 -0.210325906995502E+001  0.646973907947540E+000  0.836102664470673E+000  0.920827686786652E+000  0.991653649169287E+003
  0.227133901060401E+002  0.806960566148563E+000  0.194585246774526E+002  0.921854912806886E+002 -0.213062773911521E+001  0.650414526462555E+000  0.827060520648956E+000  0.916636586189270E+000  0.990863158404214E+003
  0.203754246207444E+002  0.788979876457390E+000  0.217478108450757E+002  0.801286749516545E+002 -0.213811574121487E+001  0.604511559009552E+000  0.807983219623566E+000  0.905213832855225E+000  0.991605833463088E+003
  0.296285221561454E+002  0.680317918755164E+000  0.193106002593406E+002  0.972648596467117E+002 -0.213880342743653E+001  0.679436624050140E+000  0.835336148738861E+000  0.917113542556763E+000  0.991038121389715E+003
  0.335966586443247E+002  0.581606312252276E+000  0.198232287653549E+002  0.965759302110160E+002 -0.213265794927935E+001  0.684982359409332E+000  0.836058735847473E+000  0.917155802249908E+000  0.990956392115240E+003
  0.226227680226031E+002  0.762737236077561E+000  0.212094292074006E+002  0.876889009859788E+002 -0.208163396675663E+001  0.637110054492950E+000  0.823632895946503E+000  0.914084732532501E+000  0.991353928798489E+003
  0.292853473454024E+002  0.585218131537547E+000  0.212096403842668E+002  0.863566233594170E+002 -0.213116863052025E+001  0.664163589477539E+000  0.824556529521942E+000  0.909347236156464E+000  0.990777454706530E+003
  0.227897989855195E+002  0.761062962562398E+000  0.199180924270269E+002  0.828849163150240E+002 -0.209629843641875E+001  0.625968933105469E+000  0.808602511882782E+000  0.905524075031281E+000  0.991369731631889E+003
  0.255389170119770E+002  0.728964977918081E+000  0.205502071591157E+002  0.933877563022542E+002 -0.212417187363041E+001  0.662138640880585E+000  0.830144286155701E+000  0.918232977390289E+000  0.992234332257110E+003
  0.250060951840091E+002  0.648246622039719E+000  0.231661290723822E+002  0.842979255593085E+002 -0.210421731548495E+001  0.654674112796783E+000  0.827569067478180E+000  0.912735998630524E+000  0.991290172613351E+003
  0.260578640860886E+002  0.737781180517459E+000  0.195302893105215E+002  0.942921700493808E+002 -0.210818299225364E+001  0.666674792766571E+000  0.830039381980896E+000  0.917170822620392E+000  0.990951910700436E+003
  0.157399131938583E+002  0.907209556491612E+000  0.206363943695196E+002  0.807282798229787E+002 -0.213988094780123E+001  0.623341858386993E+000  0.815555751323700E+000  0.908440411090851E+000  0.991376943258427E+003
  0.170324831917832E+002  0.895331709028888E+000  0.207740313778804E+002  0.890106681845710E+002 -0.211574035456368E+001  0.641035616397858E+000  0.832925558090210E+000  0.919613599777222E+000  0.991778695999181E+003
  0.215822054936981E+002  0.764603289700013E+000  0.210958915091396E+002  0.784970676778516E+002 -0.211607469005617E+001  0.599409043788910E+000  0.800609171390533E+000  0.901244699954987E+000  0.991511043690302E+003
  0.190680484568961E+002  0.826113040362848E+000  0.214140584225782E+002  0.846435067217698E+002 -0.215787054742522E+001  0.626933753490448E+000  0.823321878910065E+000  0.913274824619293E+000  0.991018506207262E+003
  0.227245221714557E+002  0.704985247260340E+000  0.229780318991678E+002  0.852835626818318E+002 -0.212050562109192E+001  0.653179109096527E+000  0.831164419651031E+000  0.916012465953827E+000  0.991551071832673E+003
  0.243399470405254E+002  0.719714418798894E+000  0.213289896129356E+002  0.833993173711922E+002 -0.210461239796267E+001  0.622299611568451E+000  0.807705760002136E+000  0.905460953712463E+000  0.991774914865121E+003
  0.191641808414357E+002  0.837917339182697E+000  0.205980827898949E+002  0.877637089641439E+002 -0.209810529023120E+001  0.642782986164093E+000  0.830327689647675E+000  0.917183816432953E+000  0.991688262189855E+003
  0.210121434476683E+002  0.795057054591024E+000  0.222805199588513E+002  0.890367069574848E+002 -0.212293024638780E+001  0.635693967342377E+000  0.829648971557617E+000  0.917847156524658E+000  0.991939723873290E+003
  0.163925505078223E+002  0.885445863586138E+000  0.211559775224736E+002  0.825762422714442E+002 -0.211128792866285E+001  0.621838271617889E+000  0.820764183998108E+000  0.911643207073212E+000  0.992527652023081E+003
  0.296772611431080E+002  0.640281479995917E+000  0.194930707015999E+002  0.888543711224663E+002 -0.212972146878899E+001  0.658299267292023E+000  0.817604482173920E+000  0.906224668025970E+000  0.991156121219510E+003
  0.188105410764205E+002  0.812330363928769E+000  0.217012482191770E+002  0.779538984486073E+002 -0.214067465101029E+001  0.602493107318878E+000  0.806690752506256E+000  0.904025614261627E+000  0.991568188272605E+003
  0.153919413058062E+002  0.906883084182273E+000  0.212676783040528E+002  0.849364049677401E+002 -0.213382141541498E+001  0.640769541263580E+000  0.831902325153351E+000  0.917452633380890E+000  0.991135189405112E+003
  0.235197301349051E+002  0.766563858907984E+000  0.206038404054320E+002  0.944956170756620E+002 -0.210945742375673E+001  0.667549669742584E+000  0.837858498096466E+000  0.922667920589447E+000  0.990744796658536E+003
  0.225937547232514E+002  0.729118635776519E+000  0.210378625140388E+002  0.832820950015775E+002 -0.209612610262881E+001  0.640004813671112E+000  0.820139348506927E+000  0.910503387451172E+000  0.991787281005427E+003
  0.205182626405713E+002  0.786845398127787E+000  0.219979129789406E+002  0.855315696075285E+002 -0.214204815396730E+001  0.633218824863434E+000  0.825355827808380E+000  0.914514064788818E+000  0.992467745113592E+003
  0.198693040618820E+002  0.834421053757371E+000  0.195958202921456E+002  0.855636504736156E+002 -0.212039013928395E+001  0.631844103336334E+000  0.820083558559418E+000  0.911495387554169E+000  0.990914035159281E+003
  0.280588010317422E+002  0.621014523510278E+000  0.222904437158377E+002  0.901022022023114E+002 -0.210586023797711E+001  0.671222150325775E+000  0.833336651325226E+000  0.915704071521759E+000  0.991414695434538E+003
  0.222017314214819E+002  0.806608326299586E+000  0.206506568408962E+002  0.880025873567480E+002 -0.211049885363044E+001  0.619334399700165E+000  0.815283477306366E+000  0.910753309726715E+000  0.990938717751760E+003
  0.194285694292289E+002  0.868546051988947E+000  0.193600666865065E+002  0.886525989636596E+002 -0.212994610877660E+001  0.632988989353180E+000  0.823383152484894E+000  0.914414584636688E+000  0.990914174474157E+003
  0.252441599171157E+002  0.690326343949419E+000  0.224401006822344E+002  0.872661220090409E+002 -0.211878578509958E+001  0.645394623279572E+000  0.821581900119781E+000  0.912402629852295E+000  0.991590106122036E+003
  0.229564675192852E+002  0.773497291565161E+000  0.208969426681240E+002  0.894687606157188E+002 -0.212291590165951E+001  0.638606131076813E+000  0.823860704898834E+000  0.914775431156158E+000  0.992623166337993E+003
  0.268410484392450E+002  0.627737083072885E+000  0.224368460659904E+002  0.866376557176163E+002 -0.212594551780713E+001  0.661769926548004E+000  0.827158749103546E+000  0.912993788719177E+000  0.991684719787707E+003
  0.156919494481298E+002  0.918461661415438E+000  0.210474390840589E+002  0.856302857884625E+002 -0.209564637291480E+001  0.630029737949371E+000  0.826755225658417E+000  0.915479362010956E+000  0.991007708182195E+003
  0.315243015029781E+002  0.608847087542479E+000  0.198231181746962E+002  0.906887096473471E+002 -0.212086095446036E+001  0.660819232463837E+000  0.820835769176483E+000  0.908372879028320E+000  0.991427315750105E+003
  0.236241932193157E+002  0.671020905762888E+000  0.223748240864352E+002  0.784138313104640E+002 -0.212828734540362E+001  0.630874037742615E+000  0.812309920787811E+000  0.904577314853668E+000  0.991092343073700E+003
  0.235111352749652E+002  0.724093724302646E+000  0.217818770692112E+002  0.828141688441855E+002 -0.210782373044099E+001  0.623667299747467E+000  0.810756444931030E+000  0.906747877597809E+000  0.992204926862706E+003
  0.183551839942589E+002  0.879707052107862E+000  0.194292646599805E+002  0.839020851157025E+002 -0.209118881414224E+001  0.615721166133881E+000  0.812655746936798E+000  0.908319652080536E+000  0.990810295690861E+003
  0.196226243943329E+002  0.836187835294981E+000  0.195795490037123E+002  0.814409445101201E+002 -0.211055869099801E+001  0.611192524433136E+000  0.807506203651428E+000  0.904844582080841E+000  0.991024757017102E+003
  0.241475874583381E+002  0.735974728971495E+000  0.213389599325036E+002  0.911010618408518E+002 -0.210609088727041E+001  0.654147565364838E+000  0.830083429813385E+000  0.918026864528656E+000  0.992390582902923E+003
  0.175794529476947E+002  0.852341317295163E+000  0.220092519318167E+002  0.847469267478829E+002 -0.211952073485244E+001  0.628446280956268E+000  0.826710760593414E+000  0.915250599384308E+000  0.992626382243295E+003
  0.292796007177759E+002  0.635050395596755E+000  0.201563048906233E+002  0.887116148310952E+002 -0.209816276499086E+001  0.657096087932587E+000  0.819716989994049E+000  0.907796442508698E+000  0.991568130419458E+003
  0.342046821856697E+002  0.559876061200308E+000  0.201278035684044E+002  0.968189669173627E+002 -0.211914521356201E+001  0.687767982482910E+000  0.838187992572784E+000  0.918438851833344E+000  0.990778916604346E+003
  0.272076938826704E+002  0.719397851380368E+000  0.195855381853883E+002  0.941054727500666E+002 -0.209681342733868E+001  0.663438796997070E+000  0.827578723430634E+000  0.914992630481720E+000  0.990785097607115E+003
  0.305302798101154E+002  0.582851561882169E+000  0.213132188808583E+002  0.912037045252737E+002 -0.209413254740329E+001  0.675656855106354E+000  0.833867609500885E+000  0.914417922496796E+000  0.990925608610283E+003
  0.182801874643962E+002  0.811978663495106E+000  0.218895532421439E+002  0.815595052477347E+002 -0.211935153108625E+001  0.632750093936920E+000  0.823316633701324E+000  0.912281930446625E+000  0.992415319219701E+003
  0.228816743074377E+002  0.761267815991320E+000  0.204716129413060E+002  0.890748282222942E+002 -0.209152251624480E+001  0.651378333568573E+000  0.827681839466095E+000  0.916022241115570E+000  0.991239554525520E+003
  0.186469917741642E+002  0.834373733102714E+000  0.221160154825680E+002  0.851010690853928E+002 -0.212918499439601E+001  0.624875307083130E+000  0.824568212032318E+000  0.914339244365692E+000  0.992367977203351E+003
  0.229915276497458E+002  0.729441675799515E+000  0.222217114557729E+002  0.826338674541025E+002 -0.212167310497209E+001  0.622281074523926E+000  0.812430679798126E+000  0.907538473606110E+000  0.991990817404231E+003
  0.159963865832628E+002  0.930614456687873E+000  0.200466390474604E+002  0.867010551548108E+002 -0.214340403028655E+001  0.629108965396881E+000  0.823010742664337E+000  0.915016710758209E+000  0.990859197408323E+003
  0.162335665906050E+002  0.886562640244302E+000  0.221441902143475E+002  0.814170574932693E+002 -0.212279226600232E+001  0.610784947872162E+000  0.816927909851074E+000  0.909805834293365E+000  0.990787290950779E+003
  0.275052789980126E+002  0.672541584005933E+000  0.194805498231047E+002  0.851857373529719E+002 -0.210238282156435E+001  0.645443737506866E+000  0.809643208980560E+000  0.903410315513611E+000  0.990793251496181E+003
  0.180741616129669E+002  0.892040731397500E+000  0.191676724515986E+002  0.846615240567327E+002 -0.209761844167298E+001  0.618480205535889E+000  0.814705312252045E+000  0.909326136112213E+000  0.990754447140737E+003
  0.338276308080048E+002  0.562575035220873E+000  0.197428275518047E+002  0.925379678055876E+002 -0.211984673769541E+001  0.673106431961060E+000  0.826186239719391E+000  0.911398470401764E+000  0.991126630922685E+003
  0.277712293652224E+002  0.667174767526940E+000  0.203260652184641E+002  0.934334748917723E+002 -0.211222252422309E+001  0.677461981773376E+000  0.834511339664459E+000  0.917790114879608E+000  0.990892810683939E+003
  0.234572592223095E+002  0.729889395830706E+000  0.215738861132311E+002  0.897643749539897E+002 -0.210584369359579E+001  0.658846437931061E+000  0.832929313182831E+000  0.918835639953613E+000  0.992060196722381E+003
  0.216881035272910E+002  0.724642544792399E+000  0.222441036119414E+002  0.788725042694584E+002 -0.213027648817343E+001  0.624261915683746E+000  0.812751710414886E+000  0.906012237071991E+000  0.991728237363483E+003
  0.306483007946487E+002  0.611398241061867E+000  0.204905064881696E+002  0.943110856681870E+002 -0.209953650295875E+001  0.679893076419830E+000  0.835974156856537E+000  0.916508376598358E+000  0.991052236882903E+003
  0.223453496870336E+002  0.745469241236021E+000  0.217043820216915E+002  0.826285920588177E+002 -0.210056502776851E+001  0.622485458850861E+000  0.813550472259521E+000  0.908082604408264E+000  0.992430600164896E+003
  0.269664102258442E+002  0.665491125633088E+000  0.216638994768021E+002  0.915280488466763E+002 -0.212757261682475E+001  0.668362081050873E+000  0.831367254257202E+000  0.917062878608704E+000  0.992231725324386E+003
  0.202872079926364E+002  0.788589972952158E+000  0.215971985644078E+002  0.813964842712687E+002 -0.211055984180399E+001  0.615011453628540E+000  0.813541948795319E+000  0.907880187034607E+000  0.992938569804663E+003
  0.299102741948302E+002  0.656196988571707E+000  0.193150829087983E+002  0.945977598655415E+002 -0.213855467503620E+001  0.677705109119415E+000  0.831493198871613E+000  0.914259016513824E+000  0.990766165858283E+003
  0.265903347188096E+002  0.628425724507451E+000  0.210875944668899E+002  0.824092796073518E+002 -0.210774281460633E+001  0.650486290454865E+000  0.815890252590179E+000  0.906538486480713E+000  0.990930917427959E+003
  0.177277628532091E+002  0.897390445833926E+000  0.204854411814455E+002  0.866301244647371E+002 -0.211606081412734E+001  0.616208195686340E+000  0.819017708301544E+000  0.912740051746368E+000  0.991756374327481E+003
  0.193082737786213E+002  0.776048785677994E+000  0.217297425188900E+002  0.806789082921433E+002 -0.212492412664088E+001  0.638745725154877E+000  0.823288857936859E+000  0.911670029163361E+000  0.991000924936761E+003
  0.201432261126528E+002  0.735078507741884E+000  0.228489240974468E+002  0.740361846274292E+002 -0.210463668447482E+001  0.609572827816010E+000  0.805737555027008E+000  0.901588857173920E+000  0.991109273725413E+003
  0.199742931068397E+002  0.785564095562793E+000  0.211996064471948E+002  0.762803618023568E+002 -0.213493307073718E+001  0.596534430980682E+000  0.800077617168427E+000  0.900473058223724E+000  0.990919800157773E+003
  0.167806985983619E+002  0.888546757022121E+000  0.206041942854739E+002  0.852135440823695E+002 -0.211440411852361E+001  0.631915390491486E+000  0.825980067253113E+000  0.914693236351013E+000  0.992177480430203E+003
  0.156786983859641E+002  0.940129941604072E+000  0.206240684371477E+002  0.854209213600955E+002 -0.212703825208094E+001  0.619098842144012E+000  0.817737758159637E+000  0.912405431270599E+000  0.990964880021744E+003
  0.192174701963744E+002  0.873204232854728E+000  0.194608756164512E+002  0.883167951690350E+002 -0.210858851512864E+001  0.630071103572845E+000  0.822090566158295E+000  0.913927555084229E+000  0.991395097557344E+003
  0.236377508915301E+002  0.754912098323080E+000  0.210680761560317E+002  0.871318399407642E+002 -0.209190186951562E+001  0.628089070320129E+000  0.815762579441071E+000  0.910482704639435E+000  0.991152925900756E+003
  0.210657100946324E+002  0.812406574077943E+000  0.207524709059407E+002  0.888688808806485E+002 -0.210839999195353E+001  0.633950769901276E+000  0.825853705406189E+000  0.915581583976746E+000  0.992384388987695E+003
  0.246907363698795E+002  0.718564305744924E+000  0.219635485330031E+002  0.923629485418955E+002 -0.213205103520329E+001  0.663144290447235E+000  0.833957612514496E+000  0.920346558094025E+000  0.991989613523557E+003
  0.219751196877968E+002  0.800163435044771E+000  0.213483664741383E+002  0.890605470329392E+002 -0.213179948827416E+001  0.624054074287415E+000  0.821717917919159E+000  0.914057970046997E+000  0.991054900730974E+003
  0.222988859367934E+002  0.703312994156802E+000  0.234968491399003E+002  0.842714249822366E+002 -0.212155050345261E+001  0.652637898921967E+000  0.831612050533295E+000  0.915779173374176E+000  0.990836307153581E+003
  0.193051077698416E+002  0.862344004704796E+000  0.200856983546779E+002  0.914553305470604E+002 -0.211153332732226E+001  0.647395610809326E+000  0.833734333515167E+000  0.920243859291077E+000  0.991105530340396E+003
  0.340219632777651E+002  0.547605447963136E+000  0.207501150846029E+002  0.945467882071180E+002 -0.213324121999939E+001  0.679033279418945E+000  0.834254503250122E+000  0.915884912014008E+000  0.991223828467051E+003
  0.292182244139055E+002  0.579607028424940E+000  0.219056913921165E+002  0.838441450258395E+002 -0.213349998617254E+001  0.650901257991791E+000  0.817482292652130E+000  0.905521810054779E+000  0.990825406097028E+003
  0.298577168386997E+002  0.574114036798544E+000  0.209600568181856E+002  0.858811163060244E+002 -0.211377128990053E+001  0.663187086582184E+000  0.822798490524292E+000  0.907983958721161E+000  0.990843728400476E+003
  0.242192805152640E+002  0.750783984707887E+000  0.212755346672727E+002  0.932776080559340E+002 -0.209763728421266E+001  0.654884040355682E+000  0.832113564014435E+000  0.919787228107452E+000  0.991130545093981E+003
  0.298038806427430E+002  0.608876185158035E+000  0.205597464382416E+002  0.884383049358576E+002 -0.211146875352734E+001  0.659900844097137E+000  0.822172045707703E+000  0.908685386180878E+000  0.991920418898738E+003
  0.272760513265860E+002  0.675336444607724E+000  0.199277895725298E+002  0.882424610343970E+002 -0.213747356552067E+001  0.656662642955780E+000  0.819578588008881E+000  0.909306526184082E+000  0.991084835692392E+003
  0.285460651766270E+002  0.675312340006283E+000  0.199669681272764E+002  0.919217989089911E+002 -0.209252558602254E+001  0.660503566265106E+000  0.823535501956940E+000  0.911369144916534E+000  0.990980982214496E+003
  0.148376497496902E+002  0.923989743044980E+000  0.212150689751887E+002  0.807737509521830E+002 -0.211788947196742E+001  0.629570364952087E+000  0.820622920989990E+000  0.911256372928619E+000  0.991598595272534E+003
  0.196289411390080E+002  0.767024231478398E+000  0.214916018018785E+002  0.799021406477109E+002 -0.210339455192446E+001  0.637327969074249E+000  0.821377694606781E+000  0.910350143909454E+000  0.990910207394771E+003
  0.195251499934906E+002  0.810655831893322E+000  0.207986069793949E+002  0.783364679145928E+002 -0.212197531789549E+001  0.601328670978546E+000  0.803775072097778E+000  0.902604579925537E+000  0.992082131444233E+003
  0.213782531992351E+002  0.748318256123230E+000  0.219973048999661E+002  0.837836809546206E+002 -0.210639206235418E+001  0.639398515224457E+000  0.824388861656189E+000  0.913202345371246E+000  0.992755519890432E+003
  0.274767708295877E+002  0.691635263754132E+000  0.205605917897735E+002  0.914191339663147E+002 -0.211646438768535E+001  0.652928888797760E+000  0.822579920291901E+000  0.912192225456238E+000  0.992135254866159E+003
  0.282741511958756E+002  0.644571358439042E+000  0.199288017900738E+002  0.837504057669279E+002 -0.211611582585895E+001  0.639683187007904E+000  0.807125151157379E+000  0.901267349720001E+000  0.990978719294693E+003
  0.192174647463407E+002  0.830590754338566E+000  0.224333831028231E+002  0.878170900063516E+002 -0.211954408421950E+001  0.631558001041412E+000  0.829277038574219E+000  0.917514622211456E+000  0.991463678475762E+003
  0.276719206554827E+002  0.703431176180636E+000  0.207040211451802E+002  0.972973420141184E+002 -0.212912857626720E+001  0.672107994556427E+000  0.836603105068207E+000  0.920756161212921E+000  0.991141715363160E+003
  0.284556584093898E+002  0.681279283319298E+000  0.202809312349943E+002  0.925676897987490E+002 -0.211141740825296E+001  0.657326400279999E+000  0.823793411254883E+000  0.912075936794281E+000  0.991646632909839E+003
  0.253690285765283E+002  0.685970330453548E+000  0.207065556383145E+002  0.851399548154179E+002 -0.209950371896518E+001  0.647623836994171E+000  0.816790461540222E+000  0.909098446369171E+000  0.992096635956378E+003
  0.201164292385410E+002  0.872234594738930E+000  0.194083223523790E+002  0.905598364136699E+002 -0.212247512663516E+001  0.628892719745636E+000  0.822434961795807E+000  0.914908826351166E+000  0.991150500699304E+003
  0.162085523267042E+002  0.868773980468807E+000  0.218213085734250E+002  0.824444287033709E+002 -0.212872075209347E+001  0.632264077663422E+000  0.826371252536774E+000  0.914026319980621E+000  0.991754819541892E+003
  0.238864868355337E+002  0.738039568651642E+000  0.208275837627665E+002  0.885891945494021E+002 -0.214521043510800E+001  0.647865533828735E+000  0.824306547641754E+000  0.914393365383148E+000  0.991949485816488E+003
  0.164947938340066E+002  0.902050812755854E+000  0.209608782296175E+002  0.878517303653650E+002 -0.209195798116557E+001  0.636832177639008E+000  0.831290841102600E+000  0.918568789958954E+000  0.990929058343757E+003
  0.175419834062824E+002  0.843577536751450E+000  0.227490904926544E+002  0.809315013593047E+002 -0.211581365515271E+001  0.609734475612640E+000  0.816009819507599E+000  0.909534037113190E+000  0.990731089698829E+003
  0.224913717462089E+002  0.716299118101303E+000  0.226073133287161E+002  0.816811196547607E+002 -0.212526601131210E+001  0.631448328495026E+000  0.817850768566132E+000  0.909089744091034E+000  0.992209096401534E+003
  0.213414307248769E+002  0.747090903726772E+000  0.222332192269049E+002  0.849661276690391E+002 -0.211937851627048E+001  0.646012425422668E+000  0.828538656234741E+000  0.915525794029236E+000  0.992426983692321E+003
  0.192964362546905E+002  0.841911480915660E+000  0.202802068506923E+002  0.819369176069923E+002 -0.208217637393980E+001  0.607270538806915E+000  0.808970570564270E+000  0.905963003635406E+000  0.990885480585394E+003
  0.236390571300025E+002  0.696120029181706E+000  0.228975112935865E+002  0.810125125382767E+002 -0.211730486658830E+001  0.625457108020782E+000  0.812119901180267E+000  0.906076133251190E+000  0.990898793570472E+003
  0.301130514189773E+002  0.607045896298925E+000  0.203030288735225E+002  0.899613269944462E+002 -0.210656846277719E+001  0.667604744434357E+000  0.826426029205322E+000  0.910725176334381E+000  0.991490756356119E+003
  0.208461954662979E+002  0.763124734093392E+000  0.229682643090442E+002  0.847031509064554E+002 -0.213872060460301E+001  0.636792898178101E+000  0.826214373111725E+000  0.914588153362274E+000  0.991550987231878E+003
  0.180193363133725E+002  0.888992212234006E+000  0.205030669366586E+002  0.874012059410223E+002 -0.214981237325105E+001  0.621959984302521E+000  0.821966111660004E+000  0.914134502410889E+000  0.990790061075097E+003
  0.162743112307117E+002  0.894988589765963E+000  0.215118754977884E+002  0.826182241754459E+002 -0.212216097929021E+001  0.614059209823608E+000  0.818154335021973E+000  0.910824954509735E+000  0.991844438626020E+003
  0.182733150420786E+002  0.856937134604943E+000  0.206554778207504E+002  0.848629299381191E+002 -0.208272585804206E+001  0.627083718776703E+000  0.822317063808441E+000  0.912773191928864E+000  0.991288684637085E+003
  0.211880706676152E+002  0.799173238379765E+000  0.213348664632874E+002  0.909697947337049E+002 -0.214727580923561E+001  0.646697878837585E+000  0.834620893001556E+000  0.920386433601379E+000  0.991383280552051E+003
  0.155722595305811E+002  0.925620674869313E+000  0.201044411489566E+002  0.818765324559586E+002 -0.210087710165140E+001  0.625239610671997E+000  0.814918816089630E+000  0.908781230449677E+000  0.991490681112891E+003
  0.187829215522492E+002  0.818798220456080E+000  0.222216609614244E+002  0.851179363108464E+002 -0.213639514941138E+001  0.635339319705963E+000  0.827969491481781E+000  0.915840685367584E+000  0.992407742046332E+003
  0.233362007578516E+002  0.728187990816491E+000  0.226876445337995E+002  0.852041562545471E+002 -0.211767208638895E+001  0.629120647907257E+000  0.818244040012360E+000  0.910964190959930E+000  0.991010295022012E+003
  0.284738526775506E+002  0.678944183722685E+000  0.199626671221088E+002  0.927219558257428E+002 -0.213492948500686E+001  0.663135409355164E+000  0.825505852699280E+000  0.912654221057892E+000  0.991854059966016E+003
  0.193774960108262E+002  0.782366009249530E+000  0.219206035138698E+002  0.771732226504797E+002 -0.211526446627181E+001  0.611562848091125E+000  0.808426201343536E+000  0.904330909252167E+000  0.992387688990847E+003
  0.220228204017842E+002  0.719000112933715E+000  0.234676571014233E+002  0.831718794420979E+002 -0.211378383525783E+001  0.639409720897675E+000  0.825557947158813E+000  0.912919223308563E+000  0.991365210935921E+003
  0.266245204828503E+002  0.677062299485584E+000  0.210065356654668E+002  0.929294991164558E+002 -0.210555478881567E+001  0.675821840763092E+000  0.835507750511169E+000  0.919635951519012E+000  0.990916072060533E+003
  0.193106909069096E+002  0.788433366741684E+000  0.223894182055309E+002  0.815399494323462E+002 -0.214632409892777E+001  0.629716873168945E+000  0.821247756481171E+000  0.911430716514587E+000  0.991340167972206E+003
  0.197173433087195E+002  0.818450086614477E+000  0.212567415110077E+002  0.825698433472937E+002 -0.215231409240825E+001  0.610621988773346E+000  0.813450813293457E+000  0.908307969570160E+000  0.991084307405107E+003
  0.253171540882189E+002  0.637269450980426E+000  0.231389935399228E+002  0.835119205352538E+002 -0.210136745130488E+001  0.653229713439941E+000  0.826002538204193E+000  0.911513686180115E+000  0.991214916682051E+003
  0.223007835835353E+002  0.700045547905119E+000  0.221027197097987E+002  0.769397413901570E+002 -0.211202096518603E+001  0.622269570827484E+000  0.809150278568268E+000  0.903289437294006E+000  0.991478337538474E+003
  0.303682453002381E+002  0.585802409841323E+000  0.208654804758632E+002  0.894413293965610E+002 -0.212648518593808E+001  0.669699013233185E+000  0.828337132930756E+000  0.911421597003937E+000  0.991474146782386E+003
  0.149465349120226E+002  0.922125178030599E+000  0.210901040181976E+002  0.821220205451904E+002 -0.211700741639836E+001  0.634202837944031E+000  0.824050307273865E+000  0.913075625896454E+000  0.991814913336066E+003
  0.221935227221393E+002  0.791347289644168E+000  0.218468150595151E+002  0.912163422326053E+002 -0.212793758876386E+001  0.635313451290131E+000  0.828792273998260E+000  0.918073177337646E+000  0.990987523028105E+003
  0.203890145924915E+002  0.807510331076794E+000  0.202204421702221E+002  0.860861570017734E+002 -0.212791618111576E+001  0.639336287975311E+000  0.824812591075897E+000  0.913828969001770E+000  0.990979620128751E+003
  0.187131452078778E+002  0.845433957551888E+000  0.215712097599892E+002  0.809469448010231E+002 -0.212716456006430E+001  0.593818724155426E+000  0.807242453098297E+000  0.905480682849884E+000  0.990744641422911E+003
  0.267278500521188E+002  0.640368607952670E+000  0.218310856413212E+002  0.821136419899003E+002 -0.209163396505455E+001  0.636082470417023E+000  0.809425413608551E+000  0.903878569602966E+000  0.990946062428748E+003
  0.216990319897771E+002  0.752673868407965E+000  0.225090478350515E+002  0.892569581644930E+002 -0.211995581764692E+001  0.658405601978302E+000  0.836874425411224E+000  0.921082139015198E+000  0.991705586335653E+003
  0.250685242975932E+002  0.722988603219597E+000  0.211072246347213E+002  0.914482956617531E+002 -0.215192381651298E+001  0.655171215534210E+000  0.827948093414307E+000  0.917033493518829E+000  0.991519375720132E+003
  0.238425734504047E+002  0.712267284222472E+000  0.216186955913710E+002  0.824347565429000E+002 -0.210032720038163E+001  0.627580225467682E+000  0.810679078102112E+000  0.906325280666351E+000  0.992208686517556E+003
  0.226493030827944E+002  0.733826179146276E+000  0.209377106681815E+002  0.796926296886228E+002 -0.211744339733412E+001  0.616897523403168E+000  0.805836975574493E+000  0.903279781341553E+000  0.991986481118104E+003
  0.241838855677363E+002  0.705011326844226E+000  0.210637137420925E+002  0.847624169768260E+002 -0.214310504562372E+001  0.644523561000824E+000  0.819079101085663E+000  0.910318076610565E+000  0.991592749637657E+003
  0.321343747467559E+002  0.588582874234418E+000  0.206652071168188E+002  0.944576013289367E+002 -0.214962883627169E+001  0.675823628902435E+000  0.833944022655487E+000  0.915704309940338E+000  0.990942927425822E+003
  0.223998611571672E+002  0.705657590294087E+000  0.223117059916215E+002  0.836639384614942E+002 -0.209776791927576E+001  0.651700675487518E+000  0.828777492046356E+000  0.914356291294098E+000  0.991020625634207E+003
  0.264534845747114E+002  0.720329608855919E+000  0.195655889929270E+002  0.930514161154430E+002 -0.211859366510074E+001  0.666348516941071E+000  0.828279435634613E+000  0.915678203105927E+000  0.991277945855845E+003
  0.175620713943913E+002  0.834515610783248E+000  0.229553741505084E+002  0.823213242961188E+002 -0.210678014816822E+001  0.623963296413422E+000  0.822985112667084E+000  0.913024008274078E+000  0.991134961480495E+003
  0.204923007566916E+002  0.820906012782209E+000  0.218733541542862E+002  0.904476009996701E+002 -0.210262236772111E+001  0.634052574634552E+000  0.831224620342255E+000  0.919019401073456E+000  0.990937529094661E+003
  0.199770401534422E+002  0.868969324553505E+000  0.199433990011369E+002  0.911910264874356E+002 -0.211260734591553E+001  0.630146086215973E+000  0.824914932250977E+000  0.916579484939575E+000  0.991015052031518E+003
  0.280286951527120E+002  0.678383535783599E+000  0.214174074690940E+002  0.933353427157375E+002 -0.212861764681441E+001  0.657218635082245E+000  0.827455341815948E+000  0.915059268474579E+000  0.990736227084189E+003
  0.264783644920874E+002  0.682616879786636E+000  0.209366505059880E+002  0.864763213481443E+002 -0.208872776057699E+001  0.641661822795868E+000  0.814295232295990E+000  0.907849907875061E+000  0.991213507521410E+003
  0.206587054726164E+002  0.727245467504971E+000  0.227206223016815E+002  0.773021101573287E+002 -0.213044902554896E+001  0.628781974315643E+000  0.815254330635071E+000  0.906448602676392E+000  0.990995242122430E+003
  0.271222816441509E+002  0.748947720129059E+000  0.189596602354022E+002  0.971657620435833E+002 -0.212710113556347E+001  0.668155848979950E+000  0.831989884376526E+000  0.917292654514313E+000  0.990727697996402E+003
  0.240799225889359E+002  0.670432469791759E+000  0.224997964590602E+002  0.839481261150586E+002 -0.212672963042072E+001  0.654186725616455E+000  0.827226340770721E+000  0.912971198558807E+000  0.991424056486905E+003
  0.194750263405183E+002  0.804035189983554E+000  0.226643918550080E+002  0.832952765025177E+002 -0.209898365054263E+001  0.621111571788788E+000  0.820298135280609E+000  0.911905646324158E+000  0.991214814128107E+003
  0.177840082076865E+002  0.830659726229461E+000  0.216686251489635E+002  0.831586958658219E+002 -0.211162799149987E+001  0.636572837829590E+000  0.827001512050629E+000  0.914563000202179E+000  0.992301433765924E+003
  0.307947053381648E+002  0.573843886284772E+000  0.213705426164816E+002  0.883427229960184E+002 -0.210085000938394E+001  0.662942111492157E+000  0.825171947479248E+000  0.909369885921478E+000  0.991162955036168E+003
  0.296819073523441E+002  0.608607603536151E+000  0.216656181783206E+002  0.884344535944484E+002 -0.213145369212277E+001  0.654448568820953E+000  0.821951329708099E+000  0.908918857574463E+000  0.990862779663230E+003
  0.227091602694580E+002  0.727324780573664E+000  0.224306493896041E+002  0.861120784231047E+002 -0.211629983981693E+001  0.645398974418640E+000  0.827107369899750E+000  0.915040194988251E+000  0.992676689067834E+003
  0.314268400152354E+002  0.657902232803006E+000  0.188733976194058E+002  0.953140869464770E+002 -0.212290372489562E+001  0.669685006141663E+000  0.826316952705383E+000  0.911949336528778E+000  0.991079966882709E+003
  0.283654084225926E+002  0.615189533718119E+000  0.215099396578834E+002  0.892061142521684E+002 -0.209163422901081E+001  0.670183718204498E+000  0.830815017223358E+000  0.913901627063751E+000  0.991079507711271E+003
  0.178314837323078E+002  0.840690910417150E+000  0.219438994878263E+002  0.801889616649748E+002 -0.209988775194723E+001  0.607984364032745E+000  0.813273847103119E+000  0.907776415348053E+000  0.991995612499260E+003
  0.318948188034079E+002  0.576343360341158E+000  0.217628565312318E+002  0.960312710721417E+002 -0.212875416365990E+001  0.687206566333771E+000  0.842855632305145E+000  0.920088589191437E+000  0.990915673357176E+003
  0.241977534382840E+002  0.750691348208030E+000  0.214713018388678E+002  0.921098963230473E+002 -0.213868059636160E+001  0.646733939647675E+000  0.828193843364716E+000  0.917731404304504E+000  0.991685996958615E+003
  0.246709537764979E+002  0.749216790397427E+000  0.203563144913352E+002  0.905607961353268E+002 -0.211821025053504E+001  0.646246016025543E+000  0.821550428867340E+000  0.913797438144684E+000  0.992363881416608E+003
  0.304580035111434E+002  0.643026807974894E+000  0.191812258411299E+002  0.899431188543936E+002 -0.211982920632405E+001  0.657700598239899E+000  0.816875278949738E+000  0.906020164489746E+000  0.991153204456720E+003
  0.289178884316417E+002  0.644040681952378E+000  0.204009448893235E+002  0.936371753570896E+002 -0.212568350203027E+001  0.678855895996094E+000  0.834846794605255E+000  0.916917443275452E+000  0.991282292098674E+003
  0.227104820509941E+002  0.696850435177197E+000  0.232628998969981E+002  0.817032371083110E+002 -0.211898566063378E+001  0.637796938419342E+000  0.822410047054291E+000  0.910489022731781E+000  0.991614906206736E+003
  0.226732750657025E+002  0.721581828777529E+000  0.222190964737121E+002  0.808398316154169E+002 -0.212473425725937E+001  0.622983455657959E+000  0.811784684658051E+000  0.906385719776154E+000  0.992182443753113E+003
  0.304973873522258E+002  0.632221516058553E+000  0.210608988692284E+002  0.959358364540012E+002 -0.212019047067462E+001  0.674283981323242E+000  0.835304915904999E+000  0.917319774627686E+000  0.991174190042691E+003
  0.204865874284329E+002  0.791617817542400E+000  0.224093752148728E+002  0.848565913342467E+002 -0.210659933228325E+001  0.622949898242950E+000  0.821260392665863E+000  0.912701427936554E+000  0.991698000271431E+003
  0.270801732005212E+002  0.646762585886983E+000  0.220669312542434E+002  0.851759805287084E+002 -0.210885217559321E+001  0.642751514911652E+000  0.815211832523346E+000  0.907312989234924E+000  0.991208387344403E+003
  0.272801043613165E+002  0.614520520015211E+000  0.218206101852540E+002  0.815735807628052E+002 -0.212937958559661E+001  0.641759395599365E+000  0.811940729618073E+000  0.904005110263824E+000  0.991187263626774E+003
  0.215760371709879E+002  0.793619630662614E+000  0.218086625745326E+002  0.937261268334884E+002 -0.213353555746544E+001  0.657656967639923E+000  0.840637505054474E+000  0.924457967281342E+000  0.990923048770872E+003
  0.190946010552657E+002  0.806390464949738E+000  0.219519054836885E+002  0.821030836695381E+002 -0.214182726557169E+001  0.624535918235779E+000  0.820027053356171E+000  0.911042213439941E+000  0.992176667830396E+003
  0.249644921037773E+002  0.704728944641243E+000  0.205166788509446E+002  0.855566326230984E+002 -0.209871134476915E+001  0.644820511341095E+000  0.816004872322083E+000  0.909118115901947E+000  0.992146754407236E+003
  0.330675032345694E+002  0.567174881599149E+000  0.209671220588830E+002  0.969870541254921E+002 -0.212454189346966E+001  0.688613533973694E+000  0.842068493366241E+000  0.920337259769440E+000  0.991057876968641E+003
  0.267410717424634E+002  0.609575349355248E+000  0.225318363145532E+002  0.824330440745989E+002 -0.211326495477540E+001  0.650434970855713E+000  0.819450795650482E+000  0.907903134822845E+000  0.991586502385660E+003
  0.310311881799373E+002  0.567882758418097E+000  0.208080276631071E+002  0.854152658701142E+002 -0.211537567497997E+001  0.652283370494843E+000  0.815525114536285E+000  0.904185771942139E+000  0.990813717936863E+003
  0.199323910307057E+002  0.852823990678679E+000  0.203268910908522E+002  0.858294117991831E+002 -0.211539605146889E+001  0.608369827270508E+000  0.812673032283783E+000  0.909196794033051E+000  0.991455149532942E+003
  0.188844678460279E+002  0.831827395990481E+000  0.223527531599327E+002  0.863818582338085E+002 -0.215146608260670E+001  0.628599405288696E+000  0.827154278755188E+000  0.916023910045624E+000  0.990729366326638E+003
  0.255270852300719E+002  0.738904476504972E+000  0.206327175306431E+002  0.928144491165638E+002 -0.212137504619450E+001  0.651190102100372E+000  0.825444519519806E+000  0.915963113307953E+000  0.991940653252433E+003
  0.243585867272416E+002  0.709148113001213E+000  0.222923811187133E+002  0.891858390578024E+002 -0.214652218520173E+001  0.654761075973511E+000  0.829236268997192E+000  0.916848599910736E+000  0.991525488811047E+003
  0.303247721784756E+002  0.643830511641134E+000  0.200274477803556E+002  0.911772766012631E+002 -0.210568507347980E+001  0.655632078647614E+000  0.819105625152588E+000  0.908176004886627E+000  0.990786125355234E+003
  0.176340009077376E+002  0.851858475865731E+000  0.219490342495974E+002  0.836282903163092E+002 -0.208888392413980E+001  0.621773183345795E+000  0.823028147220612E+000  0.913151562213898E+000  0.991397372050945E+003
  0.233339781742406E+002  0.760621695986506E+000  0.219810125537578E+002  0.912944889032397E+002 -0.211637834060538E+001  0.643197417259216E+000  0.828805208206177E+000  0.917975246906281E+000  0.991329510582542E+003
  0.202727641736216E+002  0.827969475348299E+000  0.207778662596364E+002  0.892455390973908E+002 -0.212565992740443E+001  0.636716067790985E+000  0.828766107559204E+000  0.917079627513885E+000  0.992448342591151E+003
  0.227424382598548E+002  0.740875119283300E+000  0.206190131322714E+002  0.828495023645405E+002 -0.210492800546298E+001  0.632335424423218E+000  0.814249932765961E+000  0.907891571521759E+000  0.992135703735343E+003
  0.240903198659989E+002  0.694572365178280E+000  0.212716251912360E+002  0.787385999970159E+002 -0.211011428449676E+001  0.619990170001984E+000  0.801942169666290E+000  0.900962114334106E+000  0.991463387870466E+003
  0.237269401777333E+002  0.748850845785857E+000  0.204747763045895E+002  0.899928509550171E+002 -0.213177071399295E+001  0.654161274433136E+000  0.827461898326874E+000  0.916191160678864E+000  0.991957292110526E+003
  0.178617244833469E+002  0.834177937258847E+000  0.214622931871651E+002  0.811487496846507E+002 -0.211037470355232E+001  0.622286975383759E+000  0.819295585155487E+000  0.910332024097443E+000  0.992810508875238E+003
  0.177888079094793E+002  0.887815263797894E+000  0.205356425551449E+002  0.901708806880530E+002 -0.212397383555043E+001  0.642536818981171E+000  0.833129227161407E+000  0.919997751712799E+000  0.991548842353572E+003
  0.327909360318756E+002  0.568051210322798E+000  0.198519969832096E+002  0.907745870220628E+002 -0.210606467456405E+001  0.668978691101074E+000  0.824605464935303E+000  0.910011410713196E+000  0.990955662673833E+003
  0.252186114310414E+002  0.785674472023233E+000  0.191405645899167E+002  0.929934030543746E+002 -0.212677737850105E+001  0.641568958759308E+000  0.818735539913177E+000  0.911933720111847E+000  0.990751248407934E+003
  0.227538719010908E+002  0.760492974430028E+000  0.204135067446961E+002  0.834604933638646E+002 -0.210199778215222E+001  0.623669803142548E+000  0.810211837291718E+000  0.906605422496796E+000  0.992390897742168E+003
  0.203605825474899E+002  0.820152638550119E+000  0.218021903328119E+002  0.880662082617257E+002 -0.211507291656602E+001  0.623229086399078E+000  0.824946582317352E+000  0.915392220020294E+000  0.991466541985224E+003
  0.198966301064790E+002  0.807576466638278E+000  0.212806030857846E+002  0.838426577819905E+002 -0.208377738089818E+001  0.623356640338898E+000  0.819783389568329E+000  0.911304950714111E+000  0.991829126951928E+003
  0.226588883295398E+002  0.714855327664856E+000  0.230615440279866E+002  0.838956994687527E+002 -0.212404696194692E+001  0.638972103595734E+000  0.824138045310974E+000  0.912537753582001E+000  0.991859654361188E+003
  0.178614373591281E+002  0.844447969794664E+000  0.221908588405983E+002  0.814243517854824E+002 -0.209874655612121E+001  0.609489142894745E+000  0.815600156784058E+000  0.909313261508942E+000  0.991301936892911E+003
  0.236945868889450E+002  0.772519090175000E+000  0.206154206312492E+002  0.925061619720990E+002 -0.211268958949184E+001  0.649571001529694E+000  0.828380763530731E+000  0.917725086212158E+000  0.991922875035927E+003
  0.232426004344715E+002  0.757257911018915E+000  0.208153582600729E+002  0.835397246561269E+002 -0.212698937069761E+001  0.614602208137512E+000  0.806477248668671E+000  0.905284821987152E+000  0.991722183234777E+003
  0.175420016140280E+002  0.825969588934829E+000  0.221462679294323E+002  0.765601632068859E+002 -0.213449278407418E+001  0.607219398021698E+000  0.807937026023865E+000  0.904469072818756E+000  0.991315535876007E+003
  0.174156985146097E+002  0.867745384222084E+000  0.217785102901340E+002  0.852033955489092E+002 -0.211799122115585E+001  0.622561991214752E+000  0.825304567813873E+000  0.914743363857269E+000  0.992302115241152E+003
  0.220720690465878E+002  0.805638166514283E+000  0.205953646112839E+002  0.863448917601293E+002 -0.213045106126016E+001  0.613126516342163E+000  0.811111986637115E+000  0.908407866954803E+000  0.990830409470465E+003
  0.189855270242132E+002  0.783425617488408E+000  0.234786072438731E+002  0.829508494684729E+002 -0.210666614720110E+001  0.641724526882172E+000  0.828839004039764E+000  0.915426850318909E+000  0.990955274955413E+003
  0.216881720210269E+002  0.820895521088850E+000  0.197005926486028E+002  0.880340559529044E+002 -0.213258674266310E+001  0.628233671188354E+000  0.816879570484161E+000  0.911096274852753E+000  0.991683311641727E+003
  0.268587267140586E+002  0.660063479640361E+000  0.220557386413243E+002  0.898343616393755E+002 -0.210126747365901E+001  0.662084639072418E+000  0.827823519706726E+000  0.914934217929840E+000  0.991582553994448E+003
  0.253268616570775E+002  0.648940845761156E+000  0.222719272639794E+002  0.802576269636893E+002 -0.209139675885758E+001  0.634566485881805E+000  0.811171889305115E+000  0.904434978961945E+000  0.991146785184256E+003
  0.253806156705595E+002  0.727839005923925E+000  0.205074545681145E+002  0.885753152425072E+002 -0.209852406109319E+001  0.639706313610077E+000  0.815987706184387E+000  0.910309731960297E+000  0.991809004046325E+003
  0.236532185207452E+002  0.696696417860267E+000  0.224202310652139E+002  0.839139001377450E+002 -0.213795655600055E+001  0.643186151981354E+000  0.822041809558868E+000  0.911328315734863E+000  0.992015781482674E+003
  0.170575010350397E+002  0.863569904011666E+000  0.215936098689515E+002  0.880136986956352E+002 -0.210828420800532E+001  0.651874125003815E+000  0.837833344936371E+000  0.921581566333771E+000  0.991004663337490E+003
  0.199183234471641E+002  0.787920495937872E+000  0.222243593382109E+002  0.824927946249234E+002 -0.211574921182347E+001  0.624905526638031E+000  0.819683611392975E+000  0.911057889461517E+000  0.992910313808098E+003
  0.319906390831519E+002  0.581611028108099E+000  0.211171533904930E+002  0.922625483645619E+002 -0.210666293189603E+001  0.667101144790649E+000  0.828908622264862E+000  0.912667214870453E+000  0.990988479632940E+003
  0.237339560717498E+002  0.761730377134116E+000  0.212774656111653E+002  0.946642323855963E+002 -0.214437024591702E+001  0.661724030971527E+000  0.837029695510864E+000  0.922625422477722E+000  0.990814911556228E+003
  0.266447471717082E+002  0.753368995136741E+000  0.191182426574296E+002  0.947863950666974E+002 -0.212218745500852E+001  0.656277477741241E+000  0.825248658657074E+000  0.914098858833313E+000  0.991053432630964E+003
  0.252446923485036E+002  0.714921858210016E+000  0.206646056285655E+002  0.870955874981045E+002 -0.208122539440922E+001  0.640720665454865E+000  0.815344631671906E+000  0.909628927707672E+000  0.990994235568017E+003
  0.180873302102886E+002  0.813122728215078E+000  0.217022793661337E+002  0.743704101917663E+002 -0.210550747678101E+001  0.599639058113098E+000  0.800339043140411E+000  0.900543034076691E+000  0.991575431238667E+003
  0.193806886269350E+002  0.823349262250390E+000  0.218487834696104E+002  0.896369179179783E+002 -0.211097129729506E+001  0.649064898490906E+000  0.836391150951385E+000  0.921238124370575E+000  0.992035571317288E+003
  0.214892998138059E+002  0.721050911411918E+000  0.220873729671184E+002  0.813150694077706E+002 -0.212361049544205E+001  0.643916606903076E+000  0.824040651321411E+000  0.911615788936615E+000  0.990931149358207E+003
  0.257277969975146E+002  0.670754772931520E+000  0.210113716795502E+002  0.870807580216456E+002 -0.212845673446573E+001  0.660630404949188E+000  0.824509263038635E+000  0.913049519062042E+000  0.991372026446737E+003
  0.234031412978145E+002  0.781544061738970E+000  0.197737643453615E+002  0.850028484126786E+002 -0.212481318252361E+001  0.616154968738556E+000  0.803956925868988E+000  0.904535591602325E+000  0.990933462574494E+003
  0.241248291906672E+002  0.748064534670293E+000  0.200027439144907E+002  0.852676316169763E+002 -0.214519704657940E+001  0.629915297031403E+000  0.809159219264984E+000  0.906579613685608E+000  0.991138099910554E+003
  0.236582395253326E+002  0.775611077656691E+000  0.199230073249844E+002  0.885268929668994E+002 -0.214075111843187E+001  0.635046184062958E+000  0.815679371356964E+000  0.910600304603577E+000  0.991486620763482E+003
  0.204364721139404E+002  0.817358488276531E+000  0.214860685856608E+002  0.871044799994971E+002 -0.213551104729834E+001  0.621497333049774E+000  0.822589576244354E+000  0.913863182067871E+000  0.991883469802490E+003
  0.243877674667594E+002  0.720675282255123E+000  0.209889981546505E+002  0.853681679544767E+002 -0.214838799293770E+001  0.634407401084900E+000  0.814384281635284E+000  0.908823311328888E+000  0.991592293469423E+003
  0.274560573551083E+002  0.660459835915644E+000  0.213265104304899E+002  0.879599354467114E+002 -0.208907095716174E+001  0.649772346019745E+000  0.818704724311829E+000  0.909548938274384E+000  0.990734609975978E+003
  0.290107735460960E+002  0.664299764758334E+000  0.197661041309828E+002  0.919951325025584E+002 -0.209822113618293E+001  0.664718091487885E+000  0.824477195739746E+000  0.911215841770172E+000  0.991274934315141E+003
  0.154393433659236E+002  0.902923651023867E+000  0.211953980004910E+002  0.853856475682997E+002 -0.213066203138479E+001  0.645977199077606E+000  0.834015250205994E+000  0.918507039546967E+000  0.990894938331962E+003
  0.168174253501860E+002  0.838323157980350E+000  0.220182484974936E+002  0.782834146822556E+002 -0.212718950359397E+001  0.620986163616180E+000  0.816420018672943E+000  0.908475339412689E+000  0.991393227992271E+003
  0.153572749614895E+002  0.918977547897055E+000  0.211907031192793E+002  0.825208612255279E+002 -0.211752820871140E+001  0.625500738620758E+000  0.821185410022736E+000  0.911919534206390E+000  0.991790756386127E+003
  0.198984376920283E+002  0.789537378150260E+000  0.208977667867054E+002  0.804367844856328E+002 -0.208947837244209E+001  0.622671663761139E+000  0.814593374729156E+000  0.907651782035828E+000  0.991680067181635E+003
  0.252494710050347E+002  0.713055782786837E+000  0.214202867573485E+002  0.876760150508586E+002 -0.212157984330350E+001  0.637846469879150E+000  0.816481411457062E+000  0.910679996013641E+000  0.992051111872049E+003
  0.187785704443008E+002  0.815420415579291E+000  0.216746909663494E+002  0.857112448566402E+002 -0.208675742238502E+001  0.644990503787994E+000  0.831646203994751E+000  0.917488396167755E+000  0.991177784375697E+003
  0.210500389012862E+002  0.767360794558185E+000  0.218595787505738E+002  0.863702631274893E+002 -0.213853648924788E+001  0.645252883434296E+000  0.829820096492767E+000  0.916608989238739E+000  0.992098063341643E+003
  0.288825335730171E+002  0.590292546698587E+000  0.220264586897658E+002  0.901645017726349E+002 -0.211197557265761E+001  0.681253254413605E+000  0.837537407875061E+000  0.916893780231476E+000  0.990866129694758E+003
  0.293927749644979E+002  0.591304002733400E+000  0.218207255224170E+002  0.882966075270176E+002 -0.212378636212792E+001  0.665619611740112E+000  0.828333437442780E+000  0.911703407764435E+000  0.991818718755095E+003
  0.161732720289196E+002  0.876727780938317E+000  0.224345974532751E+002  0.839116927596372E+002 -0.210144934080085E+001  0.630488574504852E+000  0.828013181686401E+000  0.915567457675934E+000  0.990857692529902E+003
  0.259753319831834E+002  0.648152684585730E+000  0.214435701375281E+002  0.800100268302861E+002 -0.208866003034750E+001  0.631693542003632E+000  0.805152297019958E+000  0.901965439319611E+000  0.990871933442323E+003
  0.307236465414003E+002  0.561081948541332E+000  0.212393145208184E+002  0.863919374786994E+002 -0.209489209492929E+001  0.661753833293915E+000  0.822827577590942E+000  0.907344758510590E+000  0.990785288341030E+003
  0.276364912882469E+002  0.668932249725625E+000  0.205077677690142E+002  0.906212812117951E+002 -0.208416268959599E+001  0.662066817283630E+000  0.825535774230957E+000  0.912907958030701E+000  0.990840728390780E+003
  0.155201366812075E+002  0.931949930519393E+000  0.203115947643813E+002  0.832472837620621E+002 -0.210703968768185E+001  0.624813735485077E+000  0.817051827907562E+000  0.910533130168915E+000  0.991680344781317E+003
  0.238175270060289E+002  0.704864869056886E+000  0.214278101755920E+002  0.864205255391202E+002 -0.209114895122218E+001  0.654698789119720E+000  0.827032864093781E+000  0.914555907249451E+000  0.991542899071363E+003
  0.239488477460067E+002  0.751794610176091E+000  0.217327318740515E+002  0.929309116999920E+002 -0.214954570161122E+001  0.652718126773834E+000  0.832153737545013E+000  0.919875085353851E+000  0.990933915136507E+003
  0.226620465577208E+002  0.728584920210370E+000  0.229394758558312E+002  0.889965676692244E+002 -0.210211275514772E+001  0.657919645309448E+000  0.835786402225494E+000  0.920090556144714E+000  0.990997295226203E+003
  0.234660315798226E+002  0.708029580977362E+000  0.216579444625691E+002  0.862026733164257E+002 -0.210068545600370E+001  0.654139995574951E+000  0.827884018421173E+000  0.914989888668060E+000  0.992038967580643E+003
  0.245488377421127E+002  0.717442506009445E+000  0.201524954498560E+002  0.815957552095037E+002 -0.209238375165546E+001  0.624266088008881E+000  0.802303493022919E+000  0.902036964893341E+000  0.990838387430988E+003
  0.263832583044314E+002  0.695289756975112E+000  0.216670142909508E+002  0.915255209235270E+002 -0.209737888843670E+001  0.654899656772614E+000  0.826143801212311E+000  0.915592610836029E+000  0.990898799869056E+003
  0.165463182793120E+002  0.866918806422167E+000  0.213139961274060E+002  0.832424234171536E+002 -0.210177306822724E+001  0.634430468082428E+000  0.826847732067108E+000  0.914593875408173E+000  0.991765179785788E+003
  0.288977615838007E+002  0.605997429498558E+000  0.219552162018792E+002  0.883510465883530E+002 -0.209862936865594E+001  0.662328898906708E+000  0.827174246311188E+000  0.911620795726776E+000  0.991324241972854E+003
  0.206504298094455E+002  0.839222862286483E+000  0.203776990387429E+002  0.909485646514564E+002 -0.212106114176935E+001  0.635896146297455E+000  0.827960669994354E+000  0.917424261569977E+000  0.991741322921427E+003
  0.176614843391044E+002  0.822262165865995E+000  0.213541020106125E+002  0.767711169916194E+002 -0.210429546660936E+001  0.613932013511658E+000  0.810087859630585E+000  0.905027329921722E+000  0.991996545104661E+003
  0.289073513364398E+002  0.584314275346952E+000  0.221213323452867E+002  0.858237447484416E+002 -0.213054560584418E+001  0.660440385341644E+000  0.824816882610321E+000  0.909567534923553E+000  0.991286467608721E+003
  0.152717123109016E+002  0.912572362701784E+000  0.202942088651049E+002  0.803474861057970E+002 -0.210041147401662E+001  0.634896278381348E+000  0.819032251834869E+000  0.909710109233856E+000  0.991278211594682E+003
  0.269494252471450E+002  0.622580025887208E+000  0.219674135520243E+002  0.852829599892596E+002 -0.213437589489106E+001  0.658916056156158E+000  0.824131369590759E+000  0.910898208618164E+000  0.991341150043153E+003
  0.218312178691144E+002  0.735212248146199E+000  0.221544281552182E+002  0.850215867434219E+002 -0.208563878260856E+001  0.647200345993042E+000  0.828515529632568E+000  0.915368139743805E+000  0.991248520654623E+003
  0.249925648271993E+002  0.782775443492170E+000  0.193489156348009E+002  0.946281255035877E+002 -0.212020388335319E+001  0.652654170989990E+000  0.825442731380463E+000  0.915935575962067E+000  0.990933985757014E+003
  0.250206758708037E+002  0.675816566082208E+000  0.211579820747725E+002  0.833148893517785E+002 -0.214032748638575E+001  0.645508348941803E+000  0.816069543361664E+000  0.908150017261505E+000  0.991096685551667E+003
  0.212004973441746E+002  0.737635684959505E+000  0.214992876996129E+002  0.756026829469610E+002 -0.210665156135555E+001  0.607066094875336E+000  0.802117347717285E+000  0.900508821010590E+000  0.991514948065501E+003
  0.264863109641263E+002  0.689935625773981E+000  0.209129710296019E+002  0.924797926405763E+002 -0.210401563151326E+001  0.666974842548370E+000  0.831656634807587E+000  0.917798817157745E+000  0.991833399876169E+003
  0.265419342369476E+002  0.677589514413172E+000  0.210175198892893E+002  0.886929203519860E+002 -0.212766859005793E+001  0.654893636703491E+000  0.822530090808868E+000  0.912205517292023E+000  0.992654189959685E+003
  0.150657451237768E+002  0.933345333767446E+000  0.209045012556016E+002  0.851831421960582E+002 -0.212403743404460E+001  0.636163413524628E+000  0.827375531196594E+000  0.916103243827820E+000  0.991464002596695E+003
  0.167122985750283E+002  0.875309190835984E+000  0.223956897818531E+002  0.845541315224224E+002 -0.210871732623271E+001  0.621187269687653E+000  0.825522959232330E+000  0.914962470531464E+000  0.990822871728722E+003
  0.161973192641633E+002  0.906588979267042E+000  0.202258255890354E+002  0.826617456809685E+002 -0.213176106550336E+001  0.623427152633667E+000  0.816960513591766E+000  0.910051167011261E+000  0.991779683417445E+003
  0.225426691039488E+002  0.727388041309636E+000  0.209825218941985E+002  0.792245587245013E+002 -0.210312965199350E+001  0.620559751987457E+000  0.807228744029999E+000  0.903576791286469E+000  0.991783530321434E+003
  0.156895711830116E+002  0.917900580282965E+000  0.202681433394122E+002  0.849656564754817E+002 -0.209332288626549E+001  0.637077987194061E+000  0.825997233390808E+000  0.914489209651947E+000  0.990935180567299E+003
  0.178728929220711E+002  0.881881093635550E+000  0.197209784272447E+002  0.850145075380282E+002 -0.210961180457946E+001  0.626177430152893E+000  0.819452106952667E+000  0.911549270153046E+000  0.991772250078554E+003
  0.262599031276791E+002  0.651595949286418E+000  0.211818892038683E+002  0.828994724718315E+002 -0.208269990501125E+001  0.643070876598358E+000  0.812363088130951E+000  0.905819237232208E+000  0.990961470720302E+003
  0.199885134688315E+002  0.840682580978627E+000  0.209776561357529E+002  0.913995116876223E+002 -0.213521582601651E+001  0.641692101955414E+000  0.833620965480804E+000  0.920225024223328E+000  0.991604229414322E+003
  0.201893837599271E+002  0.810294715694812E+000  0.222143075454557E+002  0.925165128039016E+002 -0.213137813789073E+001  0.660147070884705E+000  0.841940224170685E+000  0.925014555454254E+000  0.990759303318819E+003
  0.279024093748176E+002  0.668835725667512E+000  0.205611284696011E+002  0.938063533390551E+002 -0.214375261591193E+001  0.674367845058441E+000  0.834063231945038E+000  0.917737782001495E+000  0.991069092164847E+003
  0.312096148829349E+002  0.598147961445127E+000  0.209241759373667E+002  0.924704672233670E+002 -0.214718271731683E+001  0.668733060359955E+000  0.829824805259705E+000  0.913142144680023E+000  0.991135923756922E+003
  0.257758159353487E+002  0.673599293194263E+000  0.217937933719645E+002  0.874876769426848E+002 -0.209850262357033E+001  0.655414760112762E+000  0.823626816272736E+000  0.913060247898102E+000  0.992173028155245E+003
  0.198087593281759E+002  0.798209069076631E+000  0.229856715463281E+002  0.878022316859166E+002 -0.213669296738761E+001  0.645441412925720E+000  0.833212196826935E+000  0.919357359409332E+000  0.991156185670468E+003
  0.203618303730576E+002  0.789543382189393E+000  0.224486200746970E+002  0.897371897532983E+002 -0.210550474052510E+001  0.656529963016510E+000  0.837877392768860E+000  0.922065019607544E+000  0.991359475214510E+003
  0.166500319612693E+002  0.932204223265123E+000  0.191232791537553E+002  0.864622743814974E+002 -0.211027306221622E+001  0.625401735305786E+000  0.819376409053802E+000  0.912683844566345E+000  0.991100830016169E+003
  0.209970560753369E+002  0.832120289197504E+000  0.197138349174169E+002  0.902715596299894E+002 -0.212809901005895E+001  0.641072809696198E+000  0.826378047466278E+000  0.916083216667175E+000  0.991348322496080E+003
  0.315860898126271E+002  0.565133194502455E+000  0.216647535288414E+002  0.923766605769580E+002 -0.212624969414749E+001  0.677997171878815E+000  0.836083948612213E+000  0.915454387664795E+000  0.991503358252020E+003
  0.183056258266799E+002  0.804860345798522E+000  0.218096298670881E+002  0.769254912514865E+002 -0.209837686160998E+001  0.612254858016968E+000  0.809870123863220E+000  0.905013024806976E+000  0.992098581908547E+003
  0.201941360968250E+002  0.813518609451646E+000  0.208810829523041E+002  0.802048191731313E+002 -0.211417991824368E+001  0.596003532409668E+000  0.803230524063110E+000  0.903140544891357E+000  0.991404508813630E+003
  0.283605972272480E+002  0.623016863837596E+000  0.218551056831317E+002  0.909323236385579E+002 -0.209787409970628E+001  0.673337161540985E+000  0.833861112594604E+000  0.916067898273468E+000  0.991279476712340E+003
  0.254059440977738E+002  0.730811883557203E+000  0.207874238690774E+002  0.875945927908175E+002 -0.211861259883236E+001  0.628326714038849E+000  0.810999095439911E+000  0.908014655113220E+000  0.991139053061694E+003
  0.196431420316126E+002  0.818051229599199E+000  0.214624700224010E+002  0.849553613413207E+002 -0.214255635924109E+001  0.623838663101196E+000  0.821998059749603E+000  0.912794947624207E+000  0.992353696155704E+003
  0.276425322608654E+002  0.715996217399936E+000  0.197902083191236E+002  0.951524089476915E+002 -0.213302192827705E+001  0.663334727287292E+000  0.828774631023407E+000  0.915689766407013E+000  0.991343549215356E+003
  0.285391055953711E+002  0.620740277008595E+000  0.211497922886653E+002  0.902478199822317E+002 -0.210284481665490E+001  0.672704577445984E+000  0.831708788871765E+000  0.914622724056244E+000  0.991398317741558E+003
  0.280614005939346E+002  0.624680752834008E+000  0.221454957741988E+002  0.924136287579463E+002 -0.212167422049688E+001  0.682479560375214E+000  0.839517414569855E+000  0.919538319110870E+000  0.991239479851275E+003
  0.282516719297679E+002  0.637741495310188E+000  0.211620205536964E+002  0.920289338525999E+002 -0.210243273564497E+001  0.675628483295441E+000  0.834152817726135E+000  0.916801750659943E+000  0.991319167489896E+003
  0.344007476712825E+002  0.516829317722562E+000  0.204172676506369E+002  0.900911580376804E+002 -0.211419416388327E+001  0.672066509723663E+000  0.826087176799774E+000  0.908680379390717E+000  0.990855055103669E+003
  0.235776771571292E+002  0.700019556589846E+000  0.223727960504606E+002  0.874151693871868E+002 -0.211703015758950E+001  0.660860240459442E+000  0.832909047603607E+000  0.917543709278107E+000  0.991792983931585E+003
  0.157558215811681E+002  0.932015505919920E+000  0.201412418575447E+002  0.887719916754945E+002 -0.212660290672676E+001  0.643435895442963E+000  0.830938041210175E+000  0.919322788715363E+000  0.990911469197875E+003
  0.187099488278892E+002  0.840105491722166E+000  0.219279365339886E+002  0.876523784132405E+002 -0.210890050149213E+001  0.634967148303986E+000  0.830694794654846E+000  0.917957961559296E+000  0.992335840243833E+003
  0.250653110574764E+002  0.715966426499774E+000  0.210636636169195E+002  0.874115535065778E+002 -0.215094175420799E+001  0.639258801937103E+000  0.816876947879791E+000  0.910614669322968E+000  0.991396441428370E+003
  0.168393622840875E+002  0.927370768783496E+000  0.191938614037192E+002  0.876640331563624E+002 -0.212776391561985E+001  0.629930913448334E+000  0.823082506656647E+000  0.914703547954559E+000  0.990879551273349E+003
  0.285691194291024E+002  0.653573275820334E+000  0.201227044241922E+002  0.869801810097237E+002 -0.213005115243704E+001  0.646409571170807E+000  0.813028395175934E+000  0.904910624027252E+000  0.991635932233635E+003
  0.241125982066039E+002  0.717249476197384E+000  0.212382301363549E+002  0.894275349454623E+002 -0.210530700629340E+001  0.659366309642792E+000  0.830866396427155E+000  0.917491257190704E+000  0.991925720788078E+003
  0.199449960609693E+002  0.785815773464781E+000  0.214062613536432E+002  0.769244822280991E+002 -0.208996908612210E+001  0.599377572536469E+000  0.802177548408508E+000  0.901576101779938E+000  0.991435965910193E+003
  0.217781599787525E+002  0.746677242225352E+000  0.208491341406065E+002  0.834283684778125E+002 -0.210996187956184E+001  0.640710711479187E+000  0.822344779968262E+000  0.911660850048065E+000  0.991194270547328E+003
  0.155369292511545E+002  0.910674082848227E+000  0.203040840568960E+002  0.786416171220599E+002 -0.211174826527462E+001  0.622731208801270E+000  0.810611546039581E+000  0.905752718448639E+000  0.991487606850567E+003
  0.211966760791225E+002  0.772864287010942E+000  0.223974283858269E+002  0.843922848090903E+002 -0.214592298235720E+001  0.622805833816528E+000  0.819587528705597E+000  0.911707699298859E+000  0.991274066869958E+003
  0.309587790528871E+002  0.631892021269939E+000  0.195110390390167E+002  0.906124731107784E+002 -0.212289409110007E+001  0.657947778701782E+000  0.818236351013184E+000  0.907146453857422E+000  0.991302428457444E+003
  0.186355343236667E+002  0.823023657544681E+000  0.206847173295343E+002  0.754666029394125E+002 -0.209598090947567E+001  0.597723662853241E+000  0.797658622264862E+000  0.899407565593719E+000  0.991069572012462E+003
  0.191944389837978E+002  0.842026748362976E+000  0.212369836613965E+002  0.872434180774574E+002 -0.212074728939204E+001  0.628683626651764E+000  0.826076626777649E+000  0.915454983711243E+000  0.992693564832173E+003
  0.159653151004711E+002  0.933362818566218E+000  0.206396046711798E+002  0.842481244196109E+002 -0.211347023207537E+001  0.611524105072021E+000  0.813041090965271E+000  0.910164415836334E+000  0.990733412764530E+003
  0.213383751454470E+002  0.729328311768722E+000  0.223751085007655E+002  0.750615995308706E+002 -0.210311775959866E+001  0.601563870906830E+000  0.800851881504059E+000  0.899808347225189E+000  0.991113413412366E+003
  0.184463790553625E+002  0.882576917391598E+000  0.198905699463117E+002  0.884050808783323E+002 -0.212093930216412E+001  0.632423222064972E+000  0.824737966060638E+000  0.915383756160736E+000  0.991761528841395E+003
  0.205506146213365E+002  0.753501172161417E+000  0.211058305807706E+002  0.776575834277679E+002 -0.210529708607067E+001  0.621811687946320E+000  0.810643136501312E+000  0.904775500297546E+000  0.991208160271150E+003
  0.176337997913146E+002  0.857496417640089E+000  0.225272746659127E+002  0.858259171419841E+002 -0.213389369234744E+001  0.625949919223785E+000  0.827325403690338E+000  0.916170835494995E+000  0.990966449974955E+003
  0.280686557104670E+002  0.697412734826071E+000  0.190221798925383E+002  0.920788784148283E+002 -0.210935560182842E+001  0.663744509220123E+000  0.823582172393799E+000  0.910978138446808E+000  0.991132114734786E+003
  0.174767629563785E+002  0.876583030751217E+000  0.212625341900414E+002  0.852701791631394E+002 -0.214582999079752E+001  0.620804607868195E+000  0.823091328144073E+000  0.913660168647766E+000  0.991587775992979E+003
  0.243733723823966E+002  0.744863900272617E+000  0.198428268220278E+002  0.883795600358408E+002 -0.208825236686597E+001  0.647806644439697E+000  0.819058477878571E+000  0.911693513393402E+000  0.990868234352817E+003
  0.276815802613650E+002  0.686832824161987E+000  0.204957451207277E+002  0.965145762167521E+002 -0.213239272165855E+001  0.680433392524719E+000  0.839005589485168E+000  0.921333611011505E+000  0.991158490194521E+003
  0.201249814732303E+002  0.752044480868998E+000  0.217490127872448E+002  0.758306753696844E+002 -0.212513537786251E+001  0.615897119045258E+000  0.807403683662415E+000  0.903050959110260E+000  0.991272789005830E+003
  0.186047678787950E+002  0.876860366554217E+000  0.211130585978014E+002  0.898963009223768E+002 -0.212772024321102E+001  0.627937138080597E+000  0.828058481216431E+000  0.917842924594879E+000  0.991009381178707E+003
  0.191804338179668E+002  0.796307574687280E+000  0.224025722472212E+002  0.826038127390267E+002 -0.212337708720367E+001  0.631454169750214E+000  0.823356568813324E+000  0.912785172462463E+000  0.992733020555750E+003
  0.223591246272760E+002  0.709200489326892E+000  0.215901798928074E+002  0.765597183260693E+002 -0.208690863235107E+001  0.617079257965088E+000  0.804602921009064E+000  0.901435077190399E+000  0.990841793608452E+003
  0.278640279557014E+002  0.664992155444447E+000  0.197297854595476E+002  0.870508268835338E+002 -0.212675723968706E+001  0.652641713619232E+000  0.815301954746246E+000  0.906322419643402E+000  0.991299263039369E+003
  0.190211543677175E+002  0.771531610528637E+000  0.221626174792721E+002  0.775036678763058E+002 -0.212803430337745E+001  0.627777397632599E+000  0.815968096256256E+000  0.907496750354767E+000  0.990977476842968E+003
  0.277743990591756E+002  0.608811033271423E+000  0.223686617825378E+002  0.823664274828036E+002 -0.212241056780614E+001  0.640085160732269E+000  0.812629342079163E+000  0.904189705848694E+000  0.990810682406705E+003
  0.190044000565526E+002  0.786737211807925E+000  0.233903463778391E+002  0.826189344475687E+002 -0.211776669435051E+001  0.637433290481567E+000  0.826687157154083E+000  0.914374113082886E+000  0.991407551656505E+003
  0.164745626609580E+002  0.886497250049377E+000  0.213578007155095E+002  0.830352931576719E+002 -0.210018371458602E+001  0.618161261081696E+000  0.820923507213593E+000  0.911975681781769E+000  0.992069197752371E+003
  0.242993940491596E+002  0.730646338320293E+000  0.198771871451882E+002  0.848815480796671E+002 -0.211276924532903E+001  0.639624059200287E+000  0.812205016613007E+000  0.907369792461395E+000  0.991616853842367E+003
  0.257252324605179E+002  0.744659208025493E+000  0.190566403909213E+002  0.890540677112238E+002 -0.210359890206646E+001  0.643970966339111E+000  0.814377844333649E+000  0.908295094966888E+000  0.991266447227590E+003
