  0.100000000000000E+001  0.469094751519881E+003  0.802676513404504E+002  0.645510933703321E+000  0.335965121639641E+002  0.366922854560803E+002 -0.176709395398295E+001  0.438425689935684E-003  0.175797007977962E-001  0.252590507268906E+000
  0.100000000000000E+001 -0.765272349153146E+003  0.552112780846725E+002  0.182847112631772E+001  0.808380361721160E+002  0.829047966036791E+002 -0.134524274633426E+001 -0.289861112833023E-003 -0.129844993352890E-003  0.221110880374908E-003
  0.100000000000000E+001  0.832368549697931E+007  0.750807027179282E+002  0.517165379230384E+000  0.431233538609483E+002  0.375646688058247E+002 -0.430750738957554E+001  0.332333147525787E-003  0.622321292757988E-002  0.240499168634415E+000
  0.100000000000000E+001  0.235505375091011E+007  0.755308943177603E+002  0.918761932670453E+000  0.645599001772035E+002  0.330888355287996E+002 -0.337397504426110E+001  0.606290996074677E-004  0.256597995758057E-003  0.452105104923248E-001
  0.100000000000000E+001  0.548530311519433E+005  0.661525572953100E+002  0.126149360401398E+001  0.555906364567635E+002  0.194917048036261E+002 -0.237724218642762E+001  0.470913946628571E-004  0.234901905059814E-003  0.254320055246353E-001
  0.100000000000000E+001  0.883020087471279E+003  0.897608918291461E+002  0.109403235789877E+001  0.545587016072707E+002  0.918452966483515E+002 -0.194205606351141E+001  0.170815736055374E-003  0.159718841314316E-002  0.237380295991898E+000
  0.100000000000000E+001  0.164807711872824E+007  0.575174704813042E+002  0.130461155538800E+001  0.219931193358693E+002  0.184596165733165E+002 -0.432713704645484E+001  0.617788359522820E-002  0.756037980318069E-001  0.334486573934555E+000
  0.100000000000000E+001  0.853907549054838E+007  0.514879874133903E+002  0.864726658230084E+000  0.570289957446965E+002  0.652068733317212E+002 -0.479494838516819E+001  0.420521944761276E-003  0.838037356734276E-001  0.620760381221771E+000
  0.100000000000000E+001  0.833248250894290E+002  0.553421767782480E+002  0.840055219319042E+000  0.736350646842771E+002  0.845785587282560E+002 -0.243443058911935E+001  0.411365181207657E-003  0.220384836196899E+000  0.727156877517700E+000
  0.100000000000000E+001  0.247691558035348E+004  0.814414360446006E+002  0.156930877491694E+001  0.139157942262752E+002  0.434047967005512E+002 -0.194526854122254E+001  0.553763061761856E-001  0.176095664501190E+000  0.397717922925949E+000
  0.100000000000000E+001  0.908956701851946E+008  0.851518427274932E+002  0.122668858128402E+001  0.398993191521404E+002  0.574201499979020E+002 -0.530368444745262E+001  0.183884054422379E-003  0.533800572156906E-003  0.762043073773384E-001
  0.100000000000000E+001  0.474839717921115E+007  0.889100101386303E+002  0.109692090492504E+001  0.934306048740952E+002  0.781024973807533E+002 -0.364969657995369E+001 -0.712312757968903E-004  0.142592936754227E-003  0.352525934576988E-001
  0.100000000000000E+001 -0.159052191029981E+003  0.898115144393025E+002  0.159800838340343E+001  0.547129202789042E+002  0.267760184278429E+002 -0.523385321566480E+000 -0.870190560817719E-004  0.523738563060760E-004  0.344820320606232E-003
  0.100000000000000E+001  0.392436673962280E+005  0.202790072804704E+002  0.129669329206580E+001  0.857287873661435E+002  0.437358974237366E+002 -0.304803238489022E+001  0.262223184108734E-003  0.973236709833145E-001  0.689483582973480E+000
  0.100000000000000E+001  0.693403707989451E+010  0.916754497807596E+002  0.184219942002242E+001  0.643793871045419E+002  0.280216872389733E+002 -0.583417246434362E+001 -0.248324126005173E-003 -0.131901353597641E-003  0.951625406742096E-004
  0.100000000000000E+001  0.432116265706063E+007  0.220062416937495E+002  0.163006490307453E+001  0.294501457505241E+002  0.962393350710264E+002 -0.540426875776388E+001  0.173686221241951E-001  0.190765455365181E+000  0.603485405445099E+000
  0.100000000000000E+001 -0.267638624640761E+003  0.297985797651411E+002  0.114632886509418E+001  0.265748353543626E+002  0.796109325460718E+002 -0.594917665574588E+000  0.114847198128700E+000  0.401857018470764E+000  0.751901984214783E+000
  0.100000000000000E+001  0.112194370810116E+004  0.288848466154634E+002  0.187506846108562E+001  0.251946231749677E+002  0.537418164325251E+002 -0.190946381453827E+001  0.340618565678596E-002  0.623922869563103E-001  0.333758354187012E+000
  0.100000000000000E+001 -0.141800778883989E+004  0.325140950104680E+002  0.735715110325182E+000  0.582032866637498E+002  0.324424708411476E+002 -0.148511563258547E+001  0.311041250824928E-002  0.282283663749695E+000  0.686196327209473E+000
  0.100000000000000E+001  0.390700810217586E+006  0.249876678782864E+002  0.115492007781972E+001  0.103640004287125E+002  0.917635168757655E+001 -0.409830335231020E+001  0.418133318424225E+000  0.605860412120819E+000  0.774091064929962E+000
  0.100000000000000E+001  0.545498823423871E+007  0.494509935158922E+002  0.142811167219602E+001  0.314935981309351E+002  0.978528346551496E+002 -0.538289750476845E+001  0.613737851381302E-002  0.108392864465714E+000  0.458743453025818E+000
  0.100000000000000E+001 -0.950451644586272E+003  0.808991842149110E+002  0.901411393341949E+000  0.601189915170731E+002  0.901816383312047E+002 -0.124144757625356E+001  0.287830829620361E-003  0.245775263756514E-001  0.543643772602081E+000
  0.100000000000000E+001 -0.169944345085968E+004  0.303435298375950E+002  0.805568853900559E+000  0.262675444540922E+002  0.274306822380327E+002 -0.227768239800153E+001  0.114159598946571E+000  0.392825573682785E+000  0.686167359352112E+000
  0.100000000000000E+001  0.252207793749621E+007  0.415700369293020E+002  0.138554171343955E+001  0.720048959144651E+002  0.322166343522840E+002 -0.343963383731110E+001 -0.174716114997864E-005  0.236857682466507E-003  0.924774110317230E-001
  0.100000000000000E+001  0.505428992495852E+007  0.262765895248888E+002  0.813601585839447E+000  0.237224821491014E+002  0.634629935067849E+001 -0.597497436053569E+001  0.188993453979492E+000  0.458509504795074E+000  0.703543722629547E+000
  0.100000000000000E+001  0.998703640711008E+004  0.500334757362266E+002  0.163782003735471E+001  0.486338455281803E+002  0.514368350072731E+002 -0.204011887656830E+001  0.264532864093781E-004  0.245988368988037E-003  0.206557624042034E-001
  0.100000000000000E+001  0.172913844572669E+010  0.907104606097623E+002  0.801535899435211E+000  0.767495471430732E+002  0.118037034929143E+002 -0.584585426258567E+001 -0.344216823577881E-004  0.131048262119293E-003  0.166409090161324E-002
  0.100000000000000E+001 -0.375201466053274E+003  0.272677159173971E+002  0.175429505408117E+001  0.609334383130296E+002  0.181985797423891E+002 -0.691796433328095E+000 -0.207498669624329E-005  0.251997262239456E-003  0.647076591849327E-001
  0.100000000000000E+001 -0.703017163159672E+003  0.548048765077405E+002  0.959194633437665E+000  0.315592710279436E+002  0.982868061191329E+002 -0.932003633533266E+000  0.740327388048172E-001  0.372523725032806E+000  0.751515805721283E+000
  0.100000000000000E+001  0.707349727680323E+004  0.502556196790662E+002  0.108145984100099E+001  0.679152612621776E+002  0.849070046221607E+002 -0.256284452035778E+001  0.231545418500900E-003  0.246275831013918E-001  0.573279917240143E+000
  0.100000000000000E+001  0.198479624088710E+004  0.478318706090512E+002  0.106301941593954E+001  0.665693984813716E+002  0.768857844329643E+002 -0.230474319044346E+001  0.238843262195587E-003  0.218407735228539E-001  0.565010190010071E+000
  0.100000000000000E+001  0.432863296134262E+009  0.894889769690686E+002  0.708806733883590E+000  0.945944653948388E+002  0.529835543856974E+002 -0.595664193239120E+001  0.934675335884094E-005  0.242691487073898E-003  0.137525677680969E+000
  0.100000000000000E+001  0.220523853724417E+010  0.540500860275410E+002  0.179196022796949E+001  0.592889671969922E+002  0.369513318538008E+002 -0.569663236902815E+001 -0.150255858898163E-003  0.971928238868713E-005  0.362657010555267E-003
  0.100000000000000E+001 -0.101870003442614E+004  0.196887855875300E+002  0.152953257075388E+001  0.556085178302515E+002  0.118099630987728E+002 -0.167880600217954E+001  0.268835574388504E-003  0.194792933762074E-001  0.519101977348328E+000
  0.100000000000000E+001  0.426967628381596E+004  0.387862127047805E+002  0.127828099784959E+001  0.216129203381996E+002  0.149732691902173E+002 -0.251117464792057E+001  0.324050597846508E-001  0.194348111748695E+000  0.510248482227325E+000
  0.100000000000000E+001 -0.819705524199689E+003  0.187258632830299E+002  0.188166788734746E+001  0.267828384272416E+002  0.842617889241885E+002 -0.197702204464495E+001  0.592899695038795E-002  0.104392066597939E+000  0.455687463283539E+000
  0.100000000000000E+001  0.161115371763754E+009  0.543595958885711E+002  0.149004270849998E+001  0.448759611774864E+002  0.370248951695507E+002 -0.510315255424257E+001  0.107884407043457E-003  0.357270240783691E-003  0.513212159276009E-001
  0.100000000000000E+001  0.346690882734535E+008  0.163161206002045E+002  0.170123512647978E+001  0.714533008889426E+002  0.630178278936724E+002 -0.478892050953486E+001  0.945031642913818E-004  0.334843620657921E-002  0.466089159250259E+000
  0.100000000000000E+001  0.118324424574845E+008  0.427924257896879E+002  0.111939756967400E+001  0.408701498777398E+002  0.744458999596976E+002 -0.557782010851625E+001  0.304367765784264E-002  0.105137646198273E+000  0.582570731639862E+000
  0.100000000000000E+001 -0.106958756757713E+004  0.582291186990240E+002  0.763998088855190E+000  0.824762845726855E+002  0.837946527994056E+002 -0.226277604280790E+001  0.412587076425552E-003  0.253963172435760E+000  0.751730322837830E+000
  0.100000000000000E+001 -0.732873897386856E+003  0.980462758807644E+002  0.142335474109916E+001  0.884700506740535E+002  0.139778276646437E+002 -0.135594453426012E+001 -0.262357294559479E-003 -0.116109848022461E-003  0.148992985486984E-003
  0.100000000000000E+001  0.522520635931098E+009  0.878407209738356E+002  0.131856681311730E+001  0.847177434519081E+002  0.943103064700077E+002 -0.571276011598929E+001 -0.115927308797836E-003  0.903196632862091E-004  0.855455175042152E-002
  0.100000000000000E+001  0.490973940601950E+003  0.404050688204678E+002  0.165519986541399E+001  0.105771703371705E+002  0.673637097973879E+002 -0.222967161594574E+001  0.211017072200775E+000  0.401205122470856E+000  0.641559898853302E+000
  0.100000000000000E+001  0.688924040598439E+006  0.545565672857403E+002  0.194932361432733E+001  0.869014954607858E+002  0.817629563179729E+002 -0.289781265782777E+001 -0.371973961591721E-003 -0.211436301469803E-003  0.994391739368439E-004
  0.100000000000000E+001  0.161063999247608E+009  0.638645050289476E+002  0.934300779504644E+000  0.920749457358751E+002  0.475316603164224E+002 -0.475265751634950E+001  0.744685530662537E-005  0.256195664405823E-003  0.184740483760834E+000
  0.100000000000000E+001  0.453104874426645E+005  0.339650690873011E+002  0.131364269143137E+001  0.911817353766150E+002  0.957193740669663E+002 -0.300354896569540E+001  0.119149684906006E-003  0.946821644902229E-002  0.628300845623016E+000
  0.100000000000000E+001 -0.715239182451339E+003  0.136704172766339E+002  0.179516032738803E+001  0.462922871399393E+002  0.624140466778139E+002 -0.979537954915292E+000  0.301007181406021E-003  0.298621766269207E-001  0.493163585662842E+000
  0.100000000000000E+001 -0.848827564932883E+003  0.211196717635498E+002  0.118362560593063E+001  0.673192185749074E+002  0.398095145079564E+002 -0.230559536960848E+001  0.525038689374924E-003  0.244420975446701E+000  0.730397939682007E+000
  0.100000000000000E+001  0.310402331059784E+009  0.583313902709081E+002  0.197160662786673E+001  0.778278589364577E+002  0.910900304274451E+002 -0.425563634929447E+001 -0.332675874233246E-003 -0.179920345544815E-003  0.134889036417007E-003
  0.100000000000000E+001  0.142569780145477E+008  0.724540869486678E+002  0.752204917948279E+000  0.595209723372967E+002  0.442314489419740E+002 -0.423300083531094E+001  0.182695686817169E-003  0.114948675036430E-002  0.253142356872559E+000
  0.100000000000000E+001  0.338478349934373E+008  0.647220309046351E+002  0.947872028716926E+000  0.600957280123171E+002  0.266693983601214E+002 -0.419062443171062E+001  0.111296772956848E-003  0.331189483404160E-003  0.118177518248558E+000
  0.100000000000000E+001  0.237129601556446E+007  0.898894630457820E+002  0.715603138892306E+000  0.162227957181095E+002  0.737759488471831E+001 -0.408040884591935E+001  0.215493962168694E-001  0.914410799741745E-001  0.264312833547592E+000
  0.100000000000000E+001 -0.155465424131840E+004  0.253088170986568E+002  0.110650801117029E+001  0.224316224937706E+002  0.927987621354142E+002 -0.175557655688179E+001  0.310927629470825E+000  0.614585041999817E+000  0.848232090473175E+000
  0.100000000000000E+001  0.146500026894904E+009  0.278922557776991E+002  0.159702942543423E+001  0.764388864723097E+002  0.361418971529804E+002 -0.471454608370852E+001 -0.398494303226471E-004  0.231951475143433E-003  0.134111016988754E+000
  0.100000000000000E+001  0.307402621147700E+007  0.378711828195617E+002  0.884989464024515E+000  0.599412589485613E+002  0.878253076069999E+002 -0.536288541977396E+001  0.313882194459438E-001  0.495287686586380E+000  0.823388218879700E+000
  0.100000000000000E+001  0.175015241297057E+008  0.218812018073904E+002  0.159065189398141E+001  0.905054689539010E+002  0.750586793664504E+002 -0.444487831979930E+001  0.206753611564636E-005  0.426206737756729E-003  0.420398890972137E+000
  0.100000000000000E+001 -0.126858475078116E+004  0.549421183212821E+002  0.993566845274529E+000  0.468542273937917E+002  0.917013666206749E+002 -0.149450369854805E+001  0.315539911389351E-002  0.166156351566315E+000  0.677562177181244E+000
  0.100000000000000E+001  0.188249033565181E+010  0.874585989974973E+002  0.113144463467126E+001  0.633379666389993E+002  0.166019098912668E+002 -0.549522652599017E+001 -0.173859298229218E-004  0.119250267744064E-003  0.197892263531685E-002
  0.100000000000000E+001 -0.528122255905162E+003  0.233155308994546E+002  0.195825474240800E+001  0.711460455706637E+002  0.237433845360663E+002 -0.816573093563634E+000 -0.148050487041473E-003  0.772252678871155E-004  0.570290163159370E-002
  0.100000000000000E+001  0.991418642097200E+007  0.363237475083068E+002  0.150921088147323E+001  0.290848171378672E+002  0.303123542219854E+002 -0.534189514761693E+001  0.750076025724411E-003  0.372830331325531E-001  0.319647729396820E+000
  0.100000000000000E+001 -0.140379771855523E+003  0.678813975179865E+002  0.197051834215187E+001  0.995730985840221E+002  0.402969724407858E+002 -0.509348822441698E+000 -0.486306846141815E-003 -0.324185937643051E-003 -0.666417181491852E-004
  0.100000000000000E+001  0.107271914276130E+003  0.520468668276202E+002  0.677335922712519E+000  0.420385903861269E+002  0.603759702258250E+002 -0.247395346949940E+001  0.141507424414158E-001  0.273117005825043E+000  0.682093799114227E+000
  0.100000000000000E+001  0.169598271127539E+007  0.675805477207505E+002  0.135592613767611E+001  0.923989725975532E+002  0.614689031010321E+002 -0.320519707501932E+001 -0.182863324880600E-003  0.953674316406250E-005  0.132555142045021E-002
  0.100000000000000E+001  0.210977745327377E+008  0.404871913212688E+002  0.510584189696009E+000  0.871917073726866E+002  0.356617556666743E+002 -0.583994046331662E+001  0.472459942102432E-003  0.190411552786827E+000  0.631430268287659E+000
  0.100000000000000E+001  0.350130130772832E+006  0.776929580145739E+002  0.804553322035019E+000  0.822511339874818E+002  0.546002760721943E+002 -0.306323716508115E+001  0.612549483776093E-004  0.299844890832901E-003  0.240167155861855E+000
  0.100000000000000E+001  0.294249382182784E+006  0.654193524842506E+002  0.895880908996237E+000  0.134422437000551E+002  0.797489186777195E+002 -0.481437023684018E+001  0.278651952743530E+000  0.483198493719101E+000  0.719177901744843E+000
  0.100000000000000E+001  0.400167895123626E+009  0.969575681366002E+002  0.185661040946765E+001  0.574543691068002E+002  0.528574180514311E+002 -0.429128444679793E+001 -0.208560377359390E-003 -0.824816524982452E-004  0.154577195644379E-003
  0.100000000000000E+001 -0.845923520318118E+003  0.943185893090937E+002  0.121944892203592E+001  0.162115774105101E+002  0.577262047747755E+002 -0.109264474650183E+001  0.385448038578033E-001  0.153402343392372E+000  0.385672956705093E+000
  0.100000000000000E+001 -0.999080937511863E+003  0.165268139928371E+002  0.152970138532112E+001  0.454718081805925E+002  0.298498152482154E+002 -0.199666462914545E+001  0.761777162551880E-003  0.103552684187889E+000  0.625788986682892E+000
  0.100000000000000E+001  0.377068661958206E+006  0.984319794707489E+002  0.166171209852062E+001  0.877937994994591E+002  0.750405077737600E+002 -0.276165849790659E+001 -0.338483601808548E-003 -0.173479318618774E-003  0.787675380706787E-004
  0.100000000000000E+001  0.309901145016899E+007  0.237152331291873E+002  0.138373679010299E+001  0.453391111043253E+002  0.858831417812733E+002 -0.446767500607892E+001  0.194283947348595E-002  0.156408920884132E+000  0.677445232868195E+000
  0.100000000000000E+001  0.322800202537056E+007  0.315843775139093E+002  0.509977062200220E+000  0.848850015230853E+002  0.666508805998619E+002 -0.448124867458582E+001  0.376971274614334E+000  0.724167108535767E+000  0.854693531990051E+000
  0.100000000000000E+001  0.365119787943410E+005  0.623425294654742E+002  0.537979176760651E+000  0.160345759863537E+002  0.134868921139751E+002 -0.280098664225514E+001  0.492980107665062E-001  0.151986673474312E+000  0.320797771215439E+000
  0.100000000000000E+001 -0.807155902285119E+003  0.618488171577898E+002  0.173102297195159E+001  0.904658323526987E+002  0.361579735867641E+002 -0.127257781567098E+001 -0.329215079545975E-003 -0.169325619935989E-003  0.133562833070755E-003
  0.100000000000000E+001  0.843220204053343E+007  0.488077387687083E+002  0.192630364065455E+001  0.173146186268351E+002  0.309222000725056E+002 -0.541065545471269E+001  0.106426514685154E-001  0.108727604150772E+000  0.350290149450302E+000
  0.100000000000000E+001  0.275770921238018E+008  0.719954458662183E+002  0.189046732095240E+001  0.201990333122115E+002  0.531036812772357E+002 -0.583969935911653E+001  0.102540478110313E-002  0.237217154353857E-001  0.157920464873314E+000
  0.100000000000000E+001  0.627683698927835E+005  0.860479291104928E+002  0.531820598420032E+000  0.581746548817824E+002  0.722005908801053E+002 -0.311654313563703E+001  0.414710491895676E-003  0.800869017839432E-001  0.602435171604156E+000
  0.100000000000000E+001  0.200119059519616E+009  0.891799705822307E+002  0.794370668912307E+000  0.397003575069555E+002  0.246745827868091E+002 -0.572295383020017E+001  0.247750431299210E-003  0.668194144964218E-003  0.712380409240723E-001
  0.100000000000000E+001 -0.145047200129851E+004  0.539073574382577E+002  0.750742560926394E+000  0.358218788018258E+002  0.934524952386459E+002 -0.164003184026758E+001  0.151415035128593E+000  0.536378562450409E+000  0.816340327262878E+000
  0.100000000000000E+001  0.210137890592898E+009  0.641356367628335E+002  0.106857080180024E+001  0.669419283944279E+002  0.550715097944648E+002 -0.599988744905581E+001  0.755824148654938E-004  0.319931656122208E-003  0.161624252796173E+000
  0.100000000000000E+001  0.545784189436893E+006  0.319307953115909E+002  0.529747581845449E+000  0.701700352606236E+002  0.972976299479059E+002 -0.387306807724775E+001  0.665576398372650E+000  0.843417465686798E+000  0.928589880466461E+000
  0.100000000000000E+001  0.792176154892640E+007  0.252107513266731E+002  0.161073745454087E+001  0.817315243477438E+002  0.781011962523346E+002 -0.408125533806849E+001 -0.335611402988434E-004  0.317238271236420E-003  0.302394390106201E+000
  0.100000000000000E+001  0.492579037057213E+007  0.132333417684421E+002  0.931212249897688E+000  0.128380415547849E+002  0.515933619728987E+002 -0.500228938726063E+001  0.644373476505280E+000  0.795351326465607E+000  0.888183295726776E+000
  0.100000000000000E+001  0.238443674533808E+009  0.351816660723750E+002  0.161386269205136E+001  0.551683451693685E+002  0.473080852829042E+001 -0.526646870319047E+001  0.579431653022766E-004  0.310216099023819E-003  0.880240201950073E-001
  0.100000000000000E+001  0.158376301155020E+004  0.257796037648508E+002  0.120091054189577E+001  0.665751906894413E+002  0.294219732665008E+002 -0.233447648071113E+001  0.291664153337479E-003  0.573711730539799E-001  0.635796606540680E+000
  0.100000000000000E+001  0.177137393593117E+010  0.364977906186774E+002  0.196878100689486E+001  0.616291171425900E+002  0.738166745508547E+002 -0.560271054770636E+001 -0.148575752973557E-003  0.391565263271332E-004  0.808116048574448E-003
  0.100000000000000E+001 -0.928151283865043E+003  0.498717248180636E+002  0.149510691840076E+001  0.499762779436322E+002  0.927315583727907E+002 -0.133250491901369E+001  0.182021409273148E-003  0.111016258597374E-002  0.199702411890030E+000
  0.100000000000000E+001  0.816891401235057E+003  0.180475305252441E+002  0.546872242276796E+000  0.792423525608887E+002  0.943117389044717E+002 -0.187110436721869E+001  0.823383450508118E+000  0.908127367496490E+000  0.976212739944458E+000
  0.100000000000000E+001  0.443983136629274E+003  0.747279486891131E+002  0.168160078083445E+001  0.976445617649271E+002  0.174104272902298E+002 -0.163751994924091E+001 -0.354893505573273E-003 -0.189669430255890E-003  0.822730362415314E-004
  0.100000000000000E+001  0.444093969999468E+008  0.172223585361763E+002  0.187322647496628E+001  0.523613624033537E+002  0.400242907336701E+002 -0.475368490977774E+001  0.114921480417252E-003  0.479366630315781E-003  0.219396680593491E+000
  0.100000000000000E+001 -0.136059623426072E+004  0.107841085209949E+002  0.182181436051397E+001  0.183645632603648E+002  0.823804462382238E+002 -0.152391429628234E+001  0.156010136008263E+000  0.424256443977356E+000  0.739693701267242E+000
  0.100000000000000E+001  0.281083595265855E+007  0.323462256916887E+002  0.153835311279577E+001  0.459347284311466E+002  0.995759036716206E+002 -0.424917958734467E+001  0.366330146789551E-003  0.257165208458900E-001  0.449581652879715E+000
  0.100000000000000E+001  0.455510305386774E+006  0.903397072563682E+002  0.939538411549060E+000  0.112749182693429E+002  0.618040436470925E+002 -0.429102722734546E+001  0.170914679765701E+000  0.345359295606613E+000  0.568310439586639E+000
  0.100000000000000E+001  0.200449380791777E+010  0.531312576801254E+002  0.182931461052041E+001  0.564719936466565E+002  0.327022486135090E+002 -0.558188709650756E+001 -0.137329101562500E-003  0.273063778877258E-004  0.372543931007385E-003
  0.100000000000000E+001  0.142146692434661E+008  0.992277047609219E+002  0.190773439372265E+001  0.806515039550787E+002  0.523101576618776E+002 -0.354754598396301E+001 -0.408876687288284E-003 -0.277973711490631E-003 -0.667981803417206E-004
  0.100000000000000E+001 -0.720125029569661E+003  0.132356834573913E+002  0.778082005497635E+000  0.922682613195602E+002  0.267277867627433E+002 -0.198509528665634E+001  0.448749214410782E+000  0.726438105106354E+000  0.862928926944733E+000
  0.100000000000000E+001  0.879294715708393E+005  0.406283645327814E+002  0.904829881687216E+000  0.638316594422936E+002  0.539545800636749E+002 -0.320164930883542E+001  0.346653163433075E-003  0.773619562387466E-001  0.634274244308472E+000
  0.100000000000000E+001  0.207669947780821E+005  0.199744382563503E+002  0.985623522446603E+000  0.165956229384997E+002  0.546064919977638E+002 -0.306221613317335E+001  0.426845729351044E+000  0.665204286575317E+000  0.833117187023163E+000
  0.100000000000000E+001  0.734107901882326E+006  0.716883099947306E+002  0.810471581164039E+000  0.271333924795622E+002  0.567858569542517E+002 -0.410417260404984E+001  0.109865032136440E-001  0.136956676840782E+000  0.466053187847137E+000
  0.100000000000000E+001 -0.129264002399199E+003  0.740011948027288E+002  0.167475053472144E+001  0.958167727513030E+002  0.425029422654567E+002 -0.500964641027515E+000 -0.369656831026077E-003 -0.197406858205795E-003  0.824853777885437E-004
  0.100000000000000E+001  0.182648665310770E+006  0.433990297752861E+002  0.688048451264488E+000  0.290604510329578E+002  0.780244591217186E+002 -0.372709604098872E+001  0.252025783061981E+000  0.588467538356781E+000  0.820806205272675E+000
  0.100000000000000E+001  0.954949791100957E+007  0.839661101322083E+002  0.191244866853403E+001  0.331357157016070E+002  0.776523999418202E+001 -0.363165226355373E+001  0.945180654525757E-004  0.252787023782730E-003  0.557213649153709E-002
  0.100000000000000E+001 -0.777424925744533E+003  0.615653583299624E+002  0.169722098267811E+001  0.359921586050090E+002  0.358094353659037E+002 -0.137246376362815E+001  0.128027051687241E-003  0.370588153600693E-003  0.332786142826080E-001
  0.100000000000000E+001 -0.186319509712238E+004  0.157838414957288E+002  0.129374682826248E+001  0.390323806186492E+002  0.507979602483661E+002 -0.206546602268157E+001  0.503463596105576E-001  0.424743533134460E+000  0.785446226596832E+000
  0.100000000000000E+001  0.583113618678828E+007  0.507036804200661E+002  0.759017965840878E+000  0.746448061245601E+002  0.377703698524352E+002 -0.418148083172072E+001  0.199474394321442E-003  0.523882731795311E-002  0.490058451890945E+000
  0.100000000000000E+001  0.116696847509788E+008  0.435333409980362E+002  0.746301166742043E+000  0.448523830762037E+002  0.539772053296839E+002 -0.570565351596729E+001  0.971216335892677E-002  0.247965723276138E+000  0.671801328659058E+000
  0.100000000000000E+001 -0.585262310703906E+003  0.922979772872314E+002  0.898727811577723E+000  0.802030887624650E+002  0.829666524950842E+002 -0.162518862010603E+001  0.946186482906342E-004  0.425666570663452E-003  0.328055620193481E+000
  0.100000000000000E+001  0.214473356956310E+008  0.366829244882832E+002  0.106626192926157E+001  0.689938875982220E+002  0.540956429766456E+002 -0.509739748651496E+001  0.224586576223373E-003  0.216885581612587E-001  0.587125480175018E+000
  0.100000000000000E+001 -0.108917136228728E+004  0.351255916221383E+002  0.545059881623347E+000  0.822652771466627E+002  0.375569949233578E+002 -0.220702718687747E+001  0.313410535454750E-002  0.358113557100296E+000  0.695831000804901E+000
  0.100000000000000E+001  0.964232446446049E+004  0.675997711751997E+002  0.106652573573813E+001  0.266744412885416E+002  0.888546637732503E+002 -0.298207458092855E+001  0.207732506096363E-001  0.174966752529144E+000  0.548660337924957E+000
  0.100000000000000E+001  0.279833867957414E+008  0.594776377347514E+002  0.114460140755871E+001  0.412533513749240E+002  0.561272750735069E+002 -0.567403352525909E+001  0.304192304611206E-003  0.732552632689476E-002  0.250841408967972E+000
  0.100000000000000E+001  0.693553555079051E+010  0.676241131819065E+002  0.192420384318829E+001  0.951533797069702E+002  0.465158549624414E+002 -0.574910314031385E+001 -0.449854880571365E-003 -0.292185693979263E-003 -0.304095447063446E-004
  0.100000000000000E+001  0.649872463506303E+008  0.918085761348134E+002  0.114067900504437E+001  0.521579311502845E+002  0.672705905884970E+002 -0.451304874338099E+001  0.104654580354691E-003  0.336930155754089E-003  0.644411370158195E-001
  0.100000000000000E+001  0.634003414261681E+009  0.653246717611944E+002  0.172643918507535E+001  0.532280008264224E+002  0.598461500441116E+002 -0.474784260101486E+001 -0.864975154399872E-004  0.841431319713593E-004  0.470180064439774E-003
  0.100000000000000E+001 -0.744070207245452E+003  0.674151206002337E+002  0.130166046498164E+001  0.547771112250639E+002  0.771541687666197E+002 -0.101761597365230E+001  0.105861574411392E-003  0.349249690771103E-003  0.952790826559067E-001
  0.100000000000000E+001  0.873750030935708E+005  0.353188348839901E+002  0.918242672288368E+000  0.312880235116132E+002  0.405885872169292E+002 -0.343806287609372E+001  0.294761843979359E-001  0.252449482679367E+000  0.639931738376617E+000
  0.100000000000000E+001  0.123196922211544E+005  0.125769719928148E+002  0.125028678343539E+001  0.382804641527087E+002  0.535709179432839E+002 -0.303329418003891E+001  0.174759060144424E+000  0.597896337509155E+000  0.842465758323669E+000
  0.100000000000000E+001 -0.108739814926472E+004  0.960600408137454E+002  0.532830275327660E+000  0.967827650917991E+002  0.929248613231725E+002 -0.136190296470282E+001  0.322159379720688E-003  0.156261697411537E+000  0.715471923351288E+000
  0.100000000000000E+001  0.503438142563307E+006  0.486404518624055E+002  0.160606252097138E+001  0.479329367839811E+002  0.206653039941571E+002 -0.296910168202443E+001  0.519044697284698E-004  0.275272876024246E-003  0.271174535155296E-001
  0.100000000000000E+001 -0.265169165524289E+003  0.732261549260670E+002  0.901473100804753E+000  0.782007381432403E+002  0.805777769166181E+002 -0.604402624714554E+000  0.156894326210022E-003  0.412354618310928E-002  0.512501776218414E+000
  0.100000000000000E+001  0.119633471378803E+007  0.457327572646003E+002  0.145297970757479E+001  0.113895327507110E+002  0.130589768433408E+002 -0.466223524306174E+001  0.137866809964180E+000  0.319516122341156E+000  0.568846762180328E+000
  0.100000000000000E+001  0.255101947256356E+007  0.620991855695445E+002  0.197606186638834E+001  0.307655312257714E+002  0.912048487630883E+002 -0.366251436958593E+001  0.221509486436844E-003  0.540241599082947E-003  0.415523350238800E-001
  0.100000000000000E+001  0.628691242252013E+005  0.814181977916709E+002  0.138020829988818E+001  0.344311888569390E+002  0.795514737638535E+002 -0.275363483318975E+001  0.294312834739685E-003  0.414124503731728E-002  0.136347472667694E+000
  0.100000000000000E+001  0.324508302988399E+008  0.283910706066496E+002  0.119393333165667E+001  0.797061373223951E+002  0.617746344128799E+001 -0.565347688998328E+001  0.183481723070145E-003  0.775348395109177E-002  0.578741133213043E+000
  0.100000000000000E+001 -0.517636756863540E+003  0.253751565453133E+002  0.163993342015893E+001  0.800177973522504E+002  0.333171203435631E+002 -0.810422412518197E+000 -0.562779605388641E-004  0.223159790039062E-003  0.149298474192619E+000
  0.100000000000000E+001  0.527503983672679E+006  0.474942121827970E+002  0.147715327323811E+001  0.106179145924599E+002  0.990982696333012E+002 -0.585617404930992E+001  0.360353678464890E+000  0.566100895404816E+000  0.752285957336426E+000
  0.100000000000000E+001 -0.675335239441966E+003  0.875127181034474E+002  0.638416959631131E+000  0.140916324544016E+002  0.731677616497785E+001 -0.147360774546854E+001  0.391936451196671E-001  0.124792605638504E+000  0.276291698217392E+000
  0.100000000000000E+001  0.172574123204146E+010  0.766499707331650E+002  0.140446340627579E+001  0.849700312993857E+002  0.628597831910297E+002 -0.538173580349164E+001 -0.196725130081177E-003 -0.239312648773193E-004  0.362742692232132E-003
  0.100000000000000E+001  0.229383446256791E+007  0.195057591638087E+002  0.105027726334060E+001  0.369281656686692E+002  0.970474354336434E+002 -0.556652113285069E+001  0.337716996669769E+000  0.734070479869843E+000  0.898383557796478E+000
  0.100000000000000E+001  0.111924757032428E+007  0.933893077042350E+002  0.155105327217259E+001  0.645109757577948E+002  0.172430606976420E+002 -0.299752522350427E+001 -0.143580138683319E-003 -0.314749777317047E-004  0.233516097068787E-003
  0.100000000000000E+001  0.220192627501418E+007  0.368825066786575E+002  0.551475238533333E+000  0.332104794860732E+002  0.805407253979421E+002 -0.457953785791720E+001  0.464579343795776E+000  0.750065267086029E+000  0.877030670642853E+000
  0.100000000000000E+001  0.131421796765249E+005  0.547893399928868E+002  0.160200597645822E+001  0.553527235651433E+002  0.329841914349018E+002 -0.207840805744778E+001 -0.413097441196442E-004  0.147700309753418E-003  0.501484796404839E-002
  0.100000000000000E+001  0.417056535238954E+004  0.339223499440024E+002  0.104105003684398E+001  0.756221314726828E+002  0.495405882310657E+001 -0.221507974375701E+001  0.218044966459274E-003  0.976222380995750E-002  0.551299214363098E+000
  0.100000000000000E+001 -0.776070601477534E+003  0.395041356925033E+002  0.152599731171119E+001  0.600045854361801E+002  0.993976470784634E+002 -0.105364387724855E+001  0.118698924779892E-003  0.119817256927490E-002  0.274763166904449E+000
  0.100000000000000E+001  0.203458706752214E+005  0.743033935575578E+002  0.879671802938888E+000  0.499324622649348E+002  0.107053726523223E+002 -0.218079925808479E+001  0.167433172464371E-003  0.352628529071808E-003  0.614624619483948E-001
  0.100000000000000E+001  0.524802308621757E+007  0.206276156700335E+002  0.587256263842323E+000  0.927498462338430E+002  0.838022196965162E+002 -0.440334864348386E+001  0.735142052173615E+000  0.863435804843903E+000  0.940351068973541E+000
  0.100000000000000E+001 -0.766755050569099E+003  0.732712625469155E+002  0.194190328864900E+001  0.919703475392837E+002  0.345591504316034E+002 -0.106673013447208E+001 -0.452846288681030E-003 -0.300027430057526E-003 -0.522471964359283E-004
  0.100000000000000E+001 -0.541669784141085E+003  0.360266658452678E+002  0.196100505710363E+001  0.320240367794307E+002  0.197788386448726E+002 -0.822747555891407E+000  0.224616378545761E-003  0.171624124050140E-002  0.101275160908699E+000
  0.100000000000000E+001  0.128897579472479E+007  0.978090816176077E+002  0.124183064059626E+001  0.527663347711692E+002  0.670720570298865E+002 -0.323222283451683E+001  0.459477305412292E-004  0.245552510023117E-003  0.190663076937199E-001
  0.100000000000000E+001 -0.132563825028412E+003  0.919027554252275E+002  0.147463242210376E+001  0.645398627235654E+002  0.384404548788325E+002 -0.503402550353533E+000 -0.125583261251450E-003  0.265240669250488E-005  0.294871628284454E-003
  0.100000000000000E+001  0.417850457213215E+010  0.886014024782365E+002  0.161996127772169E+001  0.610284192512537E+002  0.572443840073884E+002 -0.534117849146524E+001 -0.154796987771988E-003 -0.116042792797089E-004  0.279512256383896E-003
  0.100000000000000E+001  0.711670855641565E+006  0.601792038336804E+002  0.196705794085775E+001  0.268515007917028E+002  0.804713660222486E+002 -0.332863397108714E+001  0.310480594635010E-003  0.372118502855301E-002  0.815375000238419E-001
  0.100000000000000E+001 -0.546568424601339E+003  0.719139636762414E+002  0.104891367831608E+001  0.247525413714914E+002  0.801754421243250E+002 -0.813885835089488E+000  0.225801654160023E-001  0.158926203846931E+000  0.495559930801392E+000
  0.100000000000000E+001  0.161693285296062E+009  0.605832302775685E+002  0.781552215058070E+000  0.506575827219166E+002  0.708365677779192E+001 -0.547499740734099E+001  0.220112502574921E-003  0.104096531867981E-002  0.182934373617172E+000
  0.100000000000000E+001 -0.978703921656153E+003  0.463555654817591E+002  0.130124821606725E+001  0.222543882545604E+002  0.457959838792670E+002 -0.125117741796416E+001  0.148166045546532E-001  0.120068296790123E+000  0.420347213745117E+000
  0.100000000000000E+001 -0.235368956614080E+003  0.856069157624303E+002  0.166189991619271E+001  0.120876349217457E+002  0.726172672636192E+001 -0.578327242237153E+000  0.595225766301155E-001  0.187301844358444E+000  0.392586320638657E+000
  0.100000000000000E+001  0.196697989615700E+006  0.837226534033999E+002  0.111710255919034E+001  0.225267874148028E+002  0.721414795083395E+002 -0.373234430670632E+001  0.144425481557846E-001  0.112108603119850E+000  0.373275160789490E+000
  0.100000000000000E+001  0.807108102268206E+004  0.461280206093603E+002  0.111332836378742E+001  0.664298796681276E+002  0.609958612316675E+002 -0.230341465141144E+001  0.160910189151764E-003  0.283749401569366E-002  0.413752824068069E+000
  0.100000000000000E+001 -0.135395284904704E+004  0.716924337947734E+002  0.812816135545404E+000  0.518523953454374E+002  0.889486744764959E+002 -0.165285634328210E+001  0.255497172474861E-002  0.169250980019569E+000  0.682357013225555E+000
  0.100000000000000E+001  0.734036820499795E+006  0.732433364075979E+002  0.158281409958545E+001  0.164353551964709E+002  0.657591181678951E+002 -0.402190447000990E+001  0.364656001329422E-001  0.161437287926674E+000  0.384324610233307E+000
  0.100000000000000E+001 -0.887485309379124E+003  0.175586444673572E+002  0.175095485850092E+001  0.961458117430502E+002  0.471975324228347E+002 -0.131922957951154E+001 -0.624954700469971E-004  0.279348343610764E-003  0.290557026863098E+000
  0.100000000000000E+001  0.593273732361856E+006  0.595400224196824E+002  0.173203477592965E+001  0.779843741379575E+002  0.619937914070259E+002 -0.286648412836270E+001 -0.258762389421463E-003 -0.105921179056168E-003  0.238377600908279E-003
  0.100000000000000E+001  0.578853202291179E+005  0.232909150940232E+002  0.847028304187061E+000  0.140399559191351E+002  0.328738026977367E+002 -0.332205511292757E+001  0.423175275325775E+000  0.623393416404724E+000  0.784561157226562E+000
  0.100000000000000E+001  0.118689299455351E+008  0.508160894922786E+002  0.197897114329617E+001  0.232972572882793E+002  0.448679828219302E+002 -0.471806178436774E+001  0.420972704887390E-003  0.179139748215675E-001  0.164573758840561E+000
  0.100000000000000E+001  0.846162007072430E+008  0.501015912446703E+002  0.183919585840956E+001  0.975836454963593E+002  0.413728612000746E+002 -0.394767268848302E+001 -0.358428806066513E-003 -0.192776322364807E-003  0.132996588945389E-003
  0.100000000000000E+001  0.101501429244171E+007  0.138902685332431E+002  0.141415220238469E+001  0.378872675194499E+002  0.168391719036190E+002 -0.431612000861270E+001  0.334687642753124E-001  0.351923227310181E+000  0.752688944339752E+000
  0.100000000000000E+001 -0.235578965054910E+003  0.602533296652481E+002  0.844702494124028E+000  0.180472223344710E+002  0.947280985770262E+002 -0.571893740413020E+000  0.317161858081818E+000  0.565173923969269E+000  0.792326986789703E+000
  0.100000000000000E+001  0.935206226196909E+008  0.844994111657054E+002  0.127817144622645E+001  0.666820021370735E+002  0.277364268068025E+002 -0.405008104551116E+001 -0.748448073863983E-004  0.668913125991821E-004  0.593494623899460E-003
  0.100000000000000E+001  0.417507636838449E+005  0.562092796284075E+002  0.196556161216882E+001  0.634394797547378E+002  0.839617418580167E+002 -0.230163015900522E+001 -0.221975147724152E-003 -0.788941979408264E-004  0.239107757806778E-003
  0.100000000000000E+001  0.226567622440556E+007  0.527078271859196E+002  0.972949524242845E+000  0.423344352041024E+002  0.925032987476534E+002 -0.497979957503288E+001  0.118612088263035E-001  0.244536563754082E+000  0.714412033557892E+000
  0.100000000000000E+001  0.661312836990782E+007  0.174548334377400E+002  0.884778151832081E+000  0.346446464358675E+002  0.385820067866871E+002 -0.553527091291335E+001  0.290024429559708E+000  0.646258413791656E+000  0.823866426944733E+000
  0.100000000000000E+001  0.494516237737829E+007  0.933307463777046E+002  0.666312952857969E+000  0.260559250534484E+002  0.362638432952654E+002 -0.438862899634297E+001  0.135797262191772E-002  0.223706066608429E-001  0.234031289815903E+000
  0.100000000000000E+001  0.154889801740173E+008  0.804618997843077E+002  0.842263958425445E+000  0.205164830000100E+002  0.116060408115134E+002 -0.589244399485354E+001  0.100955441594124E-001  0.627519637346268E-001  0.273977398872375E+000
  0.100000000000000E+001  0.113217637272637E+007  0.991844373779690E+002  0.100731850647216E+001  0.377313091539248E+002  0.752402914604160E+002 -0.395681938038306E+001  0.313401222229004E-003  0.786996260285378E-002  0.235314607620239E+000
  0.100000000000000E+001  0.931520163090679E+004  0.916225529611787E+002  0.166186586746994E+001  0.123363441542712E+002  0.899078697327063E+002 -0.250602311819409E+001  0.760626345872879E-001  0.242168277502060E+000  0.467172712087631E+000
  0.100000000000000E+001  0.373790742971106E+006  0.634174348969875E+002  0.121769289389932E+001  0.484756792193928E+002  0.974130413735770E+001 -0.290996615095436E+001  0.139478594064713E-003  0.363048166036606E-003  0.660190582275391E-001
  0.100000000000000E+001 -0.289009201097694E+003  0.914194615368186E+002  0.168307601132784E+001  0.195219814517732E+002  0.415051160783954E+002 -0.157796095414081E+001  0.430254265666008E-002  0.425340309739113E-001  0.214723214507103E+000
  0.100000000000000E+001  0.288501640215230E+007  0.260300155900061E+002  0.562543702586603E+000  0.584260252564705E+002  0.778730668256042E+002 -0.445476494459192E+001  0.603835701942444E+000  0.808049440383911E+000  0.902776420116425E+000
  0.100000000000000E+001  0.890828605387291E+007  0.435084081797738E+002  0.152687863807153E+001  0.538240867051634E+002  0.639699258352604E+001 -0.381613365042251E+001  0.562444329261780E-004  0.287752598524094E-003  0.605265349149704E-001
  0.100000000000000E+001  0.421637232758932E+008  0.917708249317993E+002  0.147580853329551E+001  0.255823869078013E+002  0.456332245158962E+002 -0.590003339338790E+001  0.429920852184296E-003  0.859556719660759E-002  0.118898749351501E+000
  0.100000000000000E+001  0.245142012923808E+005  0.855194321314673E+002  0.915218361473255E+000  0.421442339941221E+002  0.416615929198382E+002 -0.233404021559319E+001  0.228043645620346E-003  0.118283182382584E-002  0.124280840158463E+000
  0.100000000000000E+001  0.184875972830784E+007  0.178110112243115E+002  0.178948205171964E+001  0.908764026687665E+002  0.832124361918549E+002 -0.367390676952824E+001 -0.603124499320984E-004  0.293709337711334E-003  0.288906037807465E+000
  0.100000000000000E+001  0.453767896114963E+005  0.293888572293815E+002  0.691552823346626E+000  0.906224756274952E+002  0.374905623725984E+002 -0.322142513321772E+001  0.516580790281296E-002  0.433196604251862E+000  0.738685667514801E+000
  0.100000000000000E+001  0.168649647021445E+008  0.514966546040476E+002  0.137037420173377E+001  0.458636182534772E+002  0.968438391113799E+002 -0.577037840406921E+001  0.307746231555939E-003  0.114118643105030E-001  0.351377546787262E+000
  0.100000000000000E+001 -0.167187504761302E+004  0.167392515586349E+002  0.156703626918986E+001  0.202239551206529E+002  0.923977389531364E+002 -0.211279133540183E+001  0.196695417165756E+000  0.465735375881195E+000  0.766452133655548E+000
  0.100000000000000E+001  0.246663505191598E+006  0.486240619225341E+002  0.164839698904478E+001  0.409257681041241E+002  0.396981231229519E+002 -0.283821914282895E+001  0.117436051368713E-003  0.368911772966385E-003  0.532767400145531E-001
  0.100000000000000E+001 -0.975443073176574E+003  0.156297962359344E+002  0.171957247746593E+001  0.949566436966865E+002  0.663175734367375E+002 -0.141230939867437E+001  0.211857259273529E-004  0.577658414840698E-003  0.458171695470810E+000
  0.100000000000000E+001  0.253982715844124E+008  0.365253578164402E+002  0.676178878264167E+000  0.786739866181876E+002  0.111374666446589E+002 -0.566553847989648E+001  0.322505831718445E-003  0.540808625519276E-001  0.552951276302338E+000
  0.100000000000000E+001  0.585111831283249E+004  0.558369763401030E+002  0.590096069653999E+000  0.898308258794934E+002  0.570603046891297E+002 -0.255191206535037E+001  0.307720154523849E-003  0.120363995432854E+000  0.650030434131622E+000
  0.100000000000000E+001  0.405266073496547E+009  0.706336375285939E+002  0.150872099458338E+001  0.720458471105038E+002  0.483236283820500E+002 -0.447619139890245E+001 -0.169217586517334E-003 -0.164210796356201E-004  0.360574573278427E-003
  0.100000000000000E+001  0.167570005202857E+008  0.324563277134849E+002  0.801100728860575E+000  0.717013665634628E+002  0.284323390574047E+002 -0.577211645788485E+001  0.414397567510605E-003  0.200019404292107E+000  0.666918039321899E+000
  0.100000000000000E+001  0.153662857733306E+005  0.238952851007898E+002  0.849540971780688E+000  0.517130338048225E+002  0.748078532022569E+001 -0.300342562897849E+001  0.232066940516233E-001  0.409558147192001E+000  0.725172102451324E+000
  0.100000000000000E+001 -0.117136240168178E+004  0.327364952349025E+002  0.804133556737077E+000  0.218495881861113E+002  0.443380144536165E+002 -0.129542216002472E+001  0.202308177947998E+000  0.467028558254242E+000  0.722955167293549E+000
  0.100000000000000E+001  0.577094992118576E+009  0.590239610427093E+002  0.189086661699618E+001  0.444713641393906E+002  0.821564123700300E+002 -0.558160471743944E+001  0.573694705963135E-006  0.184047967195511E-003  0.287973508238792E-002
  0.100000000000000E+001 -0.460735533861715E+003  0.889877572791620E+002  0.138704606176249E+001  0.177786378020068E+002  0.991997484649082E+002 -0.745383165655575E+000  0.719640851020813E-001  0.242008134722710E+000  0.500088155269623E+000
  0.100000000000000E+001  0.113427907060723E+008  0.443089947177374E+002  0.848227093713297E+000  0.964807852754985E+002  0.759175134574634E+002 -0.498823774412529E+001  0.345755368471146E-003  0.240592509508133E+000  0.757391512393951E+000
  0.100000000000000E+001  0.127349430031962E+004  0.148171180121574E+002  0.806472662540731E+000  0.591484748807450E+002  0.676652333137218E+002 -0.219054789224934E+001  0.599431097507477E+000  0.810552418231964E+000  0.906325876712799E+000
  0.100000000000000E+001 -0.818552351618286E+003  0.922115175382886E+002  0.164994690623314E+001  0.921557012265412E+002  0.433607448594425E+002 -0.122494235425446E+001 -0.377479940652847E-003 -0.210624188184738E-003  0.383593142032623E-004
  0.100000000000000E+001 -0.724202649978975E+003  0.388024178113828E+002  0.901808202647706E+000  0.878760700881029E+002  0.773814719483613E+002 -0.239469795317242E+001  0.416122376918793E-003  0.297308355569839E+000  0.772717177867889E+000
  0.100000000000000E+001 -0.864780278318835E+002  0.377503821796464E+002  0.167765112977707E+001  0.267609192692619E+002  0.646065808978051E+002 -0.178765545508181E+001  0.250748917460442E-002  0.498345717787743E-001  0.323194324970245E+000
  0.100000000000000E+001 -0.552659645742152E+003  0.533568960918546E+002  0.100242462302209E+001  0.300799674097235E+002  0.309421988286745E+002 -0.825035525865618E+000  0.160919129848480E-002  0.540171191096306E-001  0.367090284824371E+000
  0.100000000000000E+001  0.314859100476514E+008  0.694867892021636E+002  0.191687501130087E+001  0.594061795436417E+002  0.712618953078100E+001 -0.372770162976742E+001 -0.196196138858795E-003 -0.671297311782837E-004  0.202391296625137E-003
  0.100000000000000E+001 -0.130157219688535E+004  0.294449703439678E+002  0.114245544411985E+001  0.120722252698898E+002  0.539018963837181E+002 -0.203919032442846E+001  0.344235658645630E+000  0.562947809696198E+000  0.760821282863617E+000
  0.100000000000000E+001  0.228322696886125E+007  0.883007762228501E+002  0.929450036333366E+000  0.486004542275817E+002  0.765116133448687E+002 -0.409170292801635E+001  0.273197889328003E-003  0.891698524355888E-002  0.328612506389618E+000
  0.100000000000000E+001  0.501549457051524E+007  0.672023529887382E+002  0.103666156192392E+001  0.198718140795495E+002  0.265314285692775E+002 -0.582436951010589E+001  0.201019458472729E-001  0.118229925632477E+000  0.371006399393082E+000
  0.100000000000000E+001 -0.121449004395377E+004  0.324949619274459E+002  0.526772663163251E+000  0.971711465739046E+002  0.381096776972243E+002 -0.133248903274051E+001  0.120466016232967E-001  0.468488395214081E+000  0.719323039054871E+000
  0.100000000000000E+001 -0.148120331850213E+003  0.163190945582988E+002  0.778515732692219E+000  0.283969336618912E+002  0.136595812343550E+002 -0.509931586067491E+000  0.411786258220673E+000  0.661575853824615E+000  0.815292418003082E+000
  0.100000000000000E+001 -0.652538579654277E+003  0.273150619338830E+002  0.148823425696242E+001  0.605951602563877E+002  0.607863630821519E+002 -0.170230717152209E+001  0.131879001855850E-003  0.194902345538139E-002  0.370627701282501E+000
  0.100000000000000E+001 -0.842503455287943E+003  0.161855575092253E+002  0.670022936330340E+000  0.109100250936005E+002  0.684068620728059E+002 -0.135003443271213E+001  0.766102910041809E+000  0.863987445831299E+000  0.922524869441986E+000
  0.100000000000000E+001 -0.400176915048471E+003  0.812418779947818E+002  0.188747507731309E+001  0.900675271124993E+002  0.833810059644709E+002 -0.710567404493252E+000 -0.429030507802963E-003 -0.268336385488510E-003 -0.293478369712830E-004
  0.100000000000000E+001  0.296408007350231E+009  0.943842125173592E+002  0.160074864006071E+001  0.443603674300717E+002  0.630151526399152E+002 -0.459191703226590E+001  0.909343361854553E-005  0.181101262569427E-003  0.215815380215645E-002
  0.100000000000000E+001 -0.652586257822651E+003  0.716711526472375E+002  0.944164886566083E+000  0.846513735195923E+002  0.630901078602002E+002 -0.926795334013189E+000  0.375993549823761E-004  0.292249023914337E-003  0.255337625741959E+000
  0.100000000000000E+001  0.124200798477463E+009  0.802375664069684E+002  0.148898442219919E+001  0.908640133175529E+002  0.156058557319619E+002 -0.403232808509360E+001 -0.257078558206558E-003 -0.977367162704468E-004  0.195730477571487E-003
  0.100000000000000E+001 -0.455455261231596E+003  0.158452181525700E+002  0.932365779443204E+000  0.713306731008243E+002  0.180386480542198E+002 -0.244788500556915E+001  0.171504825353622E+000  0.641528546810150E+000  0.818807899951935E+000
  0.100000000000000E+001  0.138581515240460E+006  0.532757822585005E+002  0.133566733641717E+001  0.469618483542038E+002  0.464991506473226E+002 -0.276131832959517E+001  0.160086899995804E-003  0.461753457784653E-003  0.128814965486526E+000
  0.100000000000000E+001  0.458589156144839E+007  0.213964549713297E+002  0.816900742313738E+000  0.130631883199249E+002  0.524078560582030E+002 -0.534722760276960E+001  0.557234823703766E+000  0.727433264255524E+000  0.850509107112885E+000
  0.100000000000000E+001  0.279140124433152E+008  0.583512008570537E+002  0.106450928912898E+001  0.451348918495615E+002  0.587331144599026E+002 -0.524801203963904E+001  0.312931835651398E-003  0.941365212202072E-002  0.328919708728790E+000
  0.100000000000000E+001  0.130255916786667E+005  0.761481153611993E+002  0.785123669078649E+000  0.802868532708035E+002  0.608063267119908E+002 -0.233352455617500E+001  0.108677893877029E-003  0.417307019233704E-003  0.362893104553223E+000
  0.100000000000000E+001  0.567941893926489E+005  0.349835775103737E+002  0.120708860746279E+001  0.674638359277462E+002  0.579554043134935E+002 -0.288519718427272E+001  0.167477875947952E-003  0.621555373072624E-002  0.509376466274261E+000
  0.100000000000000E+001  0.740665856212813E+003  0.681249489327816E+002  0.159658545319883E+001  0.866625813365022E+002  0.493434087908160E+002 -0.167249800229796E+001 -0.277757644653320E-003 -0.116311013698578E-003  0.210564583539963E-003
  0.100000000000000E+001  0.551571076588167E+010  0.831705568661005E+002  0.148968319419686E+001  0.768549451873701E+002  0.240439372601539E+002 -0.551306660534617E+001 -0.200044363737106E-003 -0.599510967731476E-004  0.242777168750763E-003
  0.100000000000000E+001  0.105506874292945E+007  0.388671463641381E+002  0.131557491766197E+001  0.667549621491942E+002  0.816990051959985E+002 -0.368896150196492E+001  0.148039311170578E-003  0.365830585360527E-002  0.426411032676697E+000
  0.100000000000000E+001  0.264923835742693E+010  0.617773160148415E+002  0.185123746710205E+001  0.929665474968671E+002  0.527650533664923E+002 -0.479573271158221E+001 -0.393129885196686E-003 -0.234778970479965E-003  0.620223581790924E-004
  0.100000000000000E+001  0.143681547604297E+009  0.509861142738129E+002  0.172919822422403E+001  0.553332289711471E+002  0.931895844693270E+002 -0.460711035833598E+001 -0.608712434768677E-005  0.206544995307922E-003  0.192035548388958E-001
  0.100000000000000E+001  0.127938470132642E+009  0.633712753828701E+002  0.126635049386934E+001  0.738825047764548E+002  0.847760887562765E+002 -0.542263572824698E+001  0.100694596767426E-004  0.274408608675003E-003  0.139366656541824E+000
  0.100000000000000E+001  0.879461890069454E+004  0.445578556737769E+002  0.165115660857838E+001  0.474587933418490E+002  0.602758662287209E+002 -0.205303814920017E+001  0.773034989833832E-004  0.308115035295486E-003  0.433478206396103E-001
  0.100000000000000E+001  0.115614126528880E+008  0.244010965374722E+002  0.569705948889029E+000  0.318198671483032E+002  0.119199281490989E+002 -0.539708454547465E+001  0.164398863911629E+000  0.462797880172729E+000  0.688129544258118E+000
  0.100000000000000E+001  0.130618212984508E+007  0.270207970209568E+002  0.124585975079591E+001  0.433802879119722E+002  0.903075904332766E+002 -0.426554105965274E+001  0.108522176742554E-001  0.282450348138809E+000  0.741355359554291E+000
  0.100000000000000E+001 -0.791202503328538E+003  0.740043948053778E+002  0.865934757307166E+000  0.557139000775041E+002  0.646491160873237E+001 -0.133780549598847E+001  0.123497098684311E-003  0.294607132673264E-003  0.395888909697533E-001
  0.100000000000000E+001  0.272826543936106E+006  0.898895965141982E+002  0.180795016096909E+001  0.132814343600646E+002  0.779936590021073E+002 -0.335006439553189E+001  0.247706566005945E-001  0.134666979312897E+000  0.342063307762146E+000
  0.100000000000000E+001  0.189756716256722E+010  0.705360433317679E+002  0.158941767686205E+001  0.597082337493618E+002  0.437216546735424E+002 -0.522109366666815E+001 -0.116650015115738E-003  0.427477061748505E-004  0.404711812734604E-003
  0.100000000000000E+001  0.362174166674618E+003  0.601946080270743E+002  0.140904384856827E+001  0.642675471371134E+002  0.735909362173948E+002 -0.167705798564288E+001 -0.160187482833862E-004  0.207781791687012E-003  0.366447381675243E-001
  0.100000000000000E+001  0.784547111119419E+009  0.816536639249453E+002  0.193180839205076E+001  0.434343935670258E+002  0.908319171519495E+002 -0.515477108409749E+001 -0.595785677433014E-004  0.114135444164276E-003  0.430628657341003E-003
  0.100000000000000E+001 -0.134803590054210E+003  0.479638127933132E+002  0.951544595085293E+000  0.588308609075198E+002  0.493424686950518E+002 -0.189363109932337E+001  0.263664871454239E-003  0.133550912141800E-001  0.479727029800415E+000
  0.100000000000000E+001  0.256858744074097E+004  0.165786087994203E+002  0.193491619162992E+001  0.820896745732023E+002  0.832622968146726E+002 -0.197729743427911E+001 -0.119518488645554E-003  0.202190130949020E-003  0.126621559262276E+000
  0.100000000000000E+001  0.201088873336156E+007  0.858279619973350E+002  0.133801355324725E+001  0.144998417264370E+002  0.789036488279089E+002 -0.520402725374786E+001  0.914599150419235E-001  0.267698824405670E+000  0.502181231975555E+000
  0.100000000000000E+001  0.235621369255858E+005  0.739710681775690E+002  0.617858576344986E+000  0.829027406786637E+002  0.264380478132566E+002 -0.224433730586883E+001  0.457987189292908E-004  0.256620347499847E-003  0.334322974085808E-001
  0.100000000000000E+001 -0.220320271186687E+003  0.605424452219413E+002  0.138837787883449E+001  0.967482992828267E+002  0.658494662266941E+002 -0.569477110240328E+000 -0.180754810571671E-003  0.318810343742371E-004  0.333247706294060E-002
  0.100000000000000E+001  0.128997105242080E+005  0.264205638327172E+002  0.136828086731272E+001  0.724003576315727E+002  0.637822530912972E+002 -0.257797185739954E+001  0.131491571664810E-003  0.640155002474785E-002  0.542927503585815E+000
  0.100000000000000E+001  0.154711407741239E+009  0.624888119816354E+002  0.634363161640848E+000  0.984289559146887E+002  0.262755657031280E+002 -0.489174762817632E+001  0.546909868717194E-004  0.325914472341537E-003  0.164400607347488E+000
  0.100000000000000E+001  0.407280237444386E+005  0.299858330637379E+002  0.186420322765563E+001  0.354989993092692E+002  0.672000730264482E+002 -0.256281190781317E+001  0.275086611509323E-003  0.454343482851982E-002  0.171176388859749E+000
  0.100000000000000E+001  0.674501004623871E+008  0.668410509935952E+002  0.902674096889206E+000  0.675427717890612E+002  0.551080156464442E+002 -0.497473525812861E+001  0.132136046886444E-003  0.483188778162003E-003  0.297037243843079E+000
  0.100000000000000E+001  0.202430553569794E+007  0.761041480292583E+002  0.578311800161192E+000  0.657493326708970E+002  0.703614871298715E+002 -0.426108223565369E+001  0.382605940103531E-003  0.968170613050461E-001  0.635162889957428E+000
  0.100000000000000E+001  0.786384092938077E+003  0.410954714158333E+002  0.162412050449481E+001  0.594569482879097E+002  0.296223447222216E+002 -0.169597390126990E+001 -0.287853181362152E-004  0.182699412107468E-003  0.200762860476971E-001
  0.100000000000000E+001  0.756538509451768E+006  0.799053589231897E+002  0.136688764191266E+001  0.184211852465501E+002  0.963279790588371E+002 -0.567559198856471E+001  0.756731107831001E-001  0.249455541372299E+000  0.514528095722198E+000
  0.100000000000000E+001 -0.976680192045796E+003  0.691818327645555E+002  0.513941825336279E+000  0.147655873594783E+002  0.807269885530259E+002 -0.113542256596489E+001  0.454693436622620E+000  0.639909565448761E+000  0.805075466632843E+000
  0.100000000000000E+001 -0.673805597278274E+003  0.986966932895110E+002  0.193794823687609E+001  0.814423177669397E+002  0.692894699432566E+002 -0.953760605480874E+000 -0.415518879890442E-003 -0.273559242486954E-003 -0.692158937454224E-004
  0.100000000000000E+001  0.166971794487505E+006  0.860430863035728E+002  0.584229455951165E+000  0.389395411448843E+002  0.835602093861042E+001 -0.263714371610576E+001  0.265866518020630E-003  0.465456396341324E-003  0.213792882859707E-001
  0.100000000000000E+001  0.650421449154459E+009  0.666076373721153E+002  0.103962507819820E+001  0.571266816403986E+002  0.708042730206702E+001 -0.532087650190588E+001  0.101778656244278E-003  0.292100012302399E-003  0.625972896814346E-001
  0.100000000000000E+001  0.145359893644259E+009  0.745131705885779E+002  0.150990392258861E+001  0.448047100311080E+002  0.316159806483989E+002 -0.450666228805849E+001  0.537820160388947E-004  0.246062874794006E-003  0.912566110491753E-002
  0.100000000000000E+001  0.442284602282760E+004  0.158931345978684E+002  0.106406312747873E+001  0.620595407742606E+002  0.987309918275952E+002 -0.269636865953954E+001  0.423914968967438E+000  0.783760130405426E+000  0.915471017360687E+000
  0.100000000000000E+001  0.321640883165646E+007  0.939782351379613E+002  0.111840730525514E+001  0.804833798054552E+002  0.308373795088784E+002 -0.323727736318515E+001 -0.128671526908875E-003  0.392608344554901E-004  0.369597226381302E-003
  0.100000000000000E+001 -0.104248353578385E+004  0.159048740629337E+002  0.142522506314553E+001  0.870914155967606E+002  0.394688216154359E+002 -0.121955832135810E+001  0.270392745733261E-003  0.109804883599281E+000  0.707535803318024E+000
  0.100000000000000E+001  0.594157312879046E+003  0.923145951763116E+002  0.182315518184250E+001  0.192881409355538E+002  0.986598397946909E+002 -0.176843853182790E+001  0.330386683344841E-002  0.553385242819786E-001  0.241475656628609E+000
  0.100000000000000E+001  0.202658602760079E+007  0.374898493262960E+002  0.146341686138457E+001  0.177657532491056E+002  0.679602685310879E+002 -0.564155773512539E+001  0.105231486260891E+000  0.301947236061096E+000  0.579243004322052E+000
  0.100000000000000E+001 -0.125311526264160E+004  0.426317158390747E+002  0.814744600105159E+000  0.908279409178157E+002  0.713129988018343E+002 -0.135654832449788E+001  0.401016324758530E-003  0.283253371715546E+000  0.756975293159485E+000
  0.100000000000000E+001 -0.218693035176153E+003  0.674608987471169E+002  0.575249220661680E+000  0.331396454642503E+002  0.729118704354078E+002 -0.559904007702107E+000  0.829306542873383E-001  0.376405060291290E+000  0.722392857074738E+000
  0.100000000000000E+001  0.101476093042803E+005  0.896448036783772E+002  0.175531516944402E+001  0.157443573433580E+002  0.902863898348738E+002 -0.233201687925951E+001  0.189507566392422E-001  0.128311589360237E+000  0.344497293233871E+000
  0.100000000000000E+001  0.880195233101239E+007  0.338799245217021E+002  0.176625930074900E+001  0.316259470319414E+002  0.144818690446823E+002 -0.469121303438234E+001  0.307664275169373E-003  0.767958164215088E-002  0.193689748644829E+000
  0.100000000000000E+001  0.575186655614729E+004  0.468400292627858E+002  0.139251037709584E+001  0.552210501334338E+002  0.409278850606493E+002 -0.198826794063680E+001  0.780969858169556E-004  0.328268855810165E-003  0.975158214569092E-001
  0.100000000000000E+001  0.990713927903957E+009  0.759938473374990E+002  0.808780422494853E+000  0.977026742883654E+002  0.278849283583123E+002 -0.573171109086388E+001 -0.621639192104340E-004  0.142611563205719E-003  0.132452435791492E-001
  0.100000000000000E+001  0.586964466116677E+003  0.356448141781042E+002  0.159849975615092E+001  0.588039288706986E+002  0.191612590220082E+002 -0.169696401576397E+001  0.245422124862671E-004  0.262778252363205E-003  0.646060854196548E-001
  0.100000000000000E+001 -0.618168647357465E+003  0.133212604106796E+002  0.663631142548393E+000  0.915580449478032E+002  0.628092136729842E+002 -0.169949229874628E+001  0.719741106033325E+000  0.851443469524384E+000  0.933666825294495E+000
  0.100000000000000E+001  0.149504263267055E+006  0.686045367791937E+002  0.927783602378084E+000  0.196477307279098E+002  0.753834156707559E+002 -0.376427524874640E+001  0.105912417173386E+000  0.308152854442596E+000  0.608528733253479E+000
  0.100000000000000E+001  0.115568818568375E+009  0.776434716356754E+002  0.130913523040133E+001  0.652798199636361E+002  0.947905753143382E+002 -0.580139846387571E+001  0.120438635349274E-004  0.255566090345383E-003  0.809261053800583E-001
  0.100000000000000E+001  0.132303322498275E+010  0.823899661794971E+002  0.152153528950175E+001  0.847740730777889E+002  0.894873485275418E+002 -0.566776539174370E+001 -0.216450542211533E-003 -0.433176755905151E-004  0.341843813657761E-003
  0.100000000000000E+001  0.757696288273101E+004  0.833174738426849E+002  0.593515922482817E+000  0.182317102738195E+002  0.872777960738592E+002 -0.295241795420240E+001  0.315621435642242E+000  0.551281809806824E+000  0.759673774242401E+000
  0.100000000000000E+001  0.212840428236633E+007  0.996479235919041E+002  0.165086740615791E+001  0.184349172778868E+002  0.294361880939431E+002 -0.366721739759074E+001  0.690298154950142E-002  0.583542436361313E-001  0.227591186761856E+000
  0.100000000000000E+001 -0.538865160728089E+003  0.282396725969484E+002  0.991016931208885E+000  0.281506653623390E+002  0.211391726092958E+002 -0.794220990869116E+000  0.684551373124123E-001  0.337167680263519E+000  0.671569049358368E+000
  0.100000000000000E+001  0.105635409080429E+010  0.572986841272768E+002  0.158332332688021E+001  0.562880704752108E+002  0.209660087327197E+002 -0.529389512128938E+001 -0.429712235927582E-004  0.139940530061722E-003  0.388277694582939E-002
  0.100000000000000E+001  0.299877361711143E+008  0.763902850053142E+002  0.588513611383062E+000  0.757899708279319E+002  0.343511736902467E+002 -0.428355296842653E+001  0.938065350055695E-004  0.312041491270065E-003  0.104303330183029E+000
  0.100000000000000E+001  0.699416187764161E+007  0.683725941404962E+002  0.191728495461773E+001  0.173896033737834E+002  0.852609405452670E+002 -0.470474026436886E+001  0.103331021964550E-001  0.898430049419403E-001  0.293172299861908E+000
  0.100000000000000E+001 -0.426839047402214E+003  0.556820796224433E+002  0.174406350135205E+001  0.668679382865637E+002  0.764520833259992E+002 -0.150041190771011E+001 -0.172678381204605E-003 -0.157207250595093E-004  0.383511185646057E-003
  0.100000000000000E+001  0.311447028320678E+007  0.204502132842553E+002  0.174343845847914E+001  0.205217503978947E+002  0.468953028017621E+002 -0.584585340626823E+001  0.705933049321175E-001  0.272255450487137E+000  0.587806105613708E+000
  0.100000000000000E+001 -0.413052909154519E+003  0.378996335194421E+002  0.107086359607909E+001  0.250672611742540E+002  0.755025721557214E+002 -0.701903593253376E+000  0.981492996215820E-001  0.359885424375534E+000  0.693472623825073E+000
  0.100000000000000E+001  0.234799851317411E+007  0.440574120162898E+002  0.639073257856699E+000  0.567687116120351E+002  0.115064356767391E+002 -0.403934478273052E+001  0.341217964887619E-003  0.176166631281376E-001  0.427549242973328E+000
  0.100000000000000E+001  0.891907521595082E+007  0.877744213728705E+002  0.940567091992167E+000  0.584945756499564E+002  0.611606708516701E+002 -0.398599096703616E+001  0.107850879430771E-003  0.361070036888123E-003  0.122863665223122E+000
  0.100000000000000E+001 -0.329197623653753E+003  0.151683933947302E+002  0.512439971635471E+000  0.179041762196970E+002  0.242817623698472E+002 -0.650364921955558E+000  0.555097401142120E+000  0.712345898151398E+000  0.820632398128510E+000
  0.100000000000000E+001  0.351500882303854E+007  0.458496302440873E+002  0.127082478015584E+001  0.413285181134135E+002  0.978772055930642E+002 -0.460715365998724E+001  0.166599825024605E-002  0.829999744892120E-001  0.566818356513977E+000
  0.100000000000000E+001  0.193232086306986E+007  0.233802488814013E+002  0.113935266812562E+001  0.816799996887554E+002  0.635286365307854E+002 -0.426369138470702E+001  0.400658696889877E-003  0.262819290161133E+000  0.758795201778412E+000
  0.100000000000000E+001  0.122543680670260E+004  0.235046343808670E+002  0.143638641953921E+001  0.235427247738848E+002  0.346129296973860E+002 -0.262985191974764E+001  0.622866377234459E-001  0.266892045736313E+000  0.612904250621796E+000
  0.100000000000000E+001  0.235554190796140E+005  0.531869170824619E+002  0.106219502221519E+001  0.406190022327981E+002  0.592935261476173E+002 -0.267507892450266E+001  0.456858426332474E-003  0.314982533454895E-001  0.408798992633820E+000
  0.100000000000000E+001  0.100823646538906E+006  0.283759962334510E+002  0.712189134031576E+000  0.632935249036060E+002  0.783840193547721E+002 -0.347278170222689E+001  0.343228876590729E+000  0.732084035873413E+000  0.880308747291565E+000
  0.100000000000000E+001 -0.306755415505947E+003  0.915243465138634E+002  0.537988658739724E+000  0.699182693288888E+002  0.597172008736909E+002 -0.634528832969609E+000  0.192079693078995E-003  0.188148394227028E-002  0.337634146213531E+000
  0.100000000000000E+001  0.100276869683005E+004  0.810942605381343E+002  0.967877042242928E+000  0.803744149803700E+002  0.314157553596414E+002 -0.170827677517645E+001 -0.586919486522675E-004  0.136099755764008E-003  0.504384562373161E-002
  0.100000000000000E+001  0.685222079865284E+010  0.928957467303741E+002  0.186436357247496E+001  0.976804280685501E+002  0.118817353251093E+002 -0.547764881844939E+001 -0.455316156148911E-003 -0.312808901071548E-003 -0.774599611759186E-004
  0.100000000000000E+001  0.169043985393578E+009  0.467016211696971E+002  0.148382375283261E+001  0.790653746316372E+002  0.909903409577066E+002 -0.518387330977652E+001 -0.532381236553192E-004  0.225771218538284E-003  0.943131893873215E-001
  0.100000000000000E+001 -0.177521693959820E+003  0.400133756151080E+002  0.194026937598193E+001  0.524238220136134E+002  0.371065406670829E+002 -0.536978539575975E+000 -0.870935618877411E-004  0.104296952486038E-003  0.140815228223801E-002
  0.100000000000000E+001  0.268277949735837E+006  0.890281298157781E+002  0.156618290037751E+001  0.118863971099935E+002  0.825295368778656E+002 -0.376856928134842E+001  0.100098818540573E+000  0.277641534805298E+000  0.501341462135315E+000
  0.100000000000000E+001 -0.154347350509535E+004  0.341463615682872E+002  0.996676475489796E+000  0.772311629539563E+002  0.751129551610584E+002 -0.210628033808906E+001  0.400125980377197E-003  0.242659628391266E+000  0.757846772670746E+000
  0.100000000000000E+001 -0.108716740919955E+004  0.850660100221513E+002  0.891778009030131E+000  0.594721454569990E+002  0.948680948911664E+002 -0.158055063396248E+001  0.308629125356674E-003  0.321347415447235E-001  0.564148008823395E+000
  0.100000000000000E+001  0.513692572998922E+008  0.625478339370345E+002  0.179735109336128E+001  0.313158234204525E+002  0.773137425016517E+002 -0.597258353855987E+001  0.250205397605896E-003  0.150226429104805E-002  0.674773007631302E-001
  0.100000000000000E+001  0.131732236279399E+005  0.165938467374414E+002  0.112379502219629E+001  0.817726876498078E+002  0.146879358267878E+002 -0.298700609285557E+001  0.981253758072853E-002  0.485713630914688E+000  0.795264303684235E+000
  0.100000000000000E+001  0.103894569022569E+008  0.198031951463237E+002  0.130819277009648E+001  0.761966031396224E+002  0.873618414699613E+002 -0.519237045776094E+001  0.654857605695724E-003  0.284189879894257E+000  0.778702914714813E+000
  0.100000000000000E+001  0.786312310257457E+007  0.593192544688704E+002  0.678071186963813E+000  0.888462283771550E+002  0.823234846050734E+002 -0.554195035959858E+001  0.906687229871750E-003  0.335005700588226E+000  0.779470026493073E+000
  0.100000000000000E+001 -0.445514770504042E+003  0.443098603248080E+002  0.515139709314360E+000  0.749279007449426E+002  0.912260155363839E+002 -0.728699364700719E+000  0.397417008876801E+000  0.758477032184601E+000  0.886905431747437E+000
  0.100000000000000E+001 -0.819239142927268E+003  0.651202037300593E+002  0.719383067951521E+000  0.287542155931633E+002  0.370356641853077E+002 -0.105680838175510E+001  0.438656657934189E-002  0.855456590652466E-001  0.397001683712006E+000
  0.100000000000000E+001 -0.318334190714716E+002  0.915375868954659E+002  0.192222784883398E+001  0.804457776632381E+002  0.903670776568804E+002 -0.157124063195952E+001 -0.383719801902771E-003 -0.233016908168793E-003  0.335276126861572E-006
  0.100000000000000E+001  0.283750191053563E+007  0.749810916412002E+002  0.102603834463828E+001  0.726796617416538E+002  0.895927396364719E+002 -0.409870086109081E+001  0.137347728013992E-003  0.198978930711746E-002  0.413799732923508E+000
  0.100000000000000E+001  0.798974557819775E+009  0.940718352291816E+002  0.177469763561581E+001  0.383873045566395E+002  0.694207813601740E+002 -0.572330397531434E+001  0.277273356914520E-004  0.202655792236328E-003  0.196717306971550E-002
  0.100000000000000E+001  0.675573482765732E+008  0.164282735455575E+002  0.174801457344118E+001  0.874835298107663E+002  0.788936769987322E+002 -0.500522741109053E+001  0.839307904243469E-005  0.438127666711807E-003  0.403996139764786E+000
  0.100000000000000E+001  0.575600528473698E+004  0.627176014047197E+002  0.166967876810965E+001  0.728966864347915E+002  0.876951961985534E+002 -0.193400474013529E+001 -0.186003744602203E-003 -0.106804072856903E-004  0.421795994043350E-003
  0.100000000000000E+001  0.379234143393486E+007  0.761847694474323E+002  0.180273998166032E+001  0.192075364851609E+002  0.378101969684162E+002 -0.421730529517156E+001  0.292987376451492E-002  0.389308854937553E-001  0.216189533472061E+000
  0.100000000000000E+001 -0.850551304682832E+003  0.923862484335733E+002  0.173340110127462E+001  0.112753813655018E+002  0.728013187539184E+002 -0.143628886392566E+001  0.633472651243210E-001  0.205083221197128E+000  0.416758775711060E+000
  0.100000000000000E+001  0.558284566848212E+009  0.846079181179937E+002  0.196339876806427E+001  0.350597385892916E+002  0.520512088452776E+002 -0.494110911966212E+001  0.228844583034515E-004  0.189032405614853E-003  0.152027606964111E-002
  0.100000000000000E+001  0.470416422373659E+004  0.986999978206716E+002  0.187218018101596E+001  0.764576102450729E+002  0.841058460770074E+001 -0.188559178698604E+001 -0.327862799167633E-003 -0.213813036680222E-003 -0.215359032154083E-004
  0.100000000000000E+001  0.543748033203790E+006  0.433598428452767E+002  0.102889279785764E+001  0.620800425933981E+002  0.948051458905511E+002 -0.396299975703455E+001  0.149377435445786E-002  0.245384484529495E+000  0.751375377178192E+000
  0.100000000000000E+001  0.764515197213883E+006  0.906041382953965E+002  0.116620735418430E+001  0.806866081048891E+002  0.253287547846889E+002 -0.292255000179930E+001 -0.134997069835663E-003  0.244006514549255E-004  0.364210456609726E-003
  0.100000000000000E+001  0.157046935534295E+007  0.169184797659837E+002  0.606990421556837E+000  0.203611610932490E+002  0.535737702875847E+002 -0.414491963742758E+001  0.649874269962311E+000  0.798418939113617E+000  0.887806951999664E+000
  0.100000000000000E+001  0.180314539434702E+005  0.299155241693123E+002  0.172580380555909E+001  0.628580273279249E+002  0.305910479898472E+002 -0.220818619652517E+001 -0.315643846988678E-004  0.214386731386185E-003  0.431696772575378E-001
  0.100000000000000E+001  0.204025595114668E+007  0.199096627692483E+002  0.154916230905593E+001  0.485521086990770E+002  0.398117375544728E+002 -0.407602859914505E+001  0.316455960273743E-003  0.281271208077669E-001  0.510943830013275E+000
  0.100000000000000E+001  0.349643350317762E+004  0.654594790904475E+002  0.527818407168729E+000  0.879151756141585E+002  0.105956990967382E+002 -0.187464623368335E+001  0.748261809349060E-004  0.264376401901245E-003  0.270953960716724E-001
  0.100000000000000E+001 -0.556250292992408E+003  0.869007379755145E+002  0.164471448557985E+001  0.306301372581484E+002  0.632248956236620E+002 -0.836394051288099E+000  0.227700918912888E-003  0.614333897829056E-003  0.394560508430004E-001
  0.100000000000000E+001  0.281089341714532E+004  0.696967022582214E+002  0.117899152297776E+001  0.461608926542446E+002  0.511965319988626E+002 -0.187843122717993E+001  0.169951468706131E-003  0.487457960844040E-003  0.101447761058807E+000
  0.100000000000000E+001  0.613526985837032E+009  0.921809000542129E+002  0.126812904423316E+001  0.526040669106734E+002  0.376028497640990E+002 -0.480024462193975E+001  0.173561275005341E-004  0.177282840013504E-003  0.363292917609215E-002
  0.100000000000000E+001  0.105457568858864E+008  0.971737816657784E+002  0.531892295719580E+000  0.711953578716942E+002  0.647777761093779E+002 -0.441187975447825E+001  0.194292515516281E-003  0.231153890490532E-002  0.360201776027679E+000
  0.100000000000000E+001  0.712670506139534E+007  0.174226288348622E+002  0.193024747099280E+001  0.280880531144279E+002  0.154033468252564E+002 -0.572177060443954E+001  0.292049720883369E-002  0.719436705112457E-001  0.398955643177032E+000
  0.100000000000000E+001  0.810556515742640E+009  0.660538393071879E+002  0.186654009079835E+001  0.421689057037711E+002  0.379615841344207E+002 -0.595224239312095E+001 -0.333078205585480E-004  0.159408897161484E-003  0.160031393170357E-002
  0.100000000000000E+001 -0.838771139292682E+003  0.473317308321900E+002  0.140171152748248E+001  0.579092776423943E+002  0.629865952911390E+002 -0.131843101933576E+001  0.682249665260315E-004  0.331457704305649E-003  0.128087103366852E+000
  0.100000000000000E+001  0.454866878951510E+003  0.505712673140265E+002  0.579096975724620E+000  0.381070520641623E+002  0.918013489311272E+002 -0.262008647514678E+001  0.318543434143066E+000  0.686468005180359E+000  0.864455521106720E+000
  0.100000000000000E+001 -0.163251346654322E+003  0.752363926223779E+002  0.148591319387582E+001  0.718558782886515E+002  0.948927752987107E+002 -0.525764316280872E+000 -0.115353614091873E-003  0.910200178623199E-004  0.538211688399315E-002
  0.100000000000000E+001  0.172132019790865E+006  0.664576542804697E+002  0.831192147729518E+000  0.178553828337715E+002  0.959735626810441E+002 -0.470539313784011E+001  0.309355586767197E+000  0.553431034088135E+000  0.781782805919647E+000
  0.100000000000000E+001  0.945983792947512E+006  0.254147474033413E+002  0.119758201604712E+001  0.189408911989567E+002  0.460918113132245E+002 -0.450001900657509E+001  0.195662602782249E+000  0.440990924835205E+000  0.718511939048767E+000
  0.100000000000000E+001  0.196399805695271E+005  0.977135692586569E+002  0.873412468492371E+000  0.973553414421453E+002  0.191438080009708E+002 -0.214845426894602E+001 -0.131610780954361E-003  0.385753810405731E-004  0.370651483535767E-003
  0.100000000000000E+001  0.711518151939088E+009  0.440454710755758E+002  0.199719765710109E+001  0.876034365074976E+002  0.105978790716767E+002 -0.443682034882975E+001 -0.332452356815338E-003 -0.167649239301682E-003  0.129979103803635E-003
  0.100000000000000E+001  0.764355594625991E+005  0.278599949506551E+002  0.131578914185141E+001  0.831283435785284E+002  0.549240683287242E+002 -0.298992055128413E+001  0.980570912361145E-004  0.298903509974480E-002  0.528459906578064E+000
  0.100000000000000E+001  0.204722648281802E+008  0.141487733977364E+002  0.530845598607055E+000  0.741632855011672E+002  0.553230875958869E+002 -0.498949906381721E+001  0.718127548694611E+000  0.837293028831482E+000  0.915141165256500E+000
  0.100000000000000E+001  0.938664247715604E+007  0.209192907953255E+002  0.148634046260280E+001  0.805273198548363E+002  0.477197530580609E+002 -0.438786762962278E+001  0.946298241615295E-004  0.364942476153374E-002  0.524613499641418E+000
  0.100000000000000E+001  0.487750096076398E+006  0.490587110541631E+002  0.115886345864199E+001  0.521335342052542E+002  0.629025020198497E+002 -0.339617220546758E+001  0.244446098804474E-003  0.671024993062019E-002  0.367354035377502E+000
  0.100000000000000E+001  0.703327140095173E+007  0.519916438000985E+002  0.112275117763113E+001  0.300664968422996E+002  0.255762875622784E+002 -0.484574966650734E+001  0.827047973871231E-003  0.385062098503113E-001  0.337709546089172E+000
  0.100000000000000E+001 -0.610469118211026E+003  0.553606196592779E+002  0.156710311086089E+001  0.719430559845837E+002  0.778102121330940E+002 -0.887882409434920E+000 -0.117532908916473E-003  0.799931585788727E-004  0.461228564381599E-002
  0.100000000000000E+001  0.107614043259510E+008  0.311883098995407E+002  0.534988780946393E+000  0.223393796807625E+002  0.610131913355705E+001 -0.528456101838985E+001  0.120287597179413E+000  0.332479655742645E+000  0.590489327907562E+000
  0.100000000000000E+001 -0.157445292043605E+003  0.689352743732643E+002  0.134086042889709E+001  0.678315897246668E+002  0.323603519354927E+002 -0.521797409320285E+000 -0.758953392505646E-004  0.103894621133804E-003  0.367173925042152E-002
  0.100000000000000E+001  0.724904224470873E+006  0.668247185100491E+002  0.689699002301381E+000  0.298415595093072E+002  0.732167587600481E+002 -0.433519132171702E+001  0.646223202347755E-001  0.334690213203430E+000  0.681147992610931E+000
  0.100000000000000E+001 -0.970135947552800E+003  0.613044889533748E+002  0.157755132964553E+001  0.110479493457857E+002  0.793741304639072E+002 -0.158441778912193E+001  0.188002884387970E+000  0.375482201576233E+000  0.612609624862671E+000
  0.100000000000000E+001 -0.121337895452341E+004  0.609364130808928E+002  0.849524365785498E+000  0.794407594667142E+002  0.994484263721598E+002 -0.138642534377923E+001  0.494163483381271E-003  0.272484153509140E+000  0.767159759998322E+000
  0.100000000000000E+001 -0.201700940603916E+003  0.589450385057661E+002  0.514510356428293E+000  0.683458022657312E+002  0.680215817122504E+002 -0.546792312664278E+000  0.414243713021278E-002  0.345336109399796E+000  0.728663980960846E+000
  0.100000000000000E+001  0.169528226012313E+008  0.327874925018001E+002  0.151378149455753E+001  0.688215495971422E+002  0.358601533283650E+002 -0.401636132562209E+001  0.102706253528595E-004  0.277958810329437E-003  0.138747915625572E+000
  0.100000000000000E+001  0.873278949238748E+005  0.323398809182333E+002  0.150435538618678E+001  0.753462141969606E+002  0.882992049995128E+002 -0.285115845503729E+001  0.318437814712524E-004  0.389643013477325E-003  0.326394736766815E+000
  0.100000000000000E+001  0.736996048940012E+009  0.796552336075127E+002  0.128176095103270E+001  0.732392995954903E+002  0.701245024380169E+002 -0.552865344288749E+001 -0.768341124057770E-004  0.129055231809616E-003  0.838178768754005E-002
  0.100000000000000E+001  0.324195878929532E+008  0.979651995839384E+002  0.851088671757300E+000  0.647554440721860E+002  0.802380604142900E+002 -0.498622325259203E+001  0.160638242959976E-003  0.174130126833916E-002  0.322278708219528E+000
  0.100000000000000E+001  0.324621190947921E+007  0.514032086658104E+002  0.159295665044035E+001  0.143683694155439E+002  0.201372512368656E+002 -0.595651698847941E+001  0.602080523967743E-001  0.209981784224510E+000  0.466469585895538E+000
  0.100000000000000E+001 -0.786695746880672E+003  0.826387398468366E+002  0.191108348356689E+001  0.193071210549504E+002  0.232566793707520E+002 -0.138467477798807E+001  0.123581662774086E-002  0.191978216171265E-001  0.163566067814827E+000
  0.100000000000000E+001  0.494962140656749E+004  0.645940544393844E+002  0.192742702333420E+001  0.133109655638086E+002  0.668381916584789E+002 -0.210873359807092E+001  0.361533612012863E-001  0.158058226108551E+000  0.372003585100174E+000
  0.100000000000000E+001  0.180528043779189E+005  0.829125550455219E+002  0.524806461455477E+000  0.603034359144926E+002  0.145217407541661E+002 -0.214503453684806E+001  0.126305967569351E-003  0.275909900665283E-003  0.603392720222473E-002
  0.100000000000000E+001 -0.570320586981554E+003  0.278410250707218E+002  0.198209392347207E+001  0.634347647241553E+002  0.223059684391917E+002 -0.852656422374489E+000 -0.137027353048325E-003  0.663660466670990E-004  0.245610997080803E-002
  0.100000000000000E+001  0.130928811099445E+006  0.793305958728424E+002  0.108809514406531E+001  0.283234133083470E+002  0.282545717837622E+002 -0.289897490384965E+001  0.419568270444870E-003  0.116339363157749E-001  0.173579886555672E+000
  0.100000000000000E+001 -0.720520631071503E+003  0.618641293240278E+002  0.162904074118080E+001  0.139020709784878E+002  0.884912011875623E+002 -0.181813228560179E+001  0.141853287816048E+000  0.331875860691071E+000  0.582207739353180E+000
  0.100000000000000E+001  0.139700800140041E+004  0.111132731969534E+002  0.639483553631443E+000  0.923934184977497E+002  0.350779088202424E+002 -0.200029701710111E+001  0.636327445507050E+000  0.794386744499207E+000  0.893537104129791E+000
  0.100000000000000E+001  0.649872561622682E+006  0.954866508234693E+002  0.161263886527688E+001  0.266871014761539E+002  0.592015670831459E+002 -0.312911130950700E+001  0.345040112733841E-003  0.404604524374008E-002  0.792786478996277E-001
  0.100000000000000E+001  0.601106433683199E+006  0.683436992330653E+002  0.149909031359682E+001  0.582128147534593E+002  0.930686253807637E+002 -0.313058096043437E+001  0.923499464988708E-005  0.223848968744278E-003  0.281666275113821E-001
  0.100000000000000E+001  0.116460714493764E+008  0.555620371269788E+002  0.116337481071585E+001  0.629472970367351E+002  0.986203736433146E+002 -0.509700821592279E+001  0.232432037591934E-003  0.208381675183773E-001  0.545159816741943E+000
  0.100000000000000E+001 -0.731168580638336E+003  0.883259058491982E+002  0.590103834458112E+000  0.826849512288199E+002  0.852712840820162E+002 -0.977928846323120E+000  0.329572707414627E-003  0.101770848035812E+000  0.681961715221405E+000
  0.100000000000000E+001 -0.674586597172889E+003  0.681863090144855E+002  0.163781303897948E+001  0.278744996019858E+002  0.394027005064115E+002 -0.939159349283952E+000  0.304173678159714E-003  0.343586876988411E-002  0.969602763652802E-001
  0.100000000000000E+001  0.719105348404880E+005  0.861727935945886E+002  0.198684948570792E+001  0.613766278428258E+002  0.274315067378905E+002 -0.240732851318625E+001 -0.264126807451248E-003 -0.142462551593781E-003  0.814236700534821E-004
  0.100000000000000E+001  0.728088798792496E+004  0.962269384529476E+002  0.130788879651805E+001  0.881103804267831E+002  0.283065476787978E+002 -0.195905985524634E+001 -0.228472054004669E-003 -0.726170837879181E-004  0.209793448448181E-003
  0.100000000000000E+001  0.255876953243410E+008  0.638715694522025E+002  0.145731077248058E+001  0.322684399064852E+002  0.514563594796014E+002 -0.532089481982625E+001  0.284504145383835E-003  0.428863242268562E-002  0.127482011914253E+000
  0.100000000000000E+001  0.202181033619354E+007  0.250972492293413E+002  0.617177699211264E+000  0.629563965305489E+002  0.253343381094785E+002 -0.430370738647074E+001  0.536804571747780E-001  0.497482389211655E+000  0.720238387584686E+000
  0.100000000000000E+001  0.232949709526984E+006  0.585706481149022E+002  0.173873534117132E+001  0.626637539196515E+002  0.903423183857495E+002 -0.276491405804240E+001 -0.116813927888870E-003  0.591948628425598E-004  0.128043815493584E-002
  0.100000000000000E+001  0.245787842554542E+007  0.370476852796339E+002  0.159015214098955E+001  0.519384045480706E+002  0.238697857858130E+002 -0.348997378804638E+001  0.781156122684479E-004  0.329028815031052E-003  0.839028209447861E-001
  0.100000000000000E+001  0.930698885336590E+007  0.626013407424188E+002  0.930129782879496E+000  0.372223174123299E+002  0.642400031410745E+002 -0.564885403856832E+001  0.206826254725456E-002  0.684726983308792E-001  0.464526116847992E+000
  0.100000000000000E+001  0.656859726638606E+006  0.328602260739159E+002  0.166944636937920E+001  0.885000316624342E+002  0.360984444374738E+002 -0.304727194826140E+001 -0.150628387928009E-003  0.561177730560303E-004  0.101125575602055E-001
  0.100000000000000E+001  0.668248880790426E+007  0.658725045657270E+002  0.183261388583765E+001  0.970936277768360E+002  0.547201287402236E+002 -0.338674982735330E+001 -0.417586416006088E-003 -0.250425189733505E-003  0.369884073734283E-004
  0.100000000000000E+001 -0.102207435044495E+004  0.416794331851630E+002  0.135899808686541E+001  0.521948208968756E+002  0.878000482081626E+002 -0.150574477522437E+001  0.248026102781296E-003  0.938885286450386E-002  0.399395406246185E+000
  0.100000000000000E+001  0.162994394554698E+005  0.177056773736593E+002  0.106981594762490E+001  0.138823789061368E+002  0.968009808458045E+002 -0.268317241365018E+001  0.630122721195221E+000  0.816346764564514E+000  0.917248308658600E+000
  0.100000000000000E+001  0.454691078500813E+004  0.923056470933250E+002  0.789222665027257E+000  0.669218754392851E+002  0.333916424773828E+002 -0.189866982333441E+001  0.249445438385010E-004  0.211875885725021E-003  0.121265575289726E-001
  0.100000000000000E+001  0.334486081859013E+004  0.662628916224375E+002  0.134144995449466E+001  0.953040196743643E+002  0.378102934569235E+002 -0.184329189845860E+001 -0.191289931535721E-003 -0.413134694099426E-005  0.467631965875626E-003
  0.100000000000000E+001  0.217633720661910E+008  0.362769894356525E+002  0.550445444778307E+000  0.878626335055139E+002  0.871697703554603E+001 -0.510049040175262E+001  0.362183898687363E-003  0.474396273493767E-001  0.531925022602081E+000
  0.100000000000000E+001  0.813293134218065E+007  0.755390314640034E+002  0.132833038905494E+001  0.241007405060065E+002  0.506550304572436E+002 -0.503614742152684E+001  0.170001387596130E-002  0.312057510018349E-001  0.212413698434830E+000
  0.100000000000000E+001 -0.159529912161080E+004  0.300181845852404E+002  0.746936656600833E+000  0.970691895604424E+002  0.256910521789665E+002 -0.180692310049301E+001  0.498536974191666E-003  0.275823444128036E+000  0.686629116535187E+000
  0.100000000000000E+001 -0.332231254658075E+003  0.242977265548334E+002  0.194516966457889E+001  0.821993332407699E+002  0.148787670458042E+002 -0.153028321750709E+001 -0.192295759916306E-003  0.606104731559753E-005  0.176040828227997E-002
  0.100000000000000E+001  0.221953613197783E+008  0.709140997654495E+002  0.192637237247895E+001  0.520960689605610E+002  0.960703564112090E+002 -0.379133872750571E+001 -0.117607414722443E-003  0.510066747665405E-004  0.378344208002090E-003
  0.100000000000000E+001  0.623394845267303E+006  0.372998914045758E+002  0.120698126653970E+001  0.206503803962601E+002  0.911936106809231E+002 -0.451215955405651E+001  0.192953169345856E+000  0.440519183874130E+000  0.724010765552521E+000
  0.100000000000000E+001  0.374794052298948E+007  0.675193031387380E+002  0.814240465463731E+000  0.688203051438881E+002  0.310264791970725E+002 -0.359700772598087E+001  0.962354242801666E-004  0.309452414512634E-003  0.132384017109871E+000
  0.100000000000000E+001  0.369891098787708E+009  0.942138905519943E+002  0.118677685267219E+001  0.870093910222088E+002  0.227508793527776E+002 -0.428792198370527E+001 -0.177338719367981E-003 -0.179968774318695E-004  0.288773328065872E-003
  0.100000000000000E+001  0.252568021474124E+007  0.428561869909560E+002  0.171151892323195E+001  0.876065988423017E+002  0.151882846803573E+002 -0.319759184670727E+001 -0.209290534257889E-003 -0.418610870838165E-004  0.378202646970749E-003
  0.100000000000000E+001 -0.708677254764836E+003  0.229895472351749E+002  0.959506749411726E+000  0.452751587065205E+002  0.143545452260525E+002 -0.916968029761546E+000  0.286014061421156E-001  0.390122950077057E+000  0.735680282115936E+000
  0.100000000000000E+001 -0.121476986560173E+004  0.485937557993653E+002  0.116266100335830E+001  0.188356743428758E+002  0.823459666414983E+002 -0.137220563621371E+001  0.147445529699326E+000  0.366265594959259E+000  0.643021106719971E+000
  0.100000000000000E+001  0.221104645388220E+005  0.563884724618293E+002  0.707730262747225E+000  0.823284586721606E+002  0.573429093454425E+002 -0.277329509355067E+001  0.236645340919495E-003  0.410338491201401E-001  0.618170440196991E+000
  0.100000000000000E+001 -0.546050490133779E+003  0.805210950136649E+002  0.892685480332662E+000  0.245429491143213E+002  0.249425888624511E+002 -0.823424765093598E+000  0.275899469852448E-002  0.361814238131046E-001  0.248714372515678E+000
  0.100000000000000E+001  0.669802962918136E+009  0.786689720024181E+002  0.648780429758699E+000  0.747838706646636E+002  0.160025470750292E+002 -0.509255957285610E+001  0.377483665943146E-004  0.223416835069656E-003  0.798819586634636E-002
  0.100000000000000E+001  0.215077399813437E+007  0.457190195899493E+002  0.118020559021849E+001  0.165316251835834E+002  0.207820382100533E+002 -0.507029040486912E+001  0.732862949371338E-001  0.262765318155289E+000  0.546242177486420E+000
  0.100000000000000E+001 -0.238616000406365E+003  0.282086322024579E+002  0.854120485814575E+000  0.763793383580141E+002  0.366122309771523E+002 -0.240625868967817E+001  0.117931887507439E-002  0.337059020996094E+000  0.727035224437714E+000
  0.100000000000000E+001  0.324535107004193E+006  0.601740956163523E+002  0.127054973570163E+001  0.309139304771264E+002  0.971974895153793E+002 -0.391233320597553E+001  0.716004148125648E-002  0.107538461685181E+000  0.470497161149979E+000
  0.100000000000000E+001 -0.158165491229669E+004  0.439600707146713E+002  0.600636160790240E+000  0.461883671381856E+002  0.922107044354198E+002 -0.204216912724527E+001  0.355568617582321E+000  0.721435964107513E+000  0.879307925701141E+000
  0.100000000000000E+001  0.302471177675458E+009  0.698302762771440E+002  0.145414329153378E+001  0.814541559326719E+002  0.354043277704682E+002 -0.434333151293114E+001 -0.189132988452911E-003 -0.299327075481415E-004  0.342305749654770E-003
  0.100000000000000E+001  0.239302476245469E+008  0.898347614398634E+002  0.172561305663162E+001  0.264524179951001E+002  0.130134895310522E+002 -0.422834412934890E+001  0.290278345346451E-003  0.157153978943825E-002  0.524326786398888E-001
  0.100000000000000E+001  0.581669655801381E+005  0.568986499049453E+002  0.194478954279627E+001  0.479715564307798E+002  0.408322140067351E+002 -0.237133999812419E+001 -0.105787068605423E-003  0.779815018177032E-004  0.420626252889633E-003
  0.100000000000000E+001  0.189002451260398E+006  0.296467213205374E+002  0.109953896403902E+001  0.496649928142909E+002  0.166841877141957E+002 -0.344119975133273E+001  0.925038009881973E-003  0.966276973485947E-001  0.608997821807861E+000
  0.100000000000000E+001  0.341250714571679E+006  0.240868794019617E+002  0.944139777799196E+000  0.112139538109260E+002  0.570550479070839E+002 -0.393574676842992E+001  0.523827612400055E+000  0.707567274570465E+000  0.839600503444672E+000
  0.100000000000000E+001  0.207023808204580E+009  0.325044222701980E+002  0.143871736487292E+001  0.783953149857218E+002  0.573656353781120E+002 -0.599874318381902E+001 -0.220909714698792E-005  0.312030315399170E-003  0.261795967817307E+000
  0.100000000000000E+001  0.194077147296111E+006  0.436674531367257E+002  0.134251833741203E+001  0.126110139531136E+002  0.551275834107269E+002 -0.376771879550218E+001  0.179819718003273E+000  0.380602210760117E+000  0.621346533298492E+000
  0.100000000000000E+001  0.535933807333845E+006  0.573425723449727E+002  0.662634283317735E+000  0.114986013291178E+002  0.784449604794051E+002 -0.526395470096075E+001  0.487871706485748E+000  0.663633823394775E+000  0.816883623600006E+000
  0.100000000000000E+001 -0.410615204567402E+003  0.382260028223584E+002  0.141548207162470E+001  0.377647109393673E+002  0.916441838983191E+002 -0.715210942816773E+000  0.166212022304535E-002  0.732122063636780E-001  0.481684982776642E+000
  0.100000000000000E+001  0.122383609608329E+010  0.675654239404538E+002  0.124513543206446E+001  0.849844985214376E+002  0.320061051613036E+002 -0.541126258825292E+001 -0.120047479867935E-003  0.667758285999298E-004  0.301252305507660E-002
  0.100000000000000E+001  0.343603737098997E+007  0.286993844240104E+002  0.114812020932431E+001  0.483600076539305E+002  0.143380087473232E+002 -0.441082017728630E+001  0.107417255640030E-002  0.929425805807114E-001  0.602971017360687E+000
  0.100000000000000E+001  0.100050105501818E+008  0.271305250956055E+002  0.954051493114437E+000  0.502013124401395E+002  0.212129971970537E+002 -0.575736804813307E+001  0.532865896821022E-002  0.257230877876282E+000  0.686009347438812E+000
  0.100000000000000E+001  0.554642186825633E+006  0.399170958831027E+002  0.124885221082196E+001  0.281771715884577E+002  0.722911567767359E+002 -0.398860253149247E+001  0.176604650914669E-001  0.174683615565300E+000  0.538855791091919E+000
  0.100000000000000E+001  0.439164935494745E+007  0.858241425155383E+002  0.812390861250223E+000  0.845145300333214E+002  0.825033267532208E+002 -0.421385409733013E+001  0.151198357343674E-003  0.245761871337891E-002  0.505219876766205E+000
  0.100000000000000E+001  0.340972347839746E+005  0.837525082592418E+002  0.135981601162593E+001  0.574660350670644E+002  0.323122603404135E+002 -0.226153755138420E+001 -0.323429703712463E-004  0.124163925647736E-003  0.146197527647018E-002
  0.100000000000000E+001  0.398392164748294E+004  0.635044626747080E+002  0.576409015324397E+000  0.513018677723674E+002  0.567181297520654E+002 -0.251196416682967E+001  0.124678015708923E-002  0.109798833727837E+000  0.599125564098358E+000
  0.100000000000000E+001  0.148936189814611E+008  0.843264523302795E+002  0.108863389610498E+001  0.303984542232173E+002  0.458782105905643E+002 -0.492806356471237E+001  0.364050269126892E-003  0.767875462770462E-002  0.163707450032234E+000
  0.100000000000000E+001  0.121038133864691E+008  0.194581016819335E+002  0.120089922120696E+001  0.915637359553279E+002  0.791920588194680E+002 -0.572910147548270E+001  0.246844068169594E-002  0.426747441291809E+000  0.818522632122040E+000
  0.100000000000000E+001 -0.401606716321092E+003  0.520904881858221E+002  0.178648721854721E+001  0.369158808856194E+002  0.964718007424849E+002 -0.708510662951060E+000  0.258624553680420E-003  0.239405035972595E-002  0.118236362934113E+000
  0.100000000000000E+001 -0.787641807341393E+003  0.169739887242584E+002  0.142208815029127E+001  0.846658703296448E+002  0.799819243235007E+002 -0.226991547265229E+001  0.339094549417496E-003  0.191839098930359E+000  0.750260114669800E+000
  0.100000000000000E+001  0.256748785268099E+008  0.509865909151186E+002  0.120509206647461E+001  0.786396733314551E+002  0.359679978451081E+002 -0.407091337893448E+001 -0.638887286186218E-005  0.219322741031647E-003  0.113421395421028E+000
  0.100000000000000E+001  0.190965321089339E+006  0.793765418805933E+002  0.853444221657604E+000  0.255877809626525E+002  0.953174245772365E+002 -0.482005083350572E+001  0.922388210892677E-001  0.341050982475281E+000  0.690415978431702E+000
  0.100000000000000E+001 -0.104575052771356E+004  0.943359727901124E+002  0.109135562607207E+001  0.190077065414654E+002  0.720333279232668E+002 -0.147262471540329E+001  0.375648811459541E-001  0.168633550405502E+000  0.417258918285370E+000
  0.100000000000000E+001  0.213640364947837E+006  0.343173834803029E+002  0.142924816790176E+001  0.291848832052263E+002  0.474640903705940E+002 -0.358192333269009E+001  0.267956405878067E-002  0.793278217315674E-001  0.407034516334534E+000
  0.100000000000000E+001  0.801993676451402E+007  0.317383734767284E+002  0.857910261607506E+000  0.376809323637304E+002  0.409208890635790E+002 -0.597940748410764E+001  0.309790074825287E-001  0.318737626075745E+000  0.694024503231049E+000
  0.100000000000000E+001 -0.770666988351741E+003  0.945373342944315E+002  0.151017659038787E+001  0.876787839793402E+002  0.441619003119812E+002 -0.132289733531939E+001 -0.296723097562790E-003 -0.132557004690170E-003  0.129628926515579E-003
  0.100000000000000E+001  0.378239193488257E+004  0.168769679821724E+002  0.686506831019794E+000  0.392617735386072E+002  0.506252828727442E+002 -0.233642359695932E+001  0.553807735443115E+000  0.762263715267181E+000  0.874982297420502E+000
  0.100000000000000E+001  0.148239724467004E+006  0.125490122923666E+002  0.152811755532304E+001  0.301964353630209E+002  0.654785429802972E+002 -0.366378578909857E+001  0.618047602474689E-001  0.370504200458527E+000  0.755225956439972E+000
  0.100000000000000E+001 -0.164386370035117E+004  0.179211605162661E+002  0.130732366111168E+001  0.164653552898452E+002  0.664649759012701E+002 -0.187352664627838E+001  0.324452131986618E+000  0.582012355327606E+000  0.808405518531799E+000
  0.100000000000000E+001 -0.788643510911534E+003  0.366766686065169E+002  0.123581535239556E+001  0.988750098737737E+002  0.580313950873558E+002 -0.105365653521612E+001  0.141337513923645E-004  0.370550900697708E-003  0.413762927055359E+000
  0.100000000000000E+001  0.757919176013605E+007  0.438314151271369E+002  0.110119116728426E+001  0.783608351024370E+002  0.809981015012795E+002 -0.457353024726373E+001  0.188235193490982E-003  0.177516378462315E-001  0.612232387065887E+000
  0.100000000000000E+001  0.138184096669575E+007  0.131606161705641E+002  0.132714804312764E+001  0.308684513591035E+002  0.884581401244705E+002 -0.474852778790062E+001  0.222789064049721E+000  0.609743177890778E+000  0.857151746749878E+000
  0.100000000000000E+001  0.302809739330620E+007  0.915789936268140E+002  0.192023670699929E+001  0.717449564809576E+002  0.784891949163272E+002 -0.321214053960305E+001 -0.329252332448959E-003 -0.197138637304306E-003  0.287517905235291E-004
  0.100000000000000E+001  0.300368573876652E+007  0.529425785325205E+002  0.130278904485700E+001  0.560693658443847E+002  0.546723573117485E+002 -0.355923631058748E+001  0.921040773391724E-004  0.346746295690536E-003  0.120011404156685E+000
  0.100000000000000E+001  0.114594497776261E+006  0.188736800205915E+002  0.157512457308392E+001  0.529295628994957E+002  0.634474991408910E+002 -0.318954231611773E+001  0.264402478933334E-003  0.266945380717516E-001  0.539082407951355E+000
  0.100000000000000E+001 -0.309594893422156E+003  0.380681850208842E+002  0.126866443710694E+001  0.773526341034014E+002  0.502986865628285E+002 -0.639537198150017E+000  0.486038625240326E-004  0.379420816898346E-003  0.329508751630783E+000
  0.100000000000000E+001  0.629783659571664E+003  0.873906104338576E+002  0.143964928233876E+001  0.282796741334240E+002  0.276210359460768E+002 -0.170223774995568E+001  0.309344381093979E-003  0.219113007187843E-002  0.831452086567879E-001
  0.100000000000000E+001  0.170018466707296E+010  0.848689480596919E+002  0.135193187441275E+001  0.720747691969669E+002  0.579407089607533E+002 -0.538405203794156E+001 -0.128794461488724E-003  0.411979854106903E-004  0.460926443338394E-003
  0.100000000000000E+001 -0.814710981933123E+003  0.416884057467199E+002  0.169416574290078E+001  0.635733056584184E+002  0.412649821478322E+002 -0.114570760523084E+001 -0.896267592906952E-004  0.105496495962143E-003  0.517536699771881E-002
  0.100000000000000E+001  0.452497104958841E+005  0.251573032769312E+002  0.115703857900474E+001  0.990094293451129E+002  0.194965991829630E+002 -0.300519687170475E+001  0.208284705877304E-003  0.378215610980988E-001  0.656526982784271E+000
  0.100000000000000E+001  0.553047228392360E+005  0.718660317898716E+002  0.122164288796407E+001  0.434990610377451E+002  0.508322287339048E+002 -0.251409340276257E+001  0.172670930624008E-003  0.507961958646774E-003  0.868018567562103E-001
  0.100000000000000E+001  0.300227801776263E+005  0.896442420059233E+002  0.704200133990731E+000  0.290193938310555E+002  0.514132134984679E+002 -0.274397060985651E+001  0.275504216551781E-002  0.513864569365978E-001  0.335012674331665E+000
  0.100000000000000E+001 -0.941054878824776E+003  0.488760297548534E+002  0.134866843651967E+001  0.351891394905163E+002  0.711404668041441E+002 -0.131846176957315E+001  0.453662127256393E-003  0.244593061506748E-001  0.303618460893631E+000
  0.100000000000000E+001 -0.140999619013551E+004  0.216186274022086E+002  0.131361478394330E+001  0.785296377670435E+002  0.946905594560230E+002 -0.152300247834234E+001  0.419866293668747E-003  0.249240875244141E+000  0.781013607978821E+000
  0.100000000000000E+001  0.161903972639198E+007  0.605208290773987E+002  0.551101726666503E+000  0.438825906750742E+002  0.784512473145711E+002 -0.489252498275905E+001  0.881709903478622E-001  0.494229644536972E+000  0.789547502994537E+000
  0.100000000000000E+001  0.312220081852478E+008  0.319845648486974E+002  0.175527628557397E+001  0.833085128704073E+002  0.668528709358275E+002 -0.397810378133059E+001 -0.174164772033691E-003  0.594891607761383E-004  0.926174595952034E-002
  0.100000000000000E+001 -0.250200638104008E+003  0.918671009466075E+002  0.827392871528975E+000  0.864914498213554E+002  0.458601300394978E+002 -0.155483590290034E+001 -0.419802963733673E-004  0.166818499565125E-003  0.132790394127369E-001
  0.100000000000000E+001  0.112904837056189E+008  0.181374811810787E+002  0.747229584699038E+000  0.791816852197730E+002  0.913907086489735E+002 -0.506042814206625E+001  0.711793184280396E+000  0.863106250762939E+000  0.942334949970245E+000
  0.100000000000000E+001 -0.110867597608466E+004  0.117126978840707E+002  0.115858137282471E+001  0.938982793034275E+002  0.966187895537486E+002 -0.127165245684927E+001  0.372688353061676E+000  0.788554072380066E+000  0.921475410461426E+000
  0.100000000000000E+001  0.159300114248629E+010  0.752313099549721E+002  0.138132471114854E+001  0.588643967895082E+002  0.158913274490619E+002 -0.524603313759736E+001 -0.229552388191223E-004  0.135388225317001E-003  0.267433375120163E-002
  0.100000000000000E+001 -0.930030636428063E+003  0.778361859529434E+002  0.994314155145370E+000  0.357838749748890E+002  0.763698749121547E+002 -0.120935602074710E+001  0.140624493360519E-002  0.504565052688122E-001  0.397631049156189E+000
  0.100000000000000E+001 -0.591419132323708E+003  0.410739120998994E+002  0.130958415609601E+001  0.944873046935048E+002  0.626675321078099E+002 -0.158840155216362E+001 -0.460892915725708E-004  0.248815864324570E-003  0.247199445962906E+000
  0.100000000000000E+001 -0.408733713668711E+003  0.304307537194995E+002  0.103880765267799E+001  0.894997752778858E+002  0.410460004904264E+002 -0.702322812804170E+000  0.216722488403320E-003  0.448987260460854E-001  0.653192102909088E+000
  0.100000000000000E+001  0.159425944772445E+009  0.974226255648462E+002  0.948524031524853E+000  0.653047369294346E+002  0.382654459179097E+002 -0.438729275731825E+001 -0.725314021110535E-005  0.161506235599518E-003  0.498531386256218E-002
  0.100000000000000E+001  0.861638288322739E+009  0.700846804449129E+002  0.113049605620884E+001  0.829689016316352E+002  0.487845532485132E+002 -0.590333204966720E+001 -0.710152089595795E-004  0.130552798509598E-003  0.172738991677761E-001
  0.100000000000000E+001  0.693516707650617E+004  0.563192419539009E+002  0.990435389236099E+000  0.975546669075173E+002  0.767814166751112E+002 -0.238059633580191E+001  0.104662030935287E-003  0.218262523412704E-002  0.542486011981964E+000
  0.100000000000000E+001  0.365490130559681E+004  0.117881141860559E+002  0.573254433064577E+000  0.735734153093919E+002  0.110610336205650E+002 -0.211439737137240E+001  0.552779853343964E+000  0.723455429077148E+000  0.834198534488678E+000
  0.100000000000000E+001  0.872326514893602E+006  0.822142655611426E+002  0.105003242069229E+001  0.158310470838865E+002  0.108470495382090E+002 -0.393288517725465E+001  0.398623496294022E-001  0.140886977314949E+000  0.352362334728241E+000
  0.100000000000000E+001  0.528590672086426E+007  0.149000623619493E+002  0.940142906663183E+000  0.193702186649833E+002  0.815378220201105E+002 -0.544739827939125E+001  0.640075385570526E+000  0.818859994411469E+000  0.910340964794159E+000
  0.100000000000000E+001  0.854998793687901E+005  0.760070522730887E+002  0.574624187892710E+000  0.121311589444378E+002  0.225648187885028E+002 -0.307885685259599E+001  0.110091641545296E+000  0.227600336074829E+000  0.407016396522522E+000
  0.100000000000000E+001  0.520776652721098E+010  0.955321256181160E+002  0.159533126230182E+001  0.596611747807552E+002  0.290390518461417E+002 -0.528881179487099E+001 -0.128254294395447E-003 -0.843405723571777E-005  0.257663428783417E-003
  0.100000000000000E+001  0.159879836161481E+008  0.205406207661932E+002  0.122468456634746E+001  0.869652517274749E+002  0.677943727865718E+002 -0.580154459650944E+001  0.407010316848755E-003  0.278175652027130E+000  0.769761025905609E+000
  0.100000000000000E+001  0.105974210793477E+008  0.821373995043069E+002  0.702581045961176E+000  0.510145016693955E+002  0.424322153132116E+002 -0.412005784584210E+001  0.212848186492920E-003  0.107617303729057E-002  0.183600723743439E+000
  0.100000000000000E+001  0.662119061843713E+004  0.742362737720041E+002  0.126135266907010E+001  0.536218535885890E+002  0.907948843166629E+002 -0.219482686676688E+001  0.142317265272141E-003  0.435091555118561E-003  0.151912212371826E+000
  0.100000000000000E+001 -0.807530842547227E+003  0.318884948828849E+002  0.928188050285982E+000  0.675338561991733E+002  0.635541122870096E+002 -0.993288889883718E+000  0.193540379405022E-002  0.306598842144012E+000  0.758019804954529E+000
  0.100000000000000E+001  0.800272073622421E+005  0.910472125998908E+002  0.139715753837606E+001  0.599013873335815E+002  0.558701046126622E+002 -0.243906556141225E+001 -0.712089240550995E-004  0.918358564376831E-004  0.889550894498825E-003
  0.100000000000000E+001  0.326200243384560E+006  0.306394888351329E+002  0.100346059936364E+001  0.111144570278992E+002  0.651672414279352E+002 -0.399724911093438E+001  0.462545424699783E+000  0.657242655754089E+000  0.815085828304291E+000
  0.100000000000000E+001 -0.844161325476545E+003  0.854830014817118E+002  0.157149925902094E+001  0.388335208971370E+002  0.824206021954591E+002 -0.130243405150593E+001  0.139601528644562E-003  0.364810228347778E-003  0.305859334766865E-001
  0.100000000000000E+001  0.414951223505222E+007  0.499183334851057E+002  0.146701961441748E+001  0.739671033264326E+002  0.849399064441583E+002 -0.368088504374612E+001 -0.438764691352844E-004  0.213418155908585E-003  0.661991089582443E-001
  0.100000000000000E+001 -0.103608716003780E+004  0.151477715361041E+002  0.149408650308674E+001  0.773069196312566E+002  0.265218038687601E+002 -0.123982047310227E+001  0.267531722784042E-003  0.742540806531906E-001  0.680775701999664E+000
  0.100000000000000E+001  0.762806924197603E+005  0.491867595124325E+002  0.130491669516004E+001  0.724714772387850E+002  0.566105187503798E+002 -0.261297573930544E+001 -0.378116965293884E-005  0.232517719268799E-003  0.112176805734634E+000
  0.100000000000000E+001  0.592975384394936E+007  0.905751722540784E+002  0.148718069852251E+001  0.290010668648386E+002  0.566445300535922E+002 -0.394544412749564E+001  0.308088958263397E-003  0.296831503510475E-002  0.872986167669296E-001
  0.100000000000000E+001 -0.787240312591755E+003  0.427702941349878E+002  0.144493694814915E+001  0.527889648772773E+002  0.216612356095333E+002 -0.109525124919474E+001  0.992380082607269E-004  0.360861420631409E-003  0.101820528507233E+000
  0.100000000000000E+001  0.371404973574510E+009  0.971573249711415E+002  0.120137515397381E+001  0.466652445430042E+002  0.614100154320431E+002 -0.552687198380684E+001  0.105585902929306E-003  0.309206545352936E-003  0.337243489921093E-001
  0.100000000000000E+001 -0.968664953754808E+003  0.307879122242883E+002  0.197355252107821E+001  0.158920941819879E+002  0.303931755199087E+002 -0.126579658722279E+001  0.467118322849274E-001  0.202527761459351E+000  0.495098054409027E+000
  0.100000000000000E+001 -0.192390565252852E+003  0.480299456191407E+002  0.106814739066815E+001  0.347690799527565E+002  0.292794619377897E+002 -0.184175341899884E+001  0.483881682157516E-003  0.346059501171112E-001  0.371726542711258E+000
  0.100000000000000E+001  0.205357786320237E+008  0.694121560648213E+002  0.110802007511179E+001  0.690224524880821E+002  0.956396093143042E+002 -0.560456489218433E+001  0.147107988595963E-003  0.299631431698799E-002  0.425184369087219E+000
  0.100000000000000E+001  0.450648953677482E+006  0.582342707511652E+002  0.757089425436582E+000  0.561285703768619E+002  0.878912021652065E+002 -0.399548418178185E+001  0.139637589454651E-001  0.378734767436981E+000  0.771081030368805E+000
  0.100000000000000E+001 -0.130741665193108E+004  0.294368363845368E+002  0.140641200161593E+001  0.154990135594114E+002  0.636647077453081E+002 -0.229733272632625E+001  0.202332109212875E+000  0.426493704319000E+000  0.675280392169952E+000
  0.100000000000000E+001  0.113231125430201E+008  0.927474488455797E+002  0.150493972331542E+001  0.457567729082106E+002  0.918402087966793E+002 -0.399095168157374E+001  0.713244080543518E-004  0.277530401945114E-003  0.208669714629650E-001
  0.100000000000000E+001 -0.782818634798256E+003  0.140361510951085E+002  0.122149534911545E+001  0.343402520231628E+002  0.472196882767818E+002 -0.975408229214304E+000  0.162748247385025E+000  0.564991772174835E+000  0.826533734798431E+000
  0.100000000000000E+001 -0.187194063246330E+003  0.618595731204873E+002  0.196219078110716E+001  0.760076405632912E+002  0.698543479226529E+002 -0.544725810686061E+000 -0.340409576892853E-003 -0.204998999834061E-003  0.752620398998260E-004
  0.100000000000000E+001  0.131913282573408E+006  0.650209779754462E+002  0.101417668384622E+001  0.163198907624548E+002  0.874587205056516E+002 -0.382314930519081E+001  0.202147170901299E+000  0.400594651699066E+000  0.679315984249115E+000
  0.100000000000000E+001 -0.819258438837571E+003  0.975139906953423E+002  0.123089206780221E+001  0.997320370098035E+002  0.342428499903413E+002 -0.118655672508101E+001 -0.252015888690948E-003 -0.749714672565460E-004  0.214245170354843E-003
  0.100000000000000E+001 -0.142771356112496E+003  0.926969031632943E+002  0.109012496406490E+001  0.266607276466646E+002  0.760736482995960E+002 -0.508534889440976E+000  0.291996076703072E-002  0.518390126526356E-001  0.316240727901459E+000
  0.100000000000000E+001  0.137469938217018E+006  0.418266929057031E+002  0.137203446410649E+001  0.550934567216556E+002  0.376760705728039E+002 -0.277795188172247E+001  0.116981565952301E-003  0.429578125476837E-003  0.174038380384445E+000
  0.100000000000000E+001 -0.636734656023040E+003  0.231443118539966E+002  0.194438313240850E+001  0.742598868488011E+002  0.956809809381637E+002 -0.914074718615297E+000 -0.145230442285538E-003  0.119447708129883E-003  0.307580567896366E-001
  0.100000000000000E+001  0.121702585224666E+006  0.392651211192675E+002  0.192841521120491E+001  0.409452564936260E+002  0.579127780661838E+002 -0.259668076218660E+001  0.902749598026276E-004  0.303711742162704E-003  0.274309851229191E-001
  0.100000000000000E+001  0.145123841747907E+006  0.219003790906303E+002  0.926713500544884E+000  0.792370680386359E+002  0.619750607122059E+002 -0.357890025110393E+001  0.556077063083649E-001  0.599629342556000E+000  0.829803466796875E+000
  0.100000000000000E+001 -0.780051722155843E+003  0.741267622672477E+002  0.906953990227822E+000  0.130383827400136E+002  0.348910441577904E+002 -0.155984882341836E+001  0.114545032382011E+000  0.272991597652435E+000  0.494701087474823E+000
  0.100000000000000E+001  0.369277826938185E+008  0.169983074068147E+002  0.562011230812476E+000  0.699412842240244E+002  0.896649256914414E+002 -0.559397245562740E+001  0.813331186771393E+000  0.901676416397095E+000  0.968544423580170E+000
  0.100000000000000E+001  0.110879620878122E+009  0.739017261005939E+002  0.630424382930228E+000  0.915507671753469E+002  0.493970737551253E+002 -0.582784492168239E+001  0.103119760751724E-003  0.420477241277695E-003  0.331216633319855E+000
  0.100000000000000E+001  0.336493631175028E+008  0.881455552887501E+002  0.916152431258075E+000  0.499568161807294E+002  0.697553989939462E+002 -0.556213988312007E+001  0.230599194765091E-003  0.328451767563820E-002  0.272791802883148E+000
  0.100000000000000E+001 -0.122553612439939E+004  0.246345058544392E+002  0.139846309694367E+001  0.316412552191858E+002  0.243456106765708E+002 -0.182640509114408E+001  0.106547139585018E-001  0.151344120502472E+000  0.559924781322479E+000
  0.100000000000000E+001  0.171116419379783E+006  0.326915482857741E+002  0.154662518872614E+001  0.651070436467410E+002  0.860906774992159E+002 -0.297983779487761E+001  0.601410865783691E-004  0.404831022024155E-003  0.262091815471649E+000
  0.100000000000000E+001  0.175549284860884E+007  0.497480621108306E+002  0.900980708625025E+000  0.990318188961614E+002  0.278084509794597E+002 -0.351195641862206E+001  0.496879220008850E-004  0.353205949068069E-003  0.356047332286835E+000
  0.100000000000000E+001 -0.919452038669251E+003  0.416663223769357E+002  0.104209549850035E+001  0.315083085981878E+002  0.326116264614808E+002 -0.113376378832057E+001  0.386833772063255E-002  0.976777821779251E-001  0.478234916925430E+000
  0.100000000000000E+001  0.386093903040287E+007  0.460030810768610E+002  0.910797303260985E+000  0.687972470045659E+002  0.815532746206733E+002 -0.458212438395513E+001  0.507134944200516E-003  0.229172915220261E+000  0.739272177219391E+000
  0.100000000000000E+001  0.347260259572907E+004  0.115616418791744E+002  0.182655223052173E+001  0.195646409499209E+002  0.838345371572036E+002 -0.281246396590998E+001  0.117282077670097E+000  0.377112597227097E+000  0.712868690490723E+000
  0.100000000000000E+001  0.778192711304028E+004  0.377536036819248E+002  0.977020434578840E+000  0.236801552682178E+002  0.246807456106409E+002 -0.285336599532503E+001  0.427200943231583E-001  0.247207939624786E+000  0.571627080440521E+000
  0.100000000000000E+001  0.411161361082773E+009  0.403190901735451E+002  0.124422080967782E+001  0.996450241485849E+002  0.319478387572063E+002 -0.572990262785716E+001 -0.421665608882904E-004  0.228140503168106E-003  0.226771116256714E+000
  0.100000000000000E+001 -0.131041843508114E+004  0.173683626208134E+002  0.143068369662688E+001  0.372456710082383E+002  0.856409304297337E+002 -0.143867458699134E+001  0.201847329735756E-001  0.303330391645432E+000  0.755610644817352E+000
  0.100000000000000E+001  0.942950755448669E+008  0.933191508647264E+002  0.145666047516434E+001  0.959828249556125E+002  0.937544460886473E+002 -0.416661166181707E+001 -0.239197164773941E-003 -0.658743083477020E-004  0.289797782897949E-003
  0.100000000000000E+001  0.406636778999017E+008  0.704523437408911E+002  0.775513646009799E+000  0.581193404786581E+002  0.531285982659100E+002 -0.516954510672051E+001  0.229369848966599E-003  0.433992594480515E-002  0.364590287208557E+000
  0.100000000000000E+001  0.379994986133861E+009  0.940341930941210E+002  0.799458366447211E+000  0.930959102288812E+002  0.273405710636197E+002 -0.451660748823514E+001 -0.920295715332031E-004  0.931285321712494E-004  0.840138643980026E-003
  0.100000000000000E+001  0.197243887273637E+007  0.331718731037724E+002  0.161380705603139E+001  0.136103395680255E+002  0.543085539589732E+002 -0.583112699989039E+001  0.151010930538177E+000  0.354683667421341E+000  0.625318348407745E+000
  0.100000000000000E+001  0.183397752793337E+010  0.799797354568955E+002  0.168941936723838E+001  0.490377827343557E+002  0.258540555906742E+002 -0.574340219087949E+001 -0.612139701843262E-004  0.987835228443146E-004  0.455651432275772E-003
  0.100000000000000E+001  0.287498992632969E+009  0.549888582632222E+002  0.174588824932747E+001  0.453166639270085E+002  0.122317384975843E+002 -0.477825241548481E+001  0.185035169124603E-004  0.217918306589127E-003  0.791363790631294E-002
  0.100000000000000E+001  0.844116689311365E+004  0.953478760993717E+002  0.158826398026735E+001  0.817195640239891E+002  0.601007404137561E+002 -0.198442374916780E+001 -0.289328396320343E-003 -0.129215419292450E-003  0.133071094751358E-003
  0.100000000000000E+001  0.435830327505146E+008  0.258710622416676E+002  0.144153699937572E+001  0.760992098446122E+002  0.509386088565157E+002 -0.477672813501963E+001  0.642016530036926E-004  0.908784568309784E-003  0.430179089307785E+000
  0.100000000000000E+001 -0.221696501739275E+003  0.379954411363767E+002  0.540850382418704E+000  0.182932267471011E+002  0.416233324010079E+002 -0.231239864799969E+001  0.276095986366272E+000  0.497187793254852E+000  0.707868754863739E+000
  0.100000000000000E+001  0.431219035611490E+003  0.826777048726626E+002  0.568368852161910E+000  0.804611301880511E+002  0.590056145740453E+002 -0.187978927946508E+001  0.177603214979172E-003  0.156699120998383E-002  0.408109724521637E+000
  0.100000000000000E+001  0.631684037141245E+006  0.236277791448312E+002  0.128140133922348E+001  0.375938880591919E+002  0.231278830138633E+002 -0.399209109993229E+001  0.905330851674080E-002  0.183787822723389E+000  0.630070984363556E+000
  0.100000000000000E+001  0.153641850240743E+006  0.424923427278343E+002  0.692598660167779E+000  0.899064234678976E+002  0.283775962886965E+002 -0.320909272682156E+001  0.220581889152527E-003  0.139635801315308E-001  0.540604233741760E+000
  0.100000000000000E+001 -0.527804223278044E+003  0.985372245131750E+002  0.825611155241776E+000  0.219548946307116E+002  0.804227101371562E+001 -0.810234090704685E+000  0.240743905305862E-002  0.222206413745880E-001  0.163324579596519E+000
  0.100000000000000E+001 -0.142910633517377E+004  0.506797196507124E+002  0.101374184615861E+001  0.265509229778055E+002  0.662799039573272E+002 -0.187542058864000E+001  0.281259752810001E-001  0.209719866514206E+000  0.565949261188507E+000
  0.100000000000000E+001 -0.639472089173134E+003  0.727064379301965E+002  0.918507086404586E+000  0.772568765883764E+002  0.856594631343332E+002 -0.181441960259656E+001  0.181932002305984E-003  0.838823989033699E-002  0.541996717453003E+000
  0.100000000000000E+001  0.686073789256717E+004  0.186686910815989E+002  0.199349540601086E+001  0.401544964254694E+002  0.214155042740186E+002 -0.214054041601503E+001  0.224977731704712E-003  0.233608111739159E-002  0.172507137060165E+000
  0.100000000000000E+001  0.812583397465917E+006  0.334759225833469E+002  0.827072652922847E+000  0.323736714864400E+002  0.229381132649143E+002 -0.405581954684191E+001  0.327610522508621E-001  0.272165268659592E+000  0.631732523441315E+000
  0.100000000000000E+001  0.241198759194110E+008  0.390379265524171E+002  0.175612401077106E+001  0.645655874626937E+002  0.814209780224076E+002 -0.398406985753527E+001 -0.101499259471893E-003  0.116854906082153E-003  0.101653151214123E-001
  0.100000000000000E+001  0.148418780028871E+007  0.778100279870587E+002  0.566838454205433E+000  0.957282365345746E+002  0.271744832865238E+002 -0.327999526292831E+001  0.801682472229004E-005  0.224556773900986E-003  0.176020376384258E-001
  0.100000000000000E+001 -0.625475552214730E+003  0.939853679949204E+002  0.973573906717375E+000  0.726843336054759E+002  0.293406004249788E+002 -0.143334919125213E+001 -0.529401004314423E-004  0.120468437671661E-003  0.160935521125793E-002
  0.100000000000000E+001  0.211095359644985E+007  0.767138135058538E+002  0.169178019519669E+001  0.523758703484907E+002  0.305449227555409E+002 -0.314411814933678E+001 -0.934079289436340E-004  0.642351806163788E-004  0.375550240278244E-003
  0.100000000000000E+001  0.613868258452489E+004  0.292687366729111E+002  0.510328860359697E+000  0.119096907491298E+002  0.785993394160949E+002 -0.205123203119528E+001  0.747675895690918E+000  0.848116993904114E+000  0.906723082065582E+000
  0.100000000000000E+001  0.841370522493116E+008  0.740105147149815E+002  0.145592462579670E+001  0.520202992701619E+002  0.994188010371363E+002 -0.542927907743200E+001  0.100202858448029E-003  0.332538038492203E-003  0.727300047874451E-001
