  0.169855799210599E+002  0.110906582885034E+001  0.399892866882360E+002  0.619167475548714E+001 -0.207909748100454E+001  0.939989387989044E-001  0.502321600914001E+000  0.787906527519226E+000  0.984092039046272E+003  0.983757254693799E+003
  0.185382495157603E+002  0.107665940383730E+001  0.357121248142453E+002  0.850681920810697E+001 -0.213421333269842E+001  0.951583683490753E-001  0.478348314762115E+000  0.769996821880341E+000  0.984404883291748E+003  0.983332638577231E+003
  0.191005773885608E+002  0.108852611085968E+001  0.320991938985276E+002  0.426501071158328E+001 -0.208342997685200E+001  0.988268479704857E-001  0.458220988512039E+000  0.758061110973358E+000  0.984164985553851E+003  0.982460133032296E+003
  0.188400152208489E+002  0.106631250530397E+001  0.353957900154788E+002  0.116561569461205E+002 -0.210850685100652E+001  0.950906723737717E-001  0.476447552442551E+000  0.768879234790802E+000  0.984323358415110E+003  0.981345252023624E+003
  0.180505337371688E+002  0.108850538101548E+001  0.357869095723207E+002  0.510429191592198E+001 -0.213490749373785E+001  0.994104743003845E-001  0.486005812883377E+000  0.773500740528107E+000  0.985407558562439E+003  0.977281200997335E+003
  0.180267519778305E+002  0.107060059738026E+001  0.374563053947302E+002  0.584363013292563E+001 -0.208512093433100E+001  0.978185981512070E-001  0.494567215442657E+000  0.777426302433014E+000  0.985303988466813E+003  0.983679284148292E+003
  0.173118447928854E+002  0.108489408779091E+001  0.369096896789313E+002  0.640421320587484E+001 -0.209488087511691E+001  0.115570008754730E+000  0.513941764831543E+000  0.786366045475006E+000  0.984062154307633E+003  0.983540903713788E+003
  0.190146685017408E+002  0.109415103544733E+001  0.323430208594893E+002  0.878342450769165E+001 -0.212247733418147E+001  0.985473245382309E-001  0.461462914943695E+000  0.761893928050995E+000  0.984117569778822E+003  0.983982660014576E+003
  0.178551099925467E+002  0.111898020694165E+001  0.339861139948286E+002  0.468286928522602E+001 -0.213533931254933E+001  0.101315215229988E+000  0.477459788322449E+000  0.771107733249664E+000  0.984240952803375E+003  0.980528338513312E+003
  0.166814473624552E+002  0.111787878757457E+001  0.405563104957150E+002  0.453386358438200E+001 -0.211453708525886E+001  0.939147919416428E-001  0.505799531936646E+000  0.790136277675629E+000  0.985030231269319E+003  0.983472734984806E+003
  0.164512935333770E+002  0.112950636739644E+001  0.398084605903194E+002  0.525128865085785E+001 -0.209345981962891E+001  0.984830930829048E-001  0.508335530757904E+000  0.792008161544800E+000  0.984795206770286E+003  0.983614861702713E+003
  0.183951452646705E+002  0.110850491775645E+001  0.325199582482722E+002  0.513449552803418E+001 -0.213108647315638E+001  0.103337049484253E+000  0.468660950660706E+000  0.764375150203705E+000  0.984443323508446E+003  0.983121837253115E+003
  0.180002120386807E+002  0.109330944688266E+001  0.344201768201630E+002  0.520690777905402E+001 -0.212777119109013E+001  0.107739731669426E+000  0.488798946142197E+000  0.773331165313721E+000  0.985092383805632E+003  0.983804875059506E+003
  0.187355354239912E+002  0.108078675291908E+001  0.361016377944551E+002  0.492650431868633E+001 -0.210668526655974E+001  0.859025940299034E-001  0.463312983512878E+000  0.764275968074799E+000  0.985180258525741E+003  0.983719093088932E+003
  0.177939569723627E+002  0.109785223190524E+001  0.378830484674144E+002  0.111097110950768E+002 -0.210363115774345E+001  0.898439139127731E-001  0.487022399902344E+000  0.779898941516876E+000  0.984045463227154E+003  0.978932624851109E+003
  0.172462942478664E+002  0.112252918458754E+001  0.372908188638553E+002  0.549500454226020E+001 -0.208011215562886E+001  0.930606424808502E-001  0.489045560359955E+000  0.780928909778595E+000  0.984040605335187E+003  0.983721846292498E+003
  0.175298922730038E+002  0.109851973581318E+001  0.394471154204282E+002  0.761894206352586E+001 -0.210911108718015E+001  0.879959762096405E-001  0.490779072046280E+000  0.782008230686188E+000  0.984257983507313E+003  0.979927761798812E+003
  0.163999869802226E+002  0.112178249765641E+001  0.403189544066203E+002  0.781178565166138E+001 -0.210070856568897E+001  0.103031411767006E+000  0.515576303005219E+000  0.795271813869476E+000  0.984261608451220E+003  0.983530260017980E+003
  0.187490950619847E+002  0.107087724126564E+001  0.352557016464441E+002  0.625319369462728E+001 -0.210085408347103E+001  0.953634008765221E-001  0.474138736724854E+000  0.766208589076996E+000  0.985894370923370E+003  0.983985750059376E+003
  0.165925692138301E+002  0.112227643991644E+001  0.393122371684048E+002  0.522776777300416E+001 -0.211319698006457E+001  0.101075366139412E+000  0.509127140045166E+000  0.790931999683380E+000  0.985531504129676E+003  0.983796037345347E+003
  0.157156476614181E+002  0.114440594581493E+001  0.401151663510066E+002  0.472078749276701E+001 -0.212144292213572E+001  0.111341550946236E+000  0.525044739246368E+000  0.799060523509979E+000  0.984615015303483E+003  0.983523201090015E+003
  0.164443539839211E+002  0.108913180622309E+001  0.405704975234216E+002  0.432360887026587E+001 -0.210536401715780E+001  0.119557499885559E+000  0.536077141761780E+000  0.797224938869476E+000  0.984060908623917E+003  0.983676009709980E+003
  0.173605187217373E+002  0.107865612191581E+001  0.395341958944653E+002  0.454806331296516E+001 -0.208735907555474E+001  0.101368740200996E+000  0.509733617305756E+000  0.785934984683990E+000  0.985384642305127E+003  0.983928837745644E+003
  0.186363367943458E+002  0.105873212015687E+001  0.375257908853170E+002  0.547352764374459E+001 -0.212447613998313E+001  0.888559222221375E-001  0.479093790054321E+000  0.769817471504211E+000  0.984898752328322E+003  0.968197496305174E+003
  0.193030026154972E+002  0.107538418584548E+001  0.322131562138783E+002  0.780500464141572E+001 -0.212401223936646E+001  0.102577209472656E+000  0.465553700923920E+000  0.760781466960907E+000  0.984346805859238E+003  0.983547118815736E+003
  0.177941575406126E+002  0.108656779955127E+001  0.363142218281166E+002  0.999391152891903E+001 -0.212338815047060E+001  0.104054838418961E+000  0.498608529567719E+000  0.780753374099731E+000  0.984017353383233E+003  0.979398695951865E+003
  0.160510465447124E+002  0.114950177347261E+001  0.381874005829628E+002  0.638602928308771E+001 -0.211500541847749E+001  0.109053060412407E+000  0.513701915740967E+000  0.794636785984039E+000  0.984077122859116E+003  0.978844981256399E+003
  0.164148949798719E+002  0.111539303647335E+001  0.392302013827943E+002  0.626839719194345E+001 -0.209625549813083E+001  0.112512037158012E+000  0.521426618099213E+000  0.795024812221527E+000  0.985003708010382E+003  0.981747651060146E+003
  0.181048841278343E+002  0.106973549543756E+001  0.370854565062833E+002  0.653137809124737E+001 -0.213255031672744E+001  0.990705862641335E-001  0.493911713361740E+000  0.776749849319458E+000  0.984739011274467E+003  0.983004234171967E+003
  0.171088953979658E+002  0.110929183946641E+001  0.394950594650933E+002  0.454926104342989E+001 -0.208893368395270E+001  0.919772982597351E-001  0.497835457324982E+000  0.784931182861328E+000  0.985039219510586E+003  0.981734376034451E+003
  0.174014159846670E+002  0.109472953881076E+001  0.368313601426836E+002  0.700842722515592E+001 -0.208675959667493E+001  0.107442691922188E+000  0.504799902439117E+000  0.783893465995789E+000  0.984707929366004E+003  0.983630922068688E+003
  0.160222978844844E+002  0.114496314780749E+001  0.398576171738059E+002  0.597930957815605E+001 -0.211933626352203E+001  0.102752417325974E+000  0.514047443866730E+000  0.795640885829926E+000  0.984034823613480E+003  0.983891423187852E+003
  0.182997743709067E+002  0.107881941449823E+001  0.359281550041291E+002  0.918719799878079E+001 -0.213018887016342E+001  0.981979072093964E-001  0.485547453165054E+000  0.773722827434540E+000  0.984486977833865E+003  0.983762500822905E+003
  0.177382477425026E+002  0.109673171280195E+001  0.358046284192441E+002  0.103163811026522E+002 -0.209677160073293E+001  0.103969044983387E+000  0.495681226253510E+000  0.780184566974640E+000  0.984143576985187E+003  0.983727809433737E+003
  0.170705989091872E+002  0.110694529694507E+001  0.393273695664912E+002  0.442033774446986E+001 -0.212125170998835E+001  0.950726717710495E-001  0.501273393630981E+000  0.785759091377258E+000  0.985573793664503E+003  0.983110048528220E+003
  0.183542900868035E+002  0.108620905071146E+001  0.365867107692817E+002  0.113285224076591E+002 -0.210561515130599E+001  0.898459553718567E-001  0.477742701768875E+000  0.773094952106476E+000  0.984340949116089E+003  0.981568336455800E+003
  0.179976138971215E+002  0.107290674935678E+001  0.395226833758697E+002  0.647321036945339E+001 -0.208002723965600E+001  0.874046757817268E-001  0.490512013435364E+000  0.778353750705719E+000  0.984052850854627E+003  0.983981439616294E+003
  0.193473560668378E+002  0.106425189744566E+001  0.332402322644319E+002  0.483359976364580E+001 -0.210546061171646E+001  0.974399596452713E-001  0.463405698537827E+000  0.759206593036652E+000  0.985160849303378E+003  0.980455177916256E+003
  0.167948804593091E+002  0.111688396603617E+001  0.398566822194199E+002  0.645143616232758E+001 -0.212334288707400E+001  0.960352718830109E-001  0.504509150981903E+000  0.789635956287384E+000  0.984461448107592E+003  0.983019299121626E+003
  0.173205114694390E+002  0.110943469134327E+001  0.366406310849450E+002  0.611005230277059E+001 -0.209882313208615E+001  0.101794928312302E+000  0.497696399688721E+000  0.782205641269684E+000  0.985696573414417E+003  0.982401297303324E+003
  0.171147960610205E+002  0.110095962347483E+001  0.410739072666206E+002  0.561829511616287E+001 -0.210590912552288E+001  0.887957513332367E-001  0.501816570758820E+000  0.787123560905457E+000  0.984093855470971E+003  0.983257756687214E+003
  0.178502787515158E+002  0.107171371033713E+001  0.383172521126054E+002  0.468782499715269E+001 -0.211086433489220E+001  0.970668345689774E-001  0.498291254043579E+000  0.779426515102386E+000  0.986015576651526E+003  0.978212242479187E+003
  0.185355324256759E+002  0.109708159611163E+001  0.349685505254882E+002  0.631045498184587E+001 -0.210998184643892E+001  0.904496684670448E-001  0.464399814605713E+000  0.765501677989960E+000  0.984892555442569E+003  0.981991591027896E+003
  0.184600904810440E+002  0.107292847321004E+001  0.354237425732523E+002  0.506224580019839E+001 -0.210509293183288E+001  0.994582176208496E-001  0.482059031724930E+000  0.769505083560944E+000  0.986207845207710E+003  0.982536621707605E+003
  0.187843386035448E+002  0.109730389006227E+001  0.320370633146802E+002  0.814722990606520E+001 -0.210770388655049E+001  0.103801146149635E+000  0.467178732156754E+000  0.763763070106506E+000  0.984336394087661E+003  0.982105221462272E+003
  0.179987193768090E+002  0.106488492754462E+001  0.376336485600173E+002  0.771625868893211E+001 -0.212392585479889E+001  0.101700112223625E+000  0.500150978565216E+000  0.779821991920471E+000  0.984307852056935E+003  0.981421171322112E+003
  0.176903766448201E+002  0.109174224858286E+001  0.380689389672745E+002  0.111328957484331E+002 -0.211960353357679E+001  0.947692170739174E-001  0.494390189647675E+000  0.782424926757812E+000  0.984011366853301E+003  0.983068514478065E+003
  0.172509942184941E+002  0.112536221463171E+001  0.357906572748287E+002  0.528374506120308E+001 -0.211527744225420E+001  0.100742474198341E+000  0.491303294897079E+000  0.780077278614044E+000  0.985228121387102E+003  0.972308874849739E+003
  0.184050728592280E+002  0.108602961188744E+001  0.352934626171463E+002  0.520724323957547E+001 -0.214360757797366E+001  0.956828519701958E-001  0.475907951593399E+000  0.768448114395142E+000  0.984353368747662E+003  0.983551537989760E+003
  0.172861935782321E+002  0.112104199815036E+001  0.368468726350285E+002  0.923422454833867E+001 -0.211297283327539E+001  0.968096181750298E-001  0.492683589458466E+000  0.782852709293365E+000  0.984320187676506E+003  0.983785311699821E+003
  0.176855257030599E+002  0.112131825566264E+001  0.353725401219889E+002  0.485001250122526E+001 -0.212367595361831E+001  0.953427776694298E-001  0.478010058403015E+000  0.773759663105011E+000  0.984772968512212E+003  0.983076628330279E+003
  0.159957770244824E+002  0.112132730101743E+001  0.400807837337427E+002  0.484099730173068E+001 -0.209927878926630E+001  0.117241293191910E+000  0.530720889568329E+000  0.799259603023529E+000  0.985061111016545E+003  0.979631726249460E+003
  0.192028940682355E+002  0.104438254208247E+001  0.357000107044962E+002  0.799472949840957E+001 -0.209420363233227E+001  0.945546478033066E-001  0.474567115306854E+000  0.765209019184113E+000  0.984449100660581E+003  0.983298098228426E+003
  0.180430937318373E+002  0.110846279671175E+001  0.355641148876115E+002  0.807365229794647E+001 -0.210945540557162E+001  0.931676328182220E-001  0.475645720958710E+000  0.772518992424011E+000  0.984729227832391E+003  0.982799543724548E+003
  0.180577260973375E+002  0.109487865585545E+001  0.342702352275956E+002  0.935240439281943E+001 -0.210509887393652E+001  0.107638880610466E+000  0.489059507846832E+000  0.774803817272186E+000  0.984133588167083E+003  0.982511608121938E+003
  0.179567552071376E+002  0.108332202247084E+001  0.369946746401587E+002  0.735884980131561E+001 -0.211841158852174E+001  0.970777273178101E-001  0.491276919841766E+000  0.777403891086578E+000  0.985647591835447E+003  0.983680174872165E+003
  0.184350885031476E+002  0.106937464056516E+001  0.380968592229560E+002  0.750474465347874E+001 -0.209048564931161E+001  0.859886631369591E-001  0.479352056980133E+000  0.772478461265564E+000  0.984631037114074E+003  0.982323818389704E+003
  0.180259983879227E+002  0.111487265984030E+001  0.333009162426682E+002  0.578051359896714E+001 -0.209518169299615E+001  0.104214906692505E+000  0.476961046457291E+000  0.769702911376953E+000  0.984522670567226E+003  0.983773652909324E+003
  0.184223839939252E+002  0.108109072694062E+001  0.378828054174558E+002  0.477547102414350E+001 -0.209952445341994E+001  0.819123238325119E-001  0.470247387886047E+000  0.769341409206390E+000  0.984486698608947E+003  0.983537988351061E+003
  0.175482537245889E+002  0.108791803600078E+001  0.386983519071513E+002  0.463064356357529E+001 -0.213789858341178E+001  0.951468050479889E-001  0.497927337884903E+000  0.781543195247650E+000  0.984715221164375E+003  0.983776779242473E+003
  0.178003705399141E+002  0.109032662474610E+001  0.382153993637842E+002  0.871410409276429E+001 -0.212461903940923E+001  0.911240279674530E-001  0.489531874656677E+000  0.779644906520844E+000  0.984439765335990E+003  0.983883189532326E+003
  0.174628644741705E+002  0.110080798563002E+001  0.366475898606105E+002  0.597927186042549E+001 -0.211468003073586E+001  0.102306008338928E+000  0.498081386089325E+000  0.781309008598328E+000  0.985995271974582E+003  0.975585751261016E+003
  0.185594849605911E+002  0.108489342229444E+001  0.348871648686473E+002  0.106785318261331E+002 -0.208784048797572E+001  0.963580906391144E-001  0.475700169801712E+000  0.769520223140717E+000  0.984083738699527E+003  0.982682828165542E+003
  0.176570842435854E+002  0.113184009451603E+001  0.348602226979979E+002  0.467831326421387E+001 -0.211618595438899E+001  0.943532586097717E-001  0.472644954919815E+000  0.772211909294128E+000  0.984052843815736E+003  0.982068200775310E+003
  0.179867761550809E+002  0.109698876465326E+001  0.367843671235417E+002  0.422162650189606E+001 -0.214015579406076E+001  0.904975682497025E-001  0.478866428136826E+000  0.772882223129272E+000  0.984482124662842E+003  0.981284855748729E+003
  0.181834492319923E+002  0.108293544498803E+001  0.357261864301068E+002  0.501878718215420E+001 -0.212970309753500E+001  0.992620885372162E-001  0.484836339950562E+000  0.772243320941925E+000  0.985774592460785E+003  0.982718851194611E+003
  0.171617937989919E+002  0.113263037977905E+001  0.354114592143770E+002  0.592181942944064E+001 -0.209114809227110E+001  0.102139517664909E+000  0.491442620754242E+000  0.780670762062073E+000  0.984073935559515E+003  0.983634692075026E+003
  0.190309891989322E+002  0.104158130568074E+001  0.379964407756489E+002  0.445519270004437E+001 -0.209666026066554E+001  0.846633240580559E-001  0.474408388137817E+000  0.765941560268402E+000  0.984310110594820E+003  0.980002837804700E+003
  0.191503478085574E+002  0.105537668399096E+001  0.356577224944661E+002  0.864292281335803E+001 -0.211395551006624E+001  0.911969840526581E-001  0.469729095697403E+000  0.764791965484619E+000  0.984870347206496E+003  0.983453850074255E+003
  0.176142106004780E+002  0.109874069280155E+001  0.375043389635427E+002  0.662053157955844E+001 -0.207576979208527E+001  0.949249789118767E-001  0.491812825202942E+000  0.779895544052124E+000  0.984492637806868E+003  0.982270876597751E+003
  0.189310187088560E+002  0.109053805753135E+001  0.335013383645355E+002  0.633153724900699E+001 -0.212477568301416E+001  0.935505181550980E-001  0.458189994096756E+000  0.761382460594177E+000  0.984453850281695E+003  0.983763885568041E+003
  0.198386525491816E+002  0.104454992163500E+001  0.346533417422969E+002  0.451667548571104E+001 -0.209190549614570E+001  0.881407409906387E-001  0.455572426319122E+000  0.755738675594330E+000  0.984080319549290E+003  0.983378358665794E+003
  0.184960966415890E+002  0.105684202836497E+001  0.381572427653626E+002  0.812230035566536E+001 -0.208588059295809E+001  0.894767194986343E-001  0.485482394695282E+000  0.773786485195160E+000  0.984313902977924E+003  0.983739135406692E+003
  0.182222529341994E+002  0.108971259252621E+001  0.340749907717454E+002  0.533674870318622E+001 -0.207859753136025E+001  0.106401853263378E+000  0.484001338481903E+000  0.770511746406555E+000  0.984139187051552E+003  0.983146783334838E+003
  0.173430784458376E+002  0.109676519456683E+001  0.354458666800730E+002  0.468584719371119E+001 -0.210497756199315E+001  0.115495949983597E+000  0.507651090621948E+000  0.782660365104675E+000  0.984804765304835E+003  0.983854535280673E+003
  0.165345780217841E+002  0.112035406966047E+001  0.391193668478306E+002  0.488974781566802E+001 -0.209375957389499E+001  0.104923933744431E+000  0.512985050678253E+000  0.791829407215118E+000  0.985539203974437E+003  0.978583490581256E+003
  0.191050858884612E+002  0.106604779536132E+001  0.326855611654882E+002  0.634600627015388E+001 -0.209718807909765E+001  0.106224611401558E+000  0.473475813865662E+000  0.763061285018921E+000  0.984187484068182E+003  0.981929989942235E+003
  0.171123791123338E+002  0.110219526067076E+001  0.393309710796388E+002  0.465004734844724E+001 -0.210509946461027E+001  0.965375527739525E-001  0.503117501735687E+000  0.786014139652252E+000  0.986017971646566E+003  0.983025960813880E+003
  0.173325974051144E+002  0.112140807464196E+001  0.347881973121641E+002  0.431324713400735E+001 -0.212777207537640E+001  0.107274666428566E+000  0.493084698915482E+000  0.778653681278229E+000  0.984894941704589E+003  0.982111949146034E+003
  0.193678279679609E+002  0.105703936883801E+001  0.357573106454681E+002  0.547829544299549E+001 -0.208649124347811E+001  0.847304537892342E-001  0.457393825054169E+000  0.759886801242828E+000  0.984369369393130E+003  0.980512045669824E+003
  0.190646868308673E+002  0.106847594307021E+001  0.355324736663186E+002  0.712253496154108E+001 -0.210427317710687E+001  0.882195383310318E-001  0.463215023279190E+000  0.763019979000092E+000  0.985233102303171E+003  0.983470809436958E+003
  0.165622339148990E+002  0.112411131277308E+001  0.377413110087164E+002  0.526496049750159E+001 -0.209178938185331E+001  0.110055342316628E+000  0.512318551540375E+000  0.790831148624420E+000  0.984976823440756E+003  0.983792854072976E+003
  0.161502996821065E+002  0.112461122065313E+001  0.416676129818269E+002  0.448036240217646E+001 -0.212066305942159E+001  0.998307019472122E-001  0.520327866077423E+000  0.796776473522186E+000  0.984301151806536E+003  0.983813104229468E+003
  0.172689753509930E+002  0.108729302694690E+001  0.370772375940576E+002  0.633232420196575E+001 -0.209728736729964E+001  0.114477038383484E+000  0.513395249843597E+000  0.786629498004913E+000  0.984429200554415E+003  0.982744685836978E+003
  0.198074180820282E+002  0.106550990208263E+001  0.320162249399673E+002  0.923386142592044E+001 -0.211449748965447E+001  0.100686825811863E+000  0.459344983100891E+000  0.757102489471436E+000  0.984049465958431E+003  0.983244675657031E+003
  0.187479629098911E+002  0.108547838362793E+001  0.333547168814565E+002  0.423908062977497E+001 -0.210855488848703E+001  0.999885797500610E-001  0.467753916978836E+000  0.762520611286163E+000  0.985680973153405E+003  0.983847289792669E+003
  0.167914073912733E+002  0.111170349616008E+001  0.381304464310222E+002  0.430346264298466E+001 -0.210336531443772E+001  0.107369661331177E+000  0.511054098606110E+000  0.788838565349579E+000  0.986047271070162E+003  0.983669231490018E+003
  0.173263631178731E+002  0.111535430202278E+001  0.357797445426367E+002  0.474211108992524E+001 -0.212745833374376E+001  0.103761345148087E+000  0.494814276695251E+000  0.780122399330139E+000  0.985362421428285E+003  0.983808955143302E+003
  0.154845889929599E+002  0.113402181396925E+001  0.412949081670356E+002  0.454683438791823E+001 -0.211995884920442E+001  0.119236022233963E+000  0.539170622825623E+000  0.804006814956665E+000  0.984203032587968E+003  0.982506441040109E+003
  0.164160161515221E+002  0.111687856113913E+001  0.381202441884793E+002  0.490333002614960E+001 -0.212033486521573E+001  0.117461204528809E+000  0.522034585475922E+000  0.793793976306915E+000  0.985000582234689E+003  0.983790464241298E+003
  0.188216732061500E+002  0.104748269985788E+001  0.364939308730664E+002  0.620540539741786E+001 -0.209942649349009E+001  0.963785797357559E-001  0.483316451311111E+000  0.768847942352295E+000  0.985061386563064E+003  0.983841293813119E+003
  0.184376736344385E+002  0.109815298706788E+001  0.340749297102253E+002  0.884437676176465E+001 -0.212716949822923E+001  0.982989817857742E-001  0.472725242376328E+000  0.768133044242859E+000  0.984234730680226E+003  0.983626469538904E+003
  0.173102242643789E+002  0.107021701911101E+001  0.393812822600075E+002  0.445849902136357E+001 -0.210418715239355E+001  0.108935229480267E+000  0.517826676368713E+000  0.787868022918701E+000  0.984940643460791E+003  0.983338782553176E+003
  0.180104025915676E+002  0.107080548384661E+001  0.354227805250452E+002  0.574789960609291E+001 -0.212171099075280E+001  0.112319402396679E+000  0.500933408737183E+000  0.777140200138092E+000  0.984226195375790E+003  0.974029253543277E+003
  0.186544295717914E+002  0.107821935874622E+001  0.362175554300371E+002  0.837532296863196E+001 -0.207723425643187E+001  0.888876393437386E-001  0.471185654401779E+000  0.768019974231720E+000  0.984023611475584E+003  0.983401946329713E+003
  0.158575942394504E+002  0.112684750832908E+001  0.410590016751266E+002  0.531098575915975E+001 -0.211274551365279E+001  0.112665534019470E+000  0.530965805053711E+000  0.800781846046448E+000  0.984606614368145E+003  0.983462383297410E+003
  0.185927063397282E+002  0.107980496443319E+001  0.359932491953723E+002  0.510718072616544E+001 -0.212898756449935E+001  0.898982957005501E-001  0.470482736825943E+000  0.766656935214996E+000  0.985215827224192E+003  0.982453172668256E+003
  0.167263746766514E+002  0.113203408469492E+001  0.356743014863381E+002  0.562627667751611E+001 -0.212399040057863E+001  0.112317115068436E+000  0.507076621055603E+000  0.787202179431915E+000  0.984096327815819E+003  0.982638615117879E+003
  0.161232316402141E+002  0.114152413505834E+001  0.396469373920933E+002  0.526752907465916E+001 -0.208529543500069E+001  0.102382689714432E+000  0.512773752212524E+000  0.794378221035004E+000  0.984017662487848E+003  0.980356537823123E+003
  0.170770077097687E+002  0.109773717410540E+001  0.407074127524883E+002  0.690439420820869E+001 -0.211371550742409E+001  0.940949246287346E-001  0.506576478481293E+000  0.788766801357269E+000  0.984338902834843E+003  0.983892263647985E+003
  0.192988019604478E+002  0.102896457692141E+001  0.362318906577831E+002  0.440834843559286E+001 -0.210151449291217E+001  0.948681831359863E-001  0.476949453353882E+000  0.763539731502533E+000  0.984173224354651E+003  0.983490576468086E+003
  0.176577506123870E+002  0.111075114476468E+001  0.334343583686678E+002  0.426920971317332E+001 -0.212302202252060E+001  0.114218950271606E+000  0.492088198661804E+000  0.775064885616302E+000  0.984453791086138E+003  0.982381868744063E+003
  0.198641321850496E+002  0.106117587823932E+001  0.327906210813262E+002  0.555831998413538E+001 -0.209993767318645E+001  0.944353267550468E-001  0.452708572149277E+000  0.754073083400726E+000  0.984247424011883E+003  0.982077635242566E+003
  0.175732952642847E+002  0.110131340585166E+001  0.382664956113793E+002  0.985508265900067E+001 -0.209787377744634E+001  0.918417945504189E-001  0.491185367107391E+000  0.782059609889984E+000  0.984352355705188E+003  0.980815257463958E+003
  0.166117654061363E+002  0.110698529920843E+001  0.382682761209644E+002  0.428915322706670E+001 -0.210366693248212E+001  0.115789808332920E+000  0.520935118198395E+000  0.792186439037323E+000  0.985535584758302E+003  0.983987468350900E+003
  0.195903448912910E+002  0.104578161561585E+001  0.339763925976035E+002  0.459595956271852E+001 -0.210716091653281E+001  0.960826724767685E-001  0.465434521436691E+000  0.758609056472778E+000  0.984762839061158E+003  0.983676514188379E+003
  0.168754089745636E+002  0.109328747307061E+001  0.408625361729274E+002  0.504358905943303E+001 -0.212665245170916E+001  0.100581198930740E+000  0.516617238521576E+000  0.791396915912628E+000  0.984362144883415E+003  0.983072183849018E+003
  0.190674701538303E+002  0.105646542695466E+001  0.354282053278426E+002  0.610266607727651E+001 -0.208600400365909E+001  0.935086607933044E-001  0.471163779497147E+000  0.763823926448822E+000  0.985106217713833E+003  0.983814265072552E+003
  0.176708848428797E+002  0.108277926909171E+001  0.374830815998888E+002  0.666418512878756E+001 -0.210887259898933E+001  0.102046430110931E+000  0.500439941883087E+000  0.781500279903412E+000  0.985739992951744E+003  0.983947571138260E+003
  0.189838150116669E+002  0.107666130718627E+001  0.349890620828656E+002  0.791795564781856E+001 -0.213321489824830E+001  0.898901075124741E-001  0.462740719318390E+000  0.763528227806091E+000  0.984071019983598E+003  0.977460447613859E+003
  0.169428896773031E+002  0.110601215076697E+001  0.385675138201483E+002  0.105107093672511E+002 -0.210570212053021E+001  0.106230050325394E+000  0.511013090610504E+000  0.791157543659210E+000  0.984009850816502E+003  0.982163277920327E+003
  0.163948498361704E+002  0.114177200482544E+001  0.359516460866053E+002  0.473870683845920E+001 -0.211376292326201E+001  0.114900305867195E+000  0.511217355728149E+000  0.789883792400360E+000  0.984088722917940E+003  0.982633207841636E+003
  0.182537448722545E+002  0.107969693857963E+001  0.342853668202248E+002  0.721620212477356E+001 -0.208861360767935E+001  0.110078528523445E+000  0.490531265735626E+000  0.772879064083099E+000  0.984060467841799E+003  0.983155565780892E+003
  0.186217661206556E+002  0.108530964396697E+001  0.325712715330964E+002  0.512803922393739E+001 -0.209227159861804E+001  0.108993001282215E+000  0.476244390010834E+000  0.764859855175018E+000  0.984367410173478E+003  0.983602983813761E+003
  0.185038601456346E+002  0.110166200159090E+001  0.333560849991903E+002  0.423916459331950E+001 -0.207881614799352E+001  0.982517451047897E-001  0.465540677309036E+000  0.763400077819824E+000  0.984065432376739E+003  0.980026333140700E+003
  0.190384009088349E+002  0.107081094147679E+001  0.333666214787994E+002  0.463241833578509E+001 -0.210591408421999E+001  0.100128546357155E+000  0.467399895191193E+000  0.761593461036682E+000  0.985425107515514E+003  0.981971349258440E+003
  0.195614077931817E+002  0.106749887516399E+001  0.316781128044394E+002  0.610091292015862E+001 -0.211791559582805E+001  0.104967385530472E+000  0.463472425937653E+000  0.757511317729950E+000  0.984260715580467E+003  0.982054002761944E+003
  0.175116264113125E+002  0.111703056065109E+001  0.358920073051470E+002  0.794922368268575E+001 -0.212515255604202E+001  0.991533398628235E-001  0.489214241504669E+000  0.779230892658234E+000  0.984544093461453E+003  0.982362973715475E+003
  0.169246851531485E+002  0.110013637114665E+001  0.385851398286164E+002  0.501542532911192E+001 -0.211692209776650E+001  0.108031779527664E+000  0.513545036315918E+000  0.789162456989288E+000  0.985838916987366E+003  0.980360238794959E+003
  0.182989042278383E+002  0.108857681656778E+001  0.360055385929500E+002  0.559461282765733E+001 -0.208666730904564E+001  0.926305949687958E-001  0.476385891437531E+000  0.770097792148590E+000  0.985416381337428E+003  0.983434670897432E+003
  0.191008388400761E+002  0.108544436020016E+001  0.332028565279004E+002  0.871077762149256E+001 -0.209799474395430E+001  0.946827977895737E-001  0.460770100355148E+000  0.762006938457489E+000  0.984352186729922E+003  0.981739012173018E+003
  0.188477904926832E+002  0.107179488707397E+001  0.361115165906303E+002  0.669125634317835E+001 -0.208137117960643E+001  0.878273695707321E-001  0.467254519462585E+000  0.765051841735840E+000  0.984590928991380E+003  0.982689999720171E+003
  0.168699027505377E+002  0.111893905874250E+001  0.390155936428104E+002  0.884869938086216E+001 -0.210605976061693E+001  0.980797410011292E-001  0.502900123596191E+000  0.789413273334503E+000  0.984301473062379E+003  0.983955771030151E+003
  0.179685889044091E+002  0.108256916969523E+001  0.346820524106426E+002  0.725662691273796E+001 -0.211193928855576E+001  0.113185212016106E+000  0.498175531625748E+000  0.776882708072662E+000  0.984198835854174E+003  0.983139027492306E+003
  0.189098032286146E+002  0.107222364843742E+001  0.336370746952134E+002  0.935657930557536E+001 -0.211945385549770E+001  0.102043524384499E+000  0.474063098430634E+000  0.766289293766022E+000  0.984276578403635E+003  0.983930397777951E+003
  0.167161544425497E+002  0.111424017234716E+001  0.388720730289701E+002  0.761898944712693E+001 -0.210115163087073E+001  0.105926029384136E+000  0.512150824069977E+000  0.791687905788422E+000  0.984956736920959E+003  0.983990141770728E+003
  0.166832863540572E+002  0.110844623804157E+001  0.387644541364918E+002  0.741380007994285E+001 -0.213156751451447E+001  0.111237272620201E+000  0.517698466777802E+000  0.792868018150330E+000  0.984045327963661E+003  0.976730392230747E+003
  0.196487334412184E+002  0.105474739080019E+001  0.329424619266474E+002  0.695737710125743E+001 -0.210603695747204E+001  0.100172147154808E+000  0.465030103921890E+000  0.758945941925049E+000  0.984452213981939E+003  0.980630271080357E+003
  0.164664909905403E+002  0.113167591386093E+001  0.375964197948836E+002  0.544303588933591E+001 -0.213511365557021E+001  0.109430059790611E+000  0.511054337024689E+000  0.791192710399628E+000  0.984134954752535E+003  0.983959299087054E+003
  0.174137906690988E+002  0.110254454769401E+001  0.369622913699654E+002  0.518590881505359E+001 -0.211759838256129E+001  0.100545451045036E+000  0.497059881687164E+000  0.781264245510101E+000  0.986147758253687E+003  0.983093640452781E+003
  0.195173973270716E+002  0.107941939122877E+001  0.322496023078398E+002  0.799068029258309E+001 -0.211258825009563E+001  0.973732247948647E-001  0.456154584884644E+000  0.757514834403992E+000  0.984404024250315E+003  0.981727166578878E+003
  0.178676703296722E+002  0.112716831729862E+001  0.328044600577204E+002  0.549385462686686E+001 -0.210913486339678E+001  0.105319723486900E+000  0.475633978843689E+000  0.769829332828522E+000  0.984347030631526E+003  0.981560403625432E+003
  0.178056184020994E+002  0.107251636733473E+001  0.376867540736799E+002  0.846326207122989E+001 -0.210634741719085E+001  0.103203885257244E+000  0.502560079097748E+000  0.782026588916779E+000  0.984719269727209E+003  0.980634223341184E+003
  0.181161809818164E+002  0.110829043247944E+001  0.333080502163581E+002  0.546733607209720E+001 -0.208791692468606E+001  0.105078399181366E+000  0.477883636951447E+000  0.769164502620697E+000  0.984382144837099E+003  0.983753807737518E+003
  0.182076533733076E+002  0.110232194506601E+001  0.359231293091136E+002  0.466111035012032E+001 -0.208834780458504E+001  0.889402478933334E-001  0.469062924385071E+000  0.768809974193573E+000  0.984692172323727E+003  0.983691084766436E+003
  0.170777537264786E+002  0.112778131858815E+001  0.379693473830374E+002  0.707237203289807E+001 -0.209862367500860E+001  0.924654155969620E-001  0.491176486015320E+000  0.783851325511932E+000  0.984147287575531E+003  0.983846880814476E+003
  0.173298299119673E+002  0.109245360687421E+001  0.368553824764356E+002  0.538118590904598E+001 -0.210779138508683E+001  0.109999395906925E+000  0.507491230964661E+000  0.784231662750244E+000  0.985569318459843E+003  0.979586396973734E+003
  0.185118490510060E+002  0.106033233817527E+001  0.355442047975953E+002  0.485635532857290E+001 -0.207368651029016E+001  0.103528425097466E+000  0.487971067428589E+000  0.770504951477051E+000  0.984020302646529E+003  0.983427241014074E+003
  0.190117255337427E+002  0.105135685133826E+001  0.344052464598703E+002  0.548620129913416E+001 -0.209170683850702E+001  0.103670224547386E+000  0.479116022586823E+000  0.764893174171448E+000  0.984380655786821E+003  0.982002517443508E+003
  0.198476867190008E+002  0.104676235156349E+001  0.340333191357412E+002  0.751138326878192E+001 -0.210364056186766E+001  0.930287539958954E-001  0.460259675979614E+000  0.757846772670746E+000  0.984343941897032E+003  0.982736181040644E+003
  0.164229170927823E+002  0.113124876423891E+001  0.391899179721658E+002  0.523676734032257E+001 -0.212022397803942E+001  0.101729102432728E+000  0.509564042091370E+000  0.792023479938507E+000  0.985028734490493E+003  0.983579056182531E+003
  0.187039022482517E+002  0.109438525387617E+001  0.341406229396858E+002  0.447233953882950E+001 -0.208003480072403E+001  0.922168642282486E-001  0.460424602031708E+000  0.761833012104034E+000  0.984066167454777E+003  0.983954134902077E+003
  0.178795582380203E+002  0.109801175859779E+001  0.339661373460590E+002  0.423157268861521E+001 -0.208150423429735E+001  0.111275091767311E+000  0.490662753582001E+000  0.773688614368439E+000  0.984085674924445E+003  0.971300610624333E+003
  0.182049221161199E+002  0.107633093152529E+001  0.375257706413445E+002  0.948388194929184E+001 -0.210666916837380E+001  0.913643687963486E-001  0.486098170280457E+000  0.775945842266083E+000  0.984955990856910E+003  0.983615091923953E+003
  0.187992800536932E+002  0.107527905862369E+001  0.344926787086868E+002  0.103655000141811E+002 -0.209319083007816E+001  0.977024734020233E-001  0.474099814891815E+000  0.767537057399750E+000  0.984344261326364E+003  0.983024047667916E+003
  0.194603639443382E+002  0.107087303921938E+001  0.327661716763106E+002  0.881379143704075E+001 -0.210301340603872E+001  0.983296334743500E-001  0.462215423583984E+000  0.760182201862335E+000  0.984481991365025E+003  0.983863952172277E+003
  0.191368976441069E+002  0.107928735666445E+001  0.321525395753822E+002  0.490658695685260E+001 -0.211696460933817E+001  0.102231346070766E+000  0.464282691478729E+000  0.759794056415558E+000  0.985072066008664E+003  0.983418709753422E+003
  0.176732019595743E+002  0.110006792908005E+001  0.375679125551489E+002  0.556911389275527E+001 -0.208508362151384E+001  0.917381495237350E-001  0.487545758485794E+000  0.778110802173615E+000  0.985171252123554E+003  0.983733684683058E+003
  0.163400145395543E+002  0.111160081894986E+001  0.417047861801950E+002  0.630942662934232E+001 -0.210339689565537E+001  0.102514646947384E+000  0.523704826831818E+000  0.797065615653992E+000  0.984027309616326E+003  0.983650658776591E+003
  0.188034130565088E+002  0.106660967020669E+001  0.358451849143443E+002  0.121924246851771E+002 -0.211173936006679E+001  0.929661691188812E-001  0.476546525955200E+000  0.769554197788239E+000  0.984150086188828E+003  0.983819112560241E+003
  0.185924669803130E+002  0.105434295409893E+001  0.357322042426617E+002  0.503217551928761E+001 -0.209038009052691E+001  0.103288665413857E+000  0.488540768623352E+000  0.770345449447632E+000  0.984880010884622E+003  0.983325169257718E+003
  0.189437531537553E+002  0.105988865778053E+001  0.346529255599638E+002  0.555092532451367E+001 -0.212398314446873E+001  0.994394868612289E-001  0.475311785936356E+000  0.764490425586700E+000  0.985225202594990E+003  0.982563337170578E+003
  0.172769368032363E+002  0.110868696776357E+001  0.383444713962245E+002  0.725569958559998E+001 -0.213451505806743E+001  0.951648503541946E-001  0.495838731527328E+000  0.783935427665710E+000  0.984107920821494E+003  0.983243058538945E+003
  0.182201006351201E+002  0.110113478657265E+001  0.355439551459419E+002  0.523410231078808E+001 -0.208110860345260E+001  0.915792658925056E-001  0.471299588680267E+000  0.769064068794250E+000  0.984434661140704E+003  0.983723714439987E+003
  0.191060916881804E+002  0.106712391934229E+001  0.365377984343499E+002  0.506480229270365E+001 -0.210271274179749E+001  0.814041569828987E-001  0.457085192203522E+000  0.760982513427734E+000  0.984292655393648E+003  0.983656459001686E+003
  0.185506355415686E+002  0.108386174562644E+001  0.350838303224146E+002  0.556802606246380E+001 -0.208841855958831E+001  0.948406159877777E-001  0.472654402256012E+000  0.766766011714935E+000  0.985416401045176E+003  0.982135000926134E+003
  0.156230982530219E+002  0.113826502434960E+001  0.391190439062473E+002  0.492218222390565E+001 -0.210914009268998E+001  0.125212579965591E+000  0.535140693187714E+000  0.801420688629150E+000  0.984086189726342E+003  0.983698649057581E+003
  0.193061761401200E+002  0.107355464188654E+001  0.322618657641831E+002  0.701620809989561E+001 -0.209658886455317E+001  0.102500528097153E+000  0.465470373630524E+000  0.760412633419037E+000  0.984523854175163E+003  0.982135210054073E+003
  0.173989811625385E+002  0.108706230126194E+001  0.402568465894594E+002  0.512588153978244E+001 -0.208618951119504E+001  0.920542329549789E-001  0.501583397388458E+000  0.784550607204437E+000  0.984772666089739E+003  0.983845746989936E+003
  0.193709273294039E+002  0.107196988213873E+001  0.325621480109882E+002  0.917681982571705E+001 -0.210911765456341E+001  0.100773841142654E+000  0.465498745441437E+000  0.761363387107849E+000  0.984434356536796E+003  0.983838765858481E+003
  0.183834479394544E+002  0.110674388993673E+001  0.324604332366133E+002  0.493344732015012E+001 -0.212776947014711E+001  0.104815229773521E+000  0.470464825630188E+000  0.764690279960632E+000  0.984661649079667E+003  0.982734510609121E+003
  0.179581656526873E+002  0.111955097631716E+001  0.339401646912621E+002  0.440589735890322E+001 -0.213111434788037E+001  0.989272221922874E-001  0.472649365663528E+000  0.769217252731323E+000  0.984403107040853E+003  0.977199146539307E+003
  0.189172963680490E+002  0.107610226107378E+001  0.355472443454893E+002  0.996252625039492E+001 -0.208917434394332E+001  0.883452743291855E-001  0.465211033821106E+000  0.765553772449493E+000  0.984203875810305E+003  0.983184479984706E+003
  0.194665464529160E+002  0.108009583500705E+001  0.322092717478544E+002  0.646701861284573E+001 -0.209415266554928E+001  0.972620248794556E-001  0.455407559871674E+000  0.756785452365875E+000  0.984375073006423E+003  0.981983384836321E+003
  0.186200832248945E+002  0.109572560678491E+001  0.347819532004491E+002  0.621662218710105E+001 -0.211141406035170E+001  0.903053060173988E-001  0.462476253509521E+000  0.764299809932709E+000  0.984820776435030E+003  0.983849797965228E+003
  0.187495745304746E+002  0.107857939513082E+001  0.360755885312975E+002  0.586335156140811E+001 -0.213157412079275E+001  0.870016515254974E-001  0.465441942214966E+000  0.764957368373871E+000  0.984334595500315E+003  0.983183647419949E+003
  0.195448010867142E+002  0.107435860197666E+001  0.317290625087418E+002  0.871855724251321E+001 -0.210606430655766E+001  0.103082969784737E+000  0.462055176496506E+000  0.758634090423584E+000  0.984194534610566E+003  0.983975391083821E+003
  0.173707402347255E+002  0.109034424452695E+001  0.387167457601762E+002  0.548373387239262E+001 -0.212823249895037E+001  0.993627533316612E-001  0.503439128398895E+000  0.784363567829132E+000  0.985348416542992E+003  0.983183725769403E+003
  0.180127123115346E+002  0.107793867122412E+001  0.370541626378910E+002  0.693348167453092E+001 -0.212708173493943E+001  0.977416038513184E-001  0.492342829704285E+000  0.777135372161865E+000  0.985277291777806E+003  0.981515309435517E+003
  0.171255229450581E+002  0.110092311476989E+001  0.366988968305750E+002  0.657705369255750E+001 -0.210938611405672E+001  0.113182745873928E+000  0.511023283004761E+000  0.786830365657806E+000  0.984871672023642E+003  0.983839151421190E+003
  0.186669018339268E+002  0.104885051963617E+001  0.386633447651880E+002  0.508338454716283E+001 -0.209807174826368E+001  0.856421366333961E-001  0.482451856136322E+000  0.770911991596222E+000  0.984577994372248E+003  0.983347343837785E+003
  0.175304654527896E+002  0.112354608443734E+001  0.361847443934758E+002  0.593900377040856E+001 -0.211972489938818E+001  0.931148082017899E-001  0.481001734733582E+000  0.776633799076080E+000  0.984559209389713E+003  0.983283833899914E+003
  0.198730964393105E+002  0.103419220811449E+001  0.354017904927100E+002  0.561889720700391E+001 -0.209937236200728E+001  0.873164385557175E-001  0.459967702627182E+000  0.757486402988434E+000  0.983999946593518E+003  0.983765026271859E+003
  0.195165059402382E+002  0.105949606517988E+001  0.349685798895642E+002  0.646603796065768E+001 -0.211049988130600E+001  0.860346630215645E-001  0.455895274877548E+000  0.758826255798340E+000  0.984534049039269E+003  0.981563543166488E+003
  0.188979886404457E+002  0.104826595701015E+001  0.368594070677857E+002  0.773318996575581E+001 -0.208214826395001E+001  0.923345834016800E-001  0.479801177978516E+000  0.768519937992096E+000  0.984188230268532E+003  0.983462463651169E+003
  0.178284388100449E+002  0.110264784220896E+001  0.369784100253614E+002  0.111360576161708E+002 -0.210089502836334E+001  0.917433351278305E-001  0.485292404890060E+000  0.778546512126923E+000  0.984097628329994E+003  0.981615462775438E+003
  0.175043491807309E+002  0.108604607839015E+001  0.379480081344328E+002  0.731181296423431E+001 -0.213494920971987E+001  0.103051334619522E+000  0.503531873226166E+000  0.783958733081818E+000  0.984292731673963E+003  0.982341341056371E+003
  0.166826811462603E+002  0.110860460681186E+001  0.411324011371661E+002  0.537421049242255E+001 -0.209108056139247E+001  0.963521823287010E-001  0.512639522552490E+000  0.792135775089264E+000  0.984529346541569E+003  0.983970883846386E+003
  0.192698119935469E+002  0.105042429638722E+001  0.338835023972722E+002  0.624807597450989E+001 -0.208851358783026E+001  0.101597294211388E+000  0.473702222108841E+000  0.762931764125824E+000  0.984054029546103E+003  0.983213937305553E+003
  0.180960652429908E+002  0.107709087220850E+001  0.361636794296422E+002  0.104435465146158E+002 -0.211504814423275E+001  0.102281510829926E+000  0.494249939918518E+000  0.777824699878693E+000  0.984203323266280E+003  0.980961730795913E+003
  0.172352908963252E+002  0.109547320206868E+001  0.371334848207198E+002  0.625821718652615E+001 -0.211240504417427E+001  0.110182419419289E+000  0.508980393409729E+000  0.785851657390594E+000  0.985314658334163E+003  0.983581514736921E+003
  0.181037484605445E+002  0.108010495358315E+001  0.345643750264610E+002  0.721701022564607E+001 -0.211992518862995E+001  0.111778140068054E+000  0.495061814785004E+000  0.775150179862976E+000  0.984245893689394E+003  0.973912764458757E+003
  0.170334692922779E+002  0.110071817720022E+001  0.374665302515100E+002  0.692089759523811E+001 -0.208864861616976E+001  0.112032264471054E+000  0.512597441673279E+000  0.788528740406036E+000  0.984468599153106E+003  0.983870567490229E+003
  0.192237041524646E+002  0.106376366403630E+001  0.341300084864469E+002  0.114781799048257E+002 -0.211387250838241E+001  0.957738906145096E-001  0.470106959342957E+000  0.765242993831635E+000  0.984005911213483E+003  0.982844918767139E+003
  0.176326115486587E+002  0.107192482903348E+001  0.370127607959593E+002  0.498697175285738E+001 -0.209428970595795E+001  0.111491374671459E+000  0.509002983570099E+000  0.782536208629608E+000  0.984588135648949E+003  0.983624959516648E+003
  0.184879095661650E+002  0.105548648423704E+001  0.364388579960301E+002  0.536496283446794E+001 -0.210546429158826E+001  0.100560829043388E+000  0.489915192127228E+000  0.772160589694977E+000  0.985461764180830E+003  0.977830940616545E+003
  0.173615580775315E+002  0.108843282102787E+001  0.396124937657141E+002  0.477236889297826E+001 -0.212087880247714E+001  0.954757928848267E-001  0.502719759941101E+000  0.784547984600067E+000  0.985469153990256E+003  0.983793065776052E+003
  0.182746954678554E+002  0.107173952144644E+001  0.365037058401643E+002  0.103724946999044E+002 -0.209349936789820E+001  0.982868820428848E-001  0.490041881799698E+000  0.775927186012268E+000  0.984380449119959E+003  0.983079978631172E+003
  0.178103298813919E+002  0.109453291221223E+001  0.372325291933145E+002  0.822546406415551E+001 -0.211922601012228E+001  0.939586609601974E-001  0.489080607891083E+000  0.778455555438995E+000  0.985222437301466E+003  0.983803718086345E+003
  0.181571465242710E+002  0.106972205361139E+001  0.359241871028050E+002  0.587352758363461E+001 -0.211273797748716E+001  0.105499908328056E+000  0.494793295860291E+000  0.775262415409088E+000  0.985475481783998E+003  0.982920109620838E+003
  0.175656812137332E+002  0.107874586508586E+001  0.392553712166968E+002  0.573316749662269E+001 -0.209793380776404E+001  0.972593873739243E-001  0.503061473369598E+000  0.783505976200104E+000  0.985600000384371E+003  0.982910293526328E+003
  0.194921860791820E+002  0.106549262333498E+001  0.320618456138935E+002  0.429733723281599E+001 -0.213301251004915E+001  0.102955721318722E+000  0.462795168161392E+000  0.757095634937286E+000  0.984038590698066E+003  0.980962206194180E+003
  0.172948051499141E+002  0.111134310468842E+001  0.362095836397207E+002  0.545550034014104E+001 -0.207589968871880E+001  0.103917166590691E+000  0.498069822788239E+000  0.781783401966095E+000  0.984260956722906E+003  0.983088867727850E+003
  0.179278269809065E+002  0.110321374282537E+001  0.344690064255719E+002  0.708308223392053E+001 -0.210078837335873E+001  0.104964911937714E+000  0.486429274082184E+000  0.774257183074951E+000  0.984977617032913E+003  0.981314289772722E+003
  0.182209874817704E+002  0.105442861079478E+001  0.380747453065669E+002  0.570721613326269E+001 -0.211817858087994E+001  0.975032746791840E-001  0.496987253427505E+000  0.777015864849091E+000  0.984791562319171E+003  0.983771476872054E+003
  0.189415433830301E+002  0.106182568727399E+001  0.367342865165247E+002  0.678998430086611E+001 -0.210771218282140E+001  0.863857567310333E-001  0.468959808349609E+000  0.765293538570404E+000  0.985061030597224E+003  0.983966139479027E+003
  0.190915202584426E+002  0.104521000417126E+001  0.353532872533044E+002  0.443678591711579E+001 -0.212699712128229E+001  0.978157073259354E-001  0.476506799459457E+000  0.763825118541718E+000  0.984556677204418E+003  0.983566299108185E+003
  0.179759963056958E+002  0.108151839526333E+001  0.371204216584861E+002  0.777715275852308E+001 -0.211227477303271E+001  0.966705828905106E-001  0.491584777832031E+000  0.777632832527161E+000  0.985627543465529E+003  0.983701440334577E+003
  0.160547089666053E+002  0.112183047603419E+001  0.389436514178110E+002  0.447858457206994E+001 -0.210094946059522E+001  0.121644377708435E+000  0.530490159988403E+000  0.797978579998016E+000  0.984881737598799E+003  0.983376936539799E+003
  0.184227225711906E+002  0.107947211436418E+001  0.366939968600742E+002  0.452815403950093E+001 -0.213807722673820E+001  0.892632901668549E-001  0.474799782037735E+000  0.769123136997223E+000  0.984567277326601E+003  0.981752297239734E+003
  0.176452798522668E+002  0.110234898070311E+001  0.356913728708615E+002  0.102698989117401E+002 -0.211363220705281E+001  0.104292899370193E+000  0.495766401290894E+000  0.780709385871887E+000  0.984185087364093E+003  0.973454257694708E+003
  0.191627241951198E+002  0.106957200009919E+001  0.344604232342812E+002  0.752228801522410E+001 -0.211986542230216E+001  0.921605378389359E-001  0.463186621665955E+000  0.762378990650177E+000  0.985027488842865E+003  0.983952357244188E+003
  0.177085757808308E+002  0.109557721536274E+001  0.386579872960991E+002  0.837318813967276E+001 -0.210006760801992E+001  0.888071879744530E-001  0.488135993480682E+000  0.780096828937531E+000  0.984549370411220E+003  0.982420835851413E+003
  0.176489190724888E+002  0.108087148800563E+001  0.380363954259729E+002  0.439108894078370E+001 -0.211349985267864E+001  0.993502736091614E-001  0.500026404857635E+000  0.780825793743134E+000  0.986310445165557E+003  0.982509182675752E+003
  0.173537174246412E+002  0.109498665743553E+001  0.369148434313830E+002  0.524536002518549E+001 -0.213010778595309E+001  0.107233539223671E+000  0.504614830017090E+000  0.783395349979401E+000  0.985282854068320E+003  0.982239919896663E+003
  0.193633941224902E+002  0.105814441820458E+001  0.350910665550414E+002  0.977863906673839E+001 -0.211298207726050E+001  0.890301167964935E-001  0.464216947555542E+000  0.763018548488617E+000  0.984422362098841E+003  0.983576613196871E+003
  0.171791829054936E+002  0.109974813408909E+001  0.405686532562939E+002  0.761758955591424E+001 -0.210000175984620E+001  0.910979956388474E-001  0.501557171344757E+000  0.787284731864929E+000  0.984105378814982E+003  0.982918220878117E+003
  0.187700183294196E+002  0.108520818644656E+001  0.345743286150968E+002  0.629009411445569E+001 -0.210259848508601E+001  0.928009748458862E-001  0.465039908885956E+000  0.763646066188812E+000  0.985345419245731E+003  0.983125452133285E+003
  0.186965659620798E+002  0.105969624004558E+001  0.362234520208862E+002  0.834856770083572E+001 -0.212931547324547E+001  0.958444252610207E-001  0.482013016939163E+000  0.770113110542297E+000  0.984393977150833E+003  0.980497539389679E+003
  0.182063756911056E+002  0.105053941357873E+001  0.389359972519101E+002  0.610135571619908E+001 -0.210321672814380E+001  0.957362353801727E-001  0.498921304941177E+000  0.778251647949219E+000  0.984498133571187E+003  0.982891352776771E+003
  0.162506533512486E+002  0.114219019293976E+001  0.392363331734519E+002  0.581192696180196E+001 -0.209800375258566E+001  0.100741446018219E+000  0.508580744266510E+000  0.792837202548981E+000  0.984299658336584E+003  0.983992200178347E+003
  0.174928613426367E+002  0.109773533382475E+001  0.378543218299734E+002  0.755650622178512E+001 -0.211021850817583E+001  0.974936783313751E-001  0.496625036001205E+000  0.782482206821442E+000  0.985589364002543E+003  0.983891145960772E+003
  0.193719854907859E+002  0.106658267394282E+001  0.340532275941483E+002  0.566775129308651E+001 -0.208815647892379E+001  0.908751636743546E-001  0.458381474018097E+000  0.759078979492188E+000  0.984594004775220E+003  0.983524438347981E+003
  0.180768241625314E+002  0.108872962680040E+001  0.338744209265561E+002  0.700562111661431E+001 -0.211941538372568E+001  0.112826541066170E+000  0.492168486118317E+000  0.773988187313080E+000  0.984193352223042E+003  0.982901931146831E+003
  0.195524490051259E+002  0.107874620845339E+001  0.316905188429181E+002  0.526450025501738E+001 -0.211175228915053E+001  0.998056679964066E-001  0.454576700925827E+000  0.754928886890411E+000  0.984534173734480E+003  0.979956696737630E+003
  0.181359281166698E+002  0.106848919739806E+001  0.384779889612564E+002  0.485003936092949E+001 -0.208988140558588E+001  0.900193601846695E-001  0.489426702260971E+000  0.775750100612640E+000  0.985488021889240E+003  0.982983390891497E+003
  0.189721578129354E+002  0.107310606266068E+001  0.342139135511402E+002  0.690393650103176E+001 -0.213768992834393E+001  0.961452946066856E-001  0.467713057994843E+000  0.763626635074615E+000  0.984215757880852E+003  0.983904801481163E+003
  0.178134084062810E+002  0.106279305538081E+001  0.382085047495860E+002  0.737544323942501E+001 -0.210520864776099E+001  0.105434209108353E+000  0.507106542587280E+000  0.782834827899933E+000  0.984308485103259E+003  0.982974299909465E+003
  0.178928181840887E+002  0.106440526294963E+001  0.385626168590610E+002  0.610255184727172E+001 -0.211041705990744E+001  0.994256138801575E-001  0.502001404762268E+000  0.780804574489594E+000  0.985201081069571E+003  0.983911489833856E+003
  0.178871973104283E+002  0.110082512642624E+001  0.356169735706323E+002  0.446320901821031E+001 -0.210850119851607E+001  0.983813107013702E-001  0.483857154846191E+000  0.773660719394684E+000  0.986241828116166E+003  0.982703167503799E+003
  0.180232896042339E+002  0.109615760946805E+001  0.338003261280198E+002  0.615996307953310E+001 -0.209657054177278E+001  0.110490560531616E+000  0.488700002431870E+000  0.773084700107574E+000  0.984551808303509E+003  0.983793173997995E+003
  0.174803473833103E+002  0.112243712413618E+001  0.362433257282134E+002  0.855171510050378E+001 -0.210800997084779E+001  0.952123403549194E-001  0.485981285572052E+000  0.779246091842651E+000  0.984345180176627E+003  0.983801278447776E+003
  0.182810734713809E+002  0.107350350469092E+001  0.352049739339733E+002  0.809944673186596E+001 -0.209557961604244E+001  0.106119081377983E+000  0.491374135017395E+000  0.774049758911133E+000  0.984552304461636E+003  0.982153157796104E+003
  0.178821460397154E+002  0.106277475600292E+001  0.390750933658005E+002  0.621667328245325E+001 -0.212297670387967E+001  0.979373753070831E-001  0.502678155899048E+000  0.781385123729706E+000  0.984444029690230E+003  0.983853687607699E+003
  0.163603724822670E+002  0.111207917591141E+001  0.391795305368565E+002  0.668567581234942E+001 -0.209720926265208E+001  0.117330729961395E+000  0.526212334632874E+000  0.796513736248016E+000  0.984486907556511E+003  0.982759071525579E+003
  0.189025389732245E+002  0.107108235180968E+001  0.355299426769186E+002  0.119866883329160E+002 -0.211755110103524E+001  0.908499658107758E-001  0.470722138881683E+000  0.767749726772308E+000  0.984081725541722E+003  0.983095160682337E+003
  0.175621451202403E+002  0.107517131857555E+001  0.384509233883340E+002  0.686975254278453E+001 -0.212967536235189E+001  0.104606553912163E+000  0.507724583148956E+000  0.784538209438324E+000  0.984259415528437E+003  0.982350066888321E+003
  0.174808228578915E+002  0.107816605713780E+001  0.396543021169235E+002  0.691406496588457E+001 -0.210313456473699E+001  0.985957980155945E-001  0.506627500057220E+000  0.785577714443207E+000  0.985080109743473E+003  0.983797495793477E+003
  0.191772396853305E+002  0.103611824077491E+001  0.359368479537404E+002  0.453841714315537E+001 -0.209741371719494E+001  0.963027030229568E-001  0.477723509073257E+000  0.764063179492950E+000  0.984591509237070E+003  0.983195248998292E+003
  0.175777065073828E+002  0.110168090483397E+001  0.390570951641444E+002  0.440941243481454E+001 -0.210803489204384E+001  0.854832082986832E-001  0.486186444759369E+000  0.778890609741211E+000  0.984727901090394E+003  0.983200047153256E+003
  0.175755483265622E+002  0.112271990072671E+001  0.362479067701993E+002  0.669824525047062E+001 -0.211615393766824E+001  0.924203842878342E-001  0.480365365743637E+000  0.776619791984558E+000  0.984396631886854E+003  0.983815380795137E+003
  0.179924507357171E+002  0.106199860315443E+001  0.371929880214072E+002  0.719395736175169E+001 -0.210868793619978E+001  0.106014430522919E+000  0.503348171710968E+000  0.779999077320099E+000  0.984361129131247E+003  0.983042065111095E+003
  0.157955014417190E+002  0.112524419747430E+001  0.403412468649864E+002  0.509485205756913E+001 -0.211778057920407E+001  0.120329499244690E+000  0.535083889961243E+000  0.801606118679047E+000  0.984523348244533E+003  0.983489143483062E+003
  0.182328034673196E+002  0.108636688392219E+001  0.364374382461211E+002  0.110796350986179E+002 -0.209167745456557E+001  0.932453498244286E-001  0.482506811618805E+000  0.774754166603088E+000  0.984332770041634E+003  0.983599035722674E+003
  0.176221559919412E+002  0.108696002518467E+001  0.369561335414293E+002  0.438805389720891E+001 -0.214489338579116E+001  0.102677717804909E+000  0.499021470546722E+000  0.780044078826904E+000  0.984419255604311E+003  0.977604053884969E+003
  0.187370485177818E+002  0.108904617601456E+001  0.316472244658300E+002  0.491179170803483E+001 -0.212146395062916E+001  0.110575027763844E+000  0.472138583660126E+000  0.763054490089417E+000  0.984008628375463E+003  0.983766255866666E+003
  0.182787480182030E+002  0.107525378962388E+001  0.362263570494899E+002  0.840107205140668E+001 -0.209928458450144E+001  0.983208119869232E-001  0.487393170595169E+000  0.774184763431549E+000  0.985387249687584E+003  0.983968428039543E+003
  0.165215337640962E+002  0.110718089724056E+001  0.384592430413928E+002  0.726149900730870E+001 -0.210203209855317E+001  0.119713261723518E+000  0.525342285633087E+000  0.795197129249573E+000  0.984040149321359E+003  0.983866626599702E+003
  0.161204185754791E+002  0.113264649056053E+001  0.379524813526071E+002  0.517104172477423E+001 -0.209241978877508E+001  0.118615701794624E+000  0.522748351097107E+000  0.795786321163177E+000  0.984231821687750E+003  0.983988503772327E+003
  0.174178357974968E+002  0.109814993773354E+001  0.363796189583998E+002  0.948021218925241E+001 -0.210185417198109E+001  0.108240514993668E+000  0.504584252834320E+000  0.784443438053131E+000  0.984171863289424E+003  0.983536167275205E+003
  0.179636966863657E+002  0.109673553449270E+001  0.350932090975609E+002  0.754370638744648E+001 -0.212187735248921E+001  0.103185653686523E+000  0.487957566976547E+000  0.775093615055084E+000  0.985190905168468E+003  0.982970659381313E+003
  0.192095333907112E+002  0.106982763077527E+001  0.353145661895690E+002  0.542638880124104E+001 -0.209333530216763E+001  0.853403061628342E-001  0.455242127180099E+000  0.759960412979126E+000  0.984585698513055E+003  0.983948624523289E+003
  0.196601775579339E+002  0.105992949472245E+001  0.322737213970252E+002  0.717680333540140E+001 -0.210415664191358E+001  0.102854967117310E+000  0.464448302984238E+000  0.758383214473724E+000  0.984337888878435E+003  0.983141651662641E+003
  0.171661908034813E+002  0.111257770151026E+001  0.380745917393376E+002  0.581868777827583E+001 -0.213704191868422E+001  0.967181175947189E-001  0.497096389532089E+000  0.784043252468109E+000  0.984455570953460E+003  0.980211277899990E+003
  0.194483413380057E+002  0.108089268343644E+001  0.316369547586910E+002  0.466224717332478E+001 -0.212278612243099E+001  0.100506618618965E+000  0.455687403678894E+000  0.755333840847015E+000  0.984407182101349E+003  0.983645337331647E+003
  0.176471315440172E+002  0.110642089146473E+001  0.344156362380468E+002  0.773374182427713E+001 -0.210672981327115E+001  0.111140891909599E+000  0.495539903640747E+000  0.778448522090912E+000  0.984322932216138E+003  0.983184985853866E+003
  0.165011482539795E+002  0.111579337752285E+001  0.389432211893588E+002  0.765683985160030E+001 -0.211739329165780E+001  0.111698485910892E+000  0.519087970256805E+000  0.794503629207611E+000  0.984556268794555E+003  0.983413544497794E+003
  0.160878904362469E+002  0.112729079898650E+001  0.408504146593246E+002  0.524488519346609E+001 -0.210120010069537E+001  0.105375453829765E+000  0.521903872489929E+000  0.797544062137604E+000  0.984874098430826E+003  0.983668379147208E+003
  0.174777688636385E+002  0.111757709702399E+001  0.359831087638294E+002  0.929232439064392E+001 -0.209907268565395E+001  0.991754457354546E-001  0.490563094615936E+000  0.780432403087616E+000  0.984305877186485E+003  0.983964583434197E+003
  0.191465056717405E+002  0.104916783353290E+001  0.357137333386879E+002  0.566601655138894E+001 -0.208560331742014E+001  0.930287241935730E-001  0.471836745738983E+000  0.763524174690247E+000  0.984907334628172E+003  0.980552444366587E+003
  0.193404262846758E+002  0.107590349052513E+001  0.319484111401246E+002  0.717293407226386E+001 -0.210559785278781E+001  0.103350237011909E+000  0.464439779520035E+000  0.759759724140167E+000  0.984616788586607E+003  0.982864017574629E+003
  0.177802817653702E+002  0.108713659236037E+001  0.367884709674724E+002  0.539089605972752E+001 -0.212868398111609E+001  0.100006468594074E+000  0.494355738162994E+000  0.778200805187225E+000  0.985760383118653E+003  0.983124697484173E+003
  0.185722851795856E+002  0.106181703476082E+001  0.385934061136740E+002  0.780981944802528E+001 -0.209977136431026E+001  0.833816006779671E-001  0.478280216455460E+000  0.771792590618134E+000  0.984164506911245E+003  0.983905072494313E+003
  0.173731587679104E+002  0.107387587714396E+001  0.383251432166274E+002  0.621672629930809E+001 -0.212158623242860E+001  0.111922428011894E+000  0.515783548355103E+000  0.787199795246124E+000  0.984099996218036E+003  0.983826372382183E+003
  0.184272499994652E+002  0.107827517430770E+001  0.375634296255016E+002  0.972928179678713E+001 -0.209256513416370E+001  0.857713520526886E-001  0.476503789424896E+000  0.772424876689911E+000  0.984215859021329E+003  0.983678205903692E+003
  0.184903183839546E+002  0.105427520327358E+001  0.361935495666867E+002  0.442106743600641E+001 -0.212138473146589E+001  0.102431073784828E+000  0.490519315004349E+000  0.771659076213837E+000  0.985133100561100E+003  0.983189344288348E+003
  0.183275014899116E+002  0.107452202653429E+001  0.355672792556997E+002  0.435308135042739E+001 -0.207728912592096E+001  0.100650295615196E+000  0.484919220209122E+000  0.770866096019745E+000  0.985025367147281E+003  0.980184647354463E+003
  0.172088115731706E+002  0.111998752287634E+001  0.373628464988836E+002  0.887622123791549E+001 -0.209922051927966E+001  0.966859310865402E-001  0.494493514299393E+000  0.784037411212921E+000  0.984366604989395E+003  0.983153553829597E+003
  0.191019367485602E+002  0.106971753287542E+001  0.346291505245727E+002  0.787176752243080E+001 -0.211694517644196E+001  0.924279540777206E-001  0.464486598968506E+000  0.763215482234955E+000  0.985157538612559E+003  0.980042610744147E+003
  0.183789287091256E+002  0.107114031907101E+001  0.383477374050561E+002  0.422220386583325E+001 -0.211016186449088E+001  0.839970484375954E-001  0.478253662586212E+000  0.771279931068420E+000  0.985012150520992E+003  0.983206481911490E+003
  0.177711980703300E+002  0.109128682355132E+001  0.361858605213720E+002  0.575781327312506E+001 -0.213716433977331E+001  0.102435663342476E+000  0.494027137756348E+000  0.777862608432770E+000  0.985013383069410E+003  0.983309851793739E+003
  0.166911471100069E+002  0.113804121079946E+001  0.365632850624634E+002  0.779451060061236E+001 -0.210825809668333E+001  0.105971559882164E+000  0.503567755222321E+000  0.788341581821442E+000  0.984037469265170E+003  0.982640212910754E+003
  0.166789379951147E+002  0.111617850617531E+001  0.383264731350940E+002  0.557423819533012E+001 -0.207688807854969E+001  0.107938550412655E+000  0.512501001358032E+000  0.790602922439575E+000  0.984322923178740E+003  0.983269461167079E+003
  0.179587177672254E+002  0.107935767170381E+001  0.395760034142627E+002  0.714440585587260E+001 -0.210573095182159E+001  0.853586271405220E-001  0.487486541271210E+000  0.778302967548370E+000  0.984232679140798E+003  0.979482130121589E+003
  0.191611250975524E+002  0.108876589270620E+001  0.333243288060751E+002  0.518566337401272E+001 -0.210022863540027E+001  0.900430381298065E-001  0.451712787151337E+000  0.757885634899139E+000  0.984388580070510E+003  0.983567199947238E+003
  0.184893464939659E+002  0.106619759353372E+001  0.356426477356302E+002  0.909828249690054E+001 -0.210673442292633E+001  0.101488552987576E+000  0.487601488828659E+000  0.772611200809479E+000  0.984745641465177E+003  0.983809910940335E+003
  0.181877144160989E+002  0.108248335242933E+001  0.379684212668636E+002  0.101626726423044E+002 -0.210759579701893E+001  0.866716653108597E-001  0.481695890426636E+000  0.775721371173859E+000  0.984317787698710E+003  0.979890863574160E+003
  0.182208431496001E+002  0.110508931202544E+001  0.344517543402244E+002  0.846034137447637E+001 -0.210472572433505E+001  0.977008044719696E-001  0.474908649921417E+000  0.770259380340576E+000  0.984663702257127E+003  0.982334420572384E+003
  0.181327475059889E+002  0.106614173295263E+001  0.383851255361043E+002  0.587011412218817E+001 -0.208690963590424E+001  0.923816114664078E-001  0.491868078708649E+000  0.776745975017548E+000  0.985167407533946E+003  0.983363815679033E+003
  0.175641334944381E+002  0.111573146828533E+001  0.352750952481767E+002  0.979662053767252E+001 -0.211563225110909E+001  0.102624252438545E+000  0.490970492362976E+000  0.779596149921417E+000  0.984000094415442E+003  0.982702646167913E+003
  0.191416916371175E+002  0.109896271599633E+001  0.322758940782756E+002  0.726245233033737E+001 -0.211205618832323E+001  0.943757146596909E-001  0.452742338180542E+000  0.758361041545868E+000  0.984129559630584E+003  0.982915383902392E+003
  0.183015985027886E+002  0.110181758664625E+001  0.345471217679878E+002  0.423629703425875E+001 -0.211841277546292E+001  0.952669233083725E-001  0.469756960868835E+000  0.766821444034576E+000  0.985496390809797E+003  0.983602441136635E+003
  0.176148991231173E+002  0.107216757578962E+001  0.389787000268968E+002  0.625271901639765E+001 -0.211309654612632E+001  0.101360410451889E+000  0.506613135337830E+000  0.783997237682343E+000  0.985178545058172E+003  0.983421663329969E+003
  0.198326002992544E+002  0.103848322495938E+001  0.347302279676984E+002  0.483302825705042E+001 -0.208999003892449E+001  0.902493745088577E-001  0.460163414478302E+000  0.756882727146149E+000  0.984078761636427E+003  0.980225813792013E+003
  0.192060245652571E+002  0.106295224893942E+001  0.330201640423840E+002  0.597603361973662E+001 -0.208909413482444E+001  0.102768510580063E+000  0.470789551734924E+000  0.761974394321442E+000  0.984177167987174E+003  0.981411203380128E+003
  0.180264569854341E+002  0.108523536308127E+001  0.356536155208115E+002  0.443535387101226E+001 -0.208112167665790E+001  0.102230347692966E+000  0.488886713981628E+000  0.773883223533630E+000  0.985321807029675E+003  0.980950849106940E+003
  0.172993483308186E+002  0.109529390239333E+001  0.395181652178483E+002  0.762781884402162E+001 -0.212165279608182E+001  0.955474674701691E-001  0.501664519309998E+000  0.786002814769745E+000  0.984625483769077E+003  0.982700600214790E+003
  0.174287083098787E+002  0.108895075787645E+001  0.375463377123953E+002  0.523409625784357E+001 -0.207786008202139E+001  0.104809701442719E+000  0.504200994968414E+000  0.783309102058411E+000  0.984840569560251E+003  0.983943239769013E+003
  0.159798686776370E+002  0.115090902116739E+001  0.389102598505524E+002  0.466245535098381E+001 -0.212243954649878E+001  0.105186037719250E+000  0.513017058372498E+000  0.794137597084045E+000  0.984250792869575E+003  0.982299536126505E+003
  0.169810580218641E+002  0.107898756540662E+001  0.402320431871410E+002  0.552206234792826E+001 -0.212016042925664E+001  0.110095620155334E+000  0.523987412452698E+000  0.792156875133514E+000  0.984031696175074E+003  0.982212295216682E+003
  0.177142188869837E+002  0.110417475484456E+001  0.367735513880831E+002  0.781520308872033E+001 -0.209990818420675E+001  0.947460159659386E-001  0.487476468086243E+000  0.778168499469757E+000  0.985296090667585E+003  0.983831510106211E+003
  0.184300624296141E+002  0.107259442485025E+001  0.354388394518012E+002  0.779503436728492E+001 -0.207766227336809E+001  0.101197913289070E+000  0.485540091991425E+000  0.771792709827423E+000  0.984187363677136E+003  0.983248726968345E+003
  0.193067014850584E+002  0.105171407330370E+001  0.350796069060867E+002  0.747949072016477E+001 -0.212718679056914E+001  0.929083824157715E-001  0.468290954828262E+000  0.762935459613800E+000  0.984428611482547E+003  0.983181781240878E+003
  0.169332650087652E+002  0.109342123569694E+001  0.392027524321318E+002  0.568668249372801E+001 -0.209330825907350E+001  0.108743235468864E+000  0.516936719417572E+000  0.790581107139587E+000  0.985297892442310E+003  0.982052760869604E+003
  0.177719497456932E+002  0.108454711500079E+001  0.388132541475242E+002  0.632132696059297E+001 -0.208271534266103E+001  0.910538285970688E-001  0.492484778165817E+000  0.779769718647003E+000  0.984812736769957E+003  0.982063978821672E+003
  0.183622225763057E+002  0.106198365430310E+001  0.371193401030107E+002  0.890969915506518E+001 -0.210359681187771E+001  0.966927409172058E-001  0.490614891052246E+000  0.775336384773254E+000  0.984821298724356E+003  0.982863808176890E+003
  0.185645712859643E+002  0.109112821379772E+001  0.352379023708702E+002  0.434359762108624E+001 -0.211688781068859E+001  0.899701118469238E-001  0.464821845293045E+000  0.764704048633575E+000  0.985412211625313E+003  0.983323375059142E+003
  0.191963718376890E+002  0.105108830124371E+001  0.357148923381062E+002  0.798645703790745E+001 -0.213080769529407E+001  0.916615203022957E-001  0.470332324504852E+000  0.764389395713806E+000  0.984000804925693E+003  0.983024141020689E+003
  0.177207860591576E+002  0.109980322967014E+001  0.376850357638728E+002  0.106921181806268E+002 -0.210410837117946E+001  0.916747301816940E-001  0.488853365182877E+000  0.780456006526947E+000  0.984313764762687E+003  0.983983130327049E+003
  0.181050821000313E+002  0.109516868224117E+001  0.343026002254271E+002  0.430206114710872E+001 -0.210273214713606E+001  0.104583516716957E+000  0.483177423477173E+000  0.770803987979889E+000  0.985792500063201E+003  0.983157995918450E+003
  0.183762327944419E+002  0.107450736651019E+001  0.374081966683032E+002  0.519525956978268E+001 -0.206899491969387E+001  0.883683487772942E-001  0.478437185287476E+000  0.771170318126678E+000  0.984042333950595E+003  0.982865798784931E+003
  0.181434486414725E+002  0.107534828834389E+001  0.372053193377135E+002  0.797652855065586E+001 -0.208642304894698E+001  0.951193049550056E-001  0.489239841699600E+000  0.776142895221710E+000  0.985030505364824E+003  0.982739623157696E+003
  0.172452863089667E+002  0.109042814981553E+001  0.386845404395984E+002  0.592477149756432E+001 -0.207213536944650E+001  0.103697180747986E+000  0.508463561534882E+000  0.786502301692963E+000  0.984220604338105E+003  0.983584627864449E+003
  0.186348149169477E+002  0.108886345600118E+001  0.347825436442104E+002  0.878555136019011E+001 -0.212927301368428E+001  0.935155972838402E-001  0.469145566225052E+000  0.766703188419342E+000  0.984336966125388E+003  0.981305377347466E+003
  0.178921593133950E+002  0.107858746304144E+001  0.353742960884680E+002  0.727668828984919E+001 -0.212052176175529E+001  0.112297415733337E+000  0.501644492149353E+000  0.778774619102478E+000  0.984009255715962E+003  0.982121919643810E+003
  0.176961327202645E+002  0.112107868989311E+001  0.360111555510422E+002  0.555530542846088E+001 -0.209291675781585E+001  0.915242582559586E-001  0.476292282342911E+000  0.774218380451202E+000  0.984315449843969E+003  0.982040229854890E+003
  0.182729273401644E+002  0.108004777007778E+001  0.361803575276610E+002  0.673509894626357E+001 -0.210158290410771E+001  0.963522046804428E-001  0.483586341142654E+000  0.772601902484894E+000  0.986027904748966E+003  0.974591633354940E+003
  0.182652325542651E+002  0.109863098830136E+001  0.359147647027810E+002  0.613404386661960E+001 -0.208946863061980E+001  0.898467451334000E-001  0.471006304025650E+000  0.769455611705780E+000  0.984763240228048E+003  0.983434191143614E+003
  0.163464336241531E+002  0.111329709803664E+001  0.403505436045593E+002  0.435564191474178E+001 -0.208952583040739E+001  0.108077794313431E+000  0.522225975990295E+000  0.795392513275146E+000  0.985380784019841E+003  0.983228099282914E+003
  0.174947662592125E+002  0.106750376004593E+001  0.390004815167183E+002  0.464643407670754E+001 -0.209522911109522E+001  0.106891959905624E+000  0.513474702835083E+000  0.785556972026825E+000  0.984983270359191E+003  0.981989623677692E+003
  0.172334505810805E+002  0.113580162218079E+001  0.339005047173496E+002  0.498073717957878E+001 -0.210232236442446E+001  0.108870521187782E+000  0.490327179431915E+000  0.778100311756134E+000  0.984093030610944E+003  0.981515892943477E+003
  0.182410487107433E+002  0.105260065250225E+001  0.374752424307486E+002  0.533585188066209E+001 -0.209286635939610E+001  0.101122021675110E+000  0.498335689306259E+000  0.776601374149323E+000  0.984670982753087E+003  0.980875931067385E+003
  0.180996056748754E+002  0.109175765541815E+001  0.356693726839677E+002  0.458277753281053E+001 -0.213918680775862E+001  0.973780825734138E-001  0.481886029243469E+000  0.771898448467255E+000  0.985074372284138E+003  0.983795099441689E+003
  0.175263604987199E+002  0.108459293721458E+001  0.369536273375244E+002  0.739209742427375E+001 -0.212533014891262E+001  0.109003469347954E+000  0.506687879562378E+000  0.783750891685486E+000  0.984431859690475E+003  0.983259353762973E+003
  0.172810546686740E+002  0.113983748165233E+001  0.341669463483555E+002  0.454736391968893E+001 -0.211739069305335E+001  0.103548794984818E+000  0.484190136194229E+000  0.776448369026184E+000  0.984133240453414E+003  0.980624339467891E+003
  0.186878139241287E+002  0.108668215969100E+001  0.363309317078333E+002  0.455561783607545E+001 -0.211385972293035E+001  0.830562040209770E-001  0.459668815135956E+000  0.763955652713776E+000  0.984352927613682E+003  0.983017543262114E+003
  0.175316249659401E+002  0.108523483939973E+001  0.385369354461393E+002  0.521957080157848E+001 -0.211629858752510E+001  0.982275232672691E-001  0.501065433025360E+000  0.782541096210480E+000  0.985983646125497E+003  0.983271374514325E+003
  0.182538785878749E+002  0.109275735117751E+001  0.351030595008166E+002  0.114837537400707E+002 -0.209616297776619E+001  0.983970314264297E-001  0.481708109378815E+000  0.773490428924561E+000  0.984031501938369E+003  0.982604777794632E+003
  0.167603422121010E+002  0.111158359239604E+001  0.393045700388495E+002  0.664860813194770E+001 -0.209627034926915E+001  0.103177979588509E+000  0.510988771915436E+000  0.790944755077362E+000  0.985239430339292E+003  0.983624377757463E+003
  0.165525126333594E+002  0.110979222467710E+001  0.375345229440754E+002  0.465287807329670E+001 -0.211505782674740E+001  0.120857909321785E+000  0.522711575031281E+000  0.792673647403717E+000  0.984674387105769E+003  0.983387893761820E+003
  0.172683299857772E+002  0.112191241119750E+001  0.375041637409595E+002  0.571727251977576E+001 -0.212912342345323E+001  0.918179750442505E-001  0.488196164369583E+000  0.780873954296112E+000  0.984263490525748E+003  0.976098455623545E+003
  0.190235000519911E+002  0.108518788778022E+001  0.330020587098480E+002  0.713324035064558E+001 -0.208814867069699E+001  0.972888618707657E-001  0.462536334991455E+000  0.761865735054016E+000  0.984312067890700E+003  0.983878581211635E+003
  0.186062506202538E+002  0.110855680369854E+001  0.329045327738809E+002  0.649574895158737E+001 -0.211771212776119E+001  0.966012775897980E-001  0.460035890340805E+000  0.762674629688263E+000  0.984421541513536E+003  0.980683105747531E+003
  0.185950108629440E+002  0.106883334690536E+001  0.361350713463353E+002  0.981804649363571E+001 -0.208356793672692E+001  0.947159007191658E-001  0.480794668197632E+000  0.771110594272614E+000  0.984333672283870E+003  0.983649460861014E+003
  0.178253025855120E+002  0.111134274898070E+001  0.359054129402797E+002  0.685703288370280E+001 -0.209911272881178E+001  0.942285507917404E-001  0.480232477188110E+000  0.774685204029083E+000  0.985017296853328E+003  0.982269886289176E+003
  0.158532084928951E+002  0.113759950682461E+001  0.392956512960724E+002  0.513142097691952E+001 -0.210256072233591E+001  0.116428509354591E+000  0.526583731174469E+000  0.798620879650116E+000  0.984750556100637E+003  0.983482136448325E+003
  0.186983419699372E+002  0.110766316174019E+001  0.318364976917555E+002  0.696068164553854E+001 -0.209950336644248E+001  0.101789332926273E+000  0.461816072463989E+000  0.762232601642609E+000  0.984113378094629E+003  0.982607070063456E+003
  0.178703394476237E+002  0.109393254842612E+001  0.382227348660169E+002  0.770068486447600E+001 -0.209192286718008E+001  0.873438641428947E-001  0.483990430831909E+000  0.777474522590637E+000  0.984587307591146E+003  0.982486138467078E+003
  0.183831194279382E+002  0.107982495181713E+001  0.370474183319102E+002  0.816514489127817E+001 -0.211564089240488E+001  0.889560282230377E-001  0.477881133556366E+000  0.771920502185822E+000  0.985061316433252E+003  0.980544882004570E+003
  0.175967919914404E+002  0.108455633360657E+001  0.370894080095725E+002  0.530635967646199E+001 -0.213297363951638E+001  0.104713410139084E+000  0.501991391181946E+000  0.781375825405121E+000  0.985070222039504E+003  0.983048402500356E+003
  0.163151777165071E+002  0.113492819795589E+001  0.401912918486954E+002  0.476775212010965E+001 -0.212026495228855E+001  0.971573144197464E-001  0.508655071258545E+000  0.792670547962189E+000  0.984425648843064E+003  0.982665213014161E+003
  0.195962163951337E+002  0.106455858687043E+001  0.339166946502657E+002  0.904539049417121E+001 -0.209777962023749E+001  0.908129960298538E-001  0.457252860069275E+000  0.759408652782440E+000  0.984183955693013E+003  0.983925685794988E+003
  0.185567711235028E+002  0.107331957834381E+001  0.356895124315776E+002  0.687417830263349E+001 -0.207784809193718E+001  0.961126014590263E-001  0.478993713855743E+000  0.769288837909698E+000  0.984763105794875E+003  0.983171482494019E+003
  0.178177141938863E+002  0.108120023156481E+001  0.389084951173610E+002  0.648165972230456E+001 -0.212189108453837E+001  0.911145359277725E-001  0.492934167385101E+000  0.779689431190491E+000  0.984933721993881E+003  0.982719840715147E+003
  0.155321434617920E+002  0.114233458383572E+001  0.417890627111840E+002  0.446935055069773E+001 -0.212211271547945E+001  0.108824253082275E+000  0.530905723571777E+000  0.801891088485718E+000  0.984031480025891E+003  0.983382372618075E+003
  0.165121471354698E+002  0.111769451037249E+001  0.393493755766565E+002  0.605993474328541E+001 -0.210505379168519E+001  0.106711268424988E+000  0.515713095664978E+000  0.793235778808594E+000  0.985438745720724E+003  0.983722898822745E+003
  0.161785322279550E+002  0.111177687636126E+001  0.405890213229286E+002  0.447241073432984E+001 -0.211344581020201E+001  0.113720700144768E+000  0.529687047004700E+000  0.798022091388702E+000  0.985221699567855E+003  0.982686043030826E+003
  0.185714452457634E+002  0.105596693125105E+001  0.376605178942251E+002  0.797881258854798E+001 -0.211826317802616E+001  0.912498980760574E-001  0.484657824039459E+000  0.772626817226410E+000  0.984591544648398E+003  0.983707073470392E+003
  0.188731509132380E+002  0.105511209870870E+001  0.360829231692871E+002  0.470736549095102E+001 -0.210093056868690E+001  0.938214436173439E-001  0.476192176342010E+000  0.765898287296295E+000  0.985881506387987E+003  0.983741857962385E+003
  0.183044954145990E+002  0.109322484110391E+001  0.355325709552027E+002  0.697715367045214E+001 -0.209345957249109E+001  0.939345657825470E-001  0.475618004798889E+000  0.770175755023956E+000  0.985327296430449E+003  0.983783388872263E+003
  0.174511003025030E+002  0.107933606622400E+001  0.405900812717838E+002  0.561161594875097E+001 -0.209262041787549E+001  0.932635664939880E-001  0.505308747291565E+000  0.785340785980225E+000  0.984563618984903E+003  0.981270675877071E+003
  0.186274137055972E+002  0.107249764728427E+001  0.347705797328601E+002  0.791166959452961E+001 -0.211469475687095E+001  0.101010307669640E+000  0.480282068252563E+000  0.768749654293060E+000  0.985272835368357E+003  0.983318568624137E+003
  0.169124705757015E+002  0.109101276322498E+001  0.386782162229737E+002  0.473538069664901E+001 -0.208888170493328E+001  0.113590180873871E+000  0.520053625106812E+000  0.790574967861176E+000  0.984956088484202E+003  0.981650012140724E+003
  0.179487699453840E+002  0.110090116835424E+001  0.345315606895397E+002  0.456327764826648E+001 -0.208826571795005E+001  0.104135237634182E+000  0.484776318073273E+000  0.772549986839294E+000  0.985142919090732E+003  0.983152523592538E+003
  0.164041052004683E+002  0.110613950921824E+001  0.396537199541155E+002  0.539854456652518E+001 -0.212174553759130E+001  0.115932956337929E+000  0.527019917964935E+000  0.796080887317657E+000  0.984861544343095E+003  0.983435687866914E+003
  0.177164794829474E+002  0.109812843759804E+001  0.369397371770237E+002  0.681170042115001E+001 -0.209941093077215E+001  0.960532873868942E-001  0.490237236022949E+000  0.778499424457550E+000  0.985792869552356E+003  0.982873936424543E+003
  0.163572154862736E+002  0.112972505213686E+001  0.376439823075878E+002  0.731499974693125E+001 -0.210045295874463E+001  0.115501627326012E+000  0.518035769462585E+000  0.794217824935913E+000  0.984071717608063E+003  0.983063250284748E+003
  0.186033545367027E+002  0.110257428511714E+001  0.328964999862320E+002  0.539036914164565E+001 -0.210046463294739E+001  0.989410728216171E-001  0.463514149188995E+000  0.762702524662018E+000  0.984956559843642E+003  0.983747037956750E+003
  0.174960420388266E+002  0.109638347436171E+001  0.382132599164046E+002  0.734436336682380E+001 -0.209083314715449E+001  0.962042808532715E-001  0.496307015419006E+000  0.782559812068939E+000  0.985244409837108E+003  0.979810659883127E+003
  0.177491137872153E+002  0.106887255799771E+001  0.374702340284595E+002  0.488155552294033E+001 -0.212309540697705E+001  0.106801316142082E+000  0.505690276622772E+000  0.781291067600250E+000  0.984933937470504E+003  0.983303926890877E+003
  0.164887423628678E+002  0.110286445592541E+001  0.408928718239873E+002  0.527290873950707E+001 -0.210795526134858E+001  0.107279561460018E+000  0.524544537067413E+000  0.795546710491180E+000  0.984988426739817E+003  0.982614927349999E+003
  0.176887310803981E+002  0.107201864855710E+001  0.398489471983363E+002  0.849024391816810E+001 -0.209046391826231E+001  0.951968133449554E-001  0.503421843051910E+000  0.784185826778412E+000  0.984029658200210E+003  0.983325213385405E+003
  0.180991998670066E+002  0.110361587007961E+001  0.335485744396885E+002  0.736976352639882E+001 -0.210314023007665E+001  0.106973700225353E+000  0.482713639736176E+000  0.771534502506256E+000  0.984536693740504E+003  0.977269718814517E+003
  0.185603680494925E+002  0.105958840278962E+001  0.362130406117561E+002  0.486026652049477E+001 -0.210105277332198E+001  0.981070250272751E-001  0.484686374664307E+000  0.770080864429474E+000  0.985977869877455E+003  0.982691975423993E+003
  0.171127082276645E+002  0.110376895972365E+001  0.390615061538800E+002  0.671662224978195E+001 -0.210893278149862E+001  0.983386412262917E-001  0.503699421882629E+000  0.786958158016205E+000  0.985480164648993E+003  0.982855047348843E+003
  0.193122392572979E+002  0.103800247634555E+001  0.352919904247025E+002  0.460840533353329E+001 -0.209692525278421E+001  0.965013504028320E-001  0.473365902900696E+000  0.762513101100922E+000  0.984605281226457E+003  0.983259457463808E+003
  0.191908429049359E+002  0.107384857084359E+001  0.319749560454583E+002  0.461908178302570E+001 -0.209246318828650E+001  0.105057194828987E+000  0.466947972774506E+000  0.759820401668549E+000  0.984341847124555E+003  0.967112094597236E+003
  0.179956072033820E+002  0.108899398721692E+001  0.378526571121100E+002  0.827665063273723E+001 -0.213108585774519E+001  0.885681807994843E-001  0.483969271183014E+000  0.776591897010803E+000  0.984015522791387E+003  0.982339822647159E+003
  0.176390670525821E+002  0.110867309805152E+001  0.348671115088208E+002  0.857143515946911E+001 -0.211772340610661E+001  0.107050880789757E+000  0.493426859378815E+000  0.778791725635529E+000  0.984344011657069E+003  0.983548357488315E+003
  0.196754940821836E+002  0.104927288534198E+001  0.346268941579904E+002  0.895625764126763E+001 -0.209413619658851E+001  0.907533392310143E-001  0.462321221828461E+000  0.760302424430847E+000  0.984136301860776E+003  0.979882843609003E+003
  0.189132087581176E+002  0.106450484743805E+001  0.364224610611422E+002  0.114418299663443E+002 -0.209223918894489E+001  0.880484804511070E-001  0.471710622310638E+000  0.767883241176605E+000  0.984076511682126E+003  0.983755322564500E+003
  0.169112685251958E+002  0.108135763138372E+001  0.401278361974422E+002  0.568194446726614E+001 -0.209966748983391E+001  0.111758500337601E+000  0.525103449821472E+000  0.792873084545135E+000  0.984393058713569E+003  0.982687291516943E+003
  0.163012584814069E+002  0.112524359701681E+001  0.393762983598517E+002  0.766591979512115E+001 -0.210724757015598E+001  0.109767749905586E+000  0.519000530242920E+000  0.795988321304321E+000  0.984533230308429E+003  0.983654494696823E+003
  0.171991669465530E+002  0.108145714844727E+001  0.392603697381836E+002  0.662656731263111E+001 -0.209704200015636E+001  0.107772603631020E+000  0.515611410140991E+000  0.789031505584717E+000  0.984879546595688E+003  0.983539380627988E+003
  0.180725539288614E+002  0.107846023469573E+001  0.361744832182246E+002  0.797715247754441E+001 -0.212628650261029E+001  0.102061718702316E+000  0.492932289838791E+000  0.776594698429108E+000  0.984876616363479E+003  0.982694151308641E+003
  0.181569620617705E+002  0.108372739648491E+001  0.357782937144507E+002  0.564198453419067E+001 -0.210267389566872E+001  0.994216650724411E-001  0.485698610544205E+000  0.772970736026764E+000  0.986234382830095E+003  0.983046061513200E+003
  0.191206214509837E+002  0.107030270374115E+001  0.345910469236904E+002  0.112279335799907E+002 -0.211430603980758E+001  0.921515524387360E-001  0.466624140739441E+000  0.765213787555695E+000  0.984264126826307E+003  0.982895446399784E+003
  0.185996497679938E+002  0.105076493543061E+001  0.378266827092842E+002  0.558116196750627E+001 -0.208830986162911E+001  0.914102643728256E-001  0.485450446605682E+000  0.771715223789215E+000  0.984874776569429E+003  0.983577275990872E+003
  0.189372762872728E+002  0.108766467038300E+001  0.340339309781090E+002  0.990712206187630E+001 -0.211352442932109E+001  0.921043306589127E-001  0.461342006921768E+000  0.764109373092651E+000  0.984239147974705E+003  0.983881766321470E+003
  0.180491175664015E+002  0.110712840478688E+001  0.349851132847365E+002  0.698574285652113E+001 -0.213079610279960E+001  0.968923419713974E-001  0.477442920207977E+000  0.771864354610443E+000  0.984461252750559E+003  0.983891800450044E+003
  0.189117112948798E+002  0.108696996561024E+001  0.351733563140265E+002  0.693672794155069E+001 -0.210173581319725E+001  0.859002843499184E-001  0.456519514322281E+000  0.762214362621307E+000  0.984218019134348E+003  0.982568220848448E+003
  0.164364506261913E+002  0.111359060190448E+001  0.400028733111529E+002  0.469423012010286E+001 -0.212735118298915E+001  0.107116140425205E+000  0.519455730915070E+000  0.794227719306946E+000  0.985270380174827E+003  0.982469899869631E+003
  0.176302027390285E+002  0.108018580920819E+001  0.377043417423110E+002  0.574143593814073E+001 -0.211826873323475E+001  0.103029802441597E+000  0.502522766590118E+000  0.781945526599884E+000  0.985673883435946E+003  0.983855741068563E+003
  0.164081585719730E+002  0.112144872695373E+001  0.385712719136293E+002  0.553655746514928E+001 -0.209500351334930E+001  0.112256541848183E+000  0.518549799919128E+000  0.793694376945496E+000  0.985104641494509E+003  0.981989203462846E+003
  0.178371392586548E+002  0.107279057437973E+001  0.379720245254734E+002  0.618129038978571E+001 -0.213596605998131E+001  0.996398031711578E-001  0.499469578266144E+000  0.780278742313385E+000  0.984354107343845E+003  0.982192094422961E+003
  0.177925958549540E+002  0.108529577973769E+001  0.356714384497041E+002  0.913531069082086E+001 -0.211001097846552E+001  0.109307348728180E+000  0.500997722148895E+000  0.780392408370972E+000  0.984069809527280E+003  0.982792646903561E+003
  0.193502361383965E+002  0.108446273176489E+001  0.318521974683339E+002  0.863145000851179E+001 -0.210919664799893E+001  0.100878566503525E+000  0.460222184658051E+000  0.759302556514740E+000  0.984350314907116E+003  0.983966057873064E+003
  0.161716629189789E+002  0.113639107420923E+001  0.399789324334705E+002  0.523145310480889E+001 -0.209097344542498E+001  0.102014467120171E+000  0.513786733150482E+000  0.794662833213806E+000  0.984487111510106E+003  0.983965263403367E+003
  0.190885288815405E+002  0.106054889449051E+001  0.357224085462219E+002  0.614935331071019E+001 -0.210504948235145E+001  0.894654095172882E-001  0.466617256402969E+000  0.763006925582886E+000  0.985556429418156E+003  0.982021107360029E+003
  0.174873440990514E+002  0.110117727876345E+001  0.365124500487954E+002  0.716961215978156E+001 -0.214004068568577E+001  0.102889642119408E+000  0.498365730047226E+000  0.781668663024902E+000  0.984166197764974E+003  0.982857579193367E+003
  0.191516461547428E+002  0.108355417074054E+001  0.332619266133078E+002  0.724037555853127E+001 -0.212407339902583E+001  0.936551690101624E-001  0.458678483963013E+000  0.760672628879547E+000  0.984348544714800E+003  0.980111928125521E+003
  0.171671408171036E+002  0.110343554959272E+001  0.369037897131001E+002  0.542895552468741E+001 -0.212284384656139E+001  0.108289167284966E+000  0.506087481975555E+000  0.785026788711548E+000  0.985527579918411E+003  0.983687331969204E+003
  0.188225324357909E+002  0.108482728571099E+001  0.343656986857071E+002  0.974228669693892E+001 -0.212097102475578E+001  0.937657207250595E-001  0.466459095478058E+000  0.765614509582520E+000  0.984424335726958E+003  0.983107028870575E+003
  0.183525339205777E+002  0.106932720318177E+001  0.380274310492629E+002  0.753580523315463E+001 -0.212085831193413E+001  0.880981758236885E-001  0.482698023319244E+000  0.773744881153107E+000  0.984675651975866E+003  0.983847254458181E+003
  0.163102415981675E+002  0.113543156906682E+001  0.383040898520925E+002  0.566190474799285E+001 -0.213173887645258E+001  0.108154565095901E+000  0.513081431388855E+000  0.793088495731354E+000  0.984311937337923E+003  0.983563247521123E+003
  0.158488497170597E+002  0.112421685490938E+001  0.406033026621649E+002  0.484390365966097E+001 -0.211971614050360E+001  0.117294803261757E+000  0.533357083797455E+000  0.800939679145813E+000  0.984672888237965E+003  0.983853876014401E+003
  0.189065879094910E+002  0.107222276923099E+001  0.337826052772302E+002  0.575241847130344E+001 -0.212878006272151E+001  0.100294157862663E+000  0.471226543188095E+000  0.763650476932526E+000  0.984937919269327E+003  0.981354165177683E+003
  0.183420720579801E+002  0.109812393845978E+001  0.341482648221713E+002  0.697037400184756E+001 -0.210001190054982E+001  0.995598509907722E-001  0.474990427494049E+000  0.768555223941803E+000  0.985088017593070E+003  0.983602213109347E+003
  0.166314676573034E+002  0.114704497057979E+001  0.355038646387652E+002  0.448939400332154E+001 -0.210566778951448E+001  0.106631428003311E+000  0.499910175800323E+000  0.785145580768585E+000  0.984057104080708E+003  0.983854903509702E+003
  0.183931427603068E+002  0.107677215329695E+001  0.366215638020310E+002  0.866440183904344E+001 -0.211028658455167E+001  0.926208198070526E-001  0.481056362390518E+000  0.772442698478699E+000  0.985396954637799E+003  0.982108247629244E+003
  0.165503859069740E+002  0.113869796614732E+001  0.365838188713911E+002  0.512843575061620E+001 -0.213338631297833E+001  0.108110412955284E+000  0.505922913551331E+000  0.788545668125153E+000  0.983995944420888E+003  0.983348701492799E+003
  0.189800493677451E+002  0.107207343358753E+001  0.343138010129393E+002  0.628531847723200E+001 -0.213303323572375E+001  0.955621823668480E-001  0.467210024595261E+000  0.763150751590729E+000  0.984707115781201E+003  0.983570077598330E+003
  0.161997471976343E+002  0.114068852234362E+001  0.387359136529475E+002  0.621349621234938E+001 -0.212486082914221E+001  0.106315523386002E+000  0.512876212596893E+000  0.794084250926971E+000  0.984277600523399E+003  0.983720902343068E+003
  0.174464292400717E+002  0.111024223307888E+001  0.352408817061117E+002  0.501494089333854E+001 -0.209252021806711E+001  0.107316032052040E+000  0.495676606893539E+000  0.779227077960968E+000  0.985109942353341E+003  0.975915061821829E+003
  0.170788132721500E+002  0.111057309280295E+001  0.373476019788944E+002  0.769852869534196E+001 -0.210726959393946E+001  0.105561941862106E+000  0.505101323127747E+000  0.786793053150177E+000  0.985180824615862E+003  0.983032741274731E+003
  0.187915378768354E+002  0.109717036089015E+001  0.329370610415462E+002  0.580953138251029E+001 -0.210218604987254E+001  0.970435887575150E-001  0.460161626338959E+000  0.761697471141815E+000  0.984905815158171E+003  0.983549849080028E+003
  0.171668343215456E+002  0.109412724941109E+001  0.381106487081600E+002  0.426039576793339E+001 -0.213423502763028E+001  0.106184512376785E+000  0.508982419967651E+000  0.785960733890533E+000  0.985271906229562E+003  0.983785064811372E+003
  0.179683099808498E+002  0.107725148018796E+001  0.380269752811054E+002  0.469356209215074E+001 -0.211505633328862E+001  0.923710763454437E-001  0.490524649620056E+000  0.776744663715363E+000  0.986090029736664E+003  0.983645668813017E+003
  0.155974338788343E+002  0.114986349133133E+001  0.407193500917007E+002  0.493411144802169E+001 -0.210333334379857E+001  0.108259677886963E+000  0.524464309215546E+000  0.799873948097229E+000  0.984387461523995E+003  0.983614401324332E+003
  0.188760484347800E+002  0.109871265087025E+001  0.324922515569343E+002  0.446983702761443E+001 -0.209088651419385E+001  0.967236161231995E-001  0.456288486719131E+000  0.759256482124329E+000  0.984543561632766E+003  0.983420105898927E+003
  0.175654935645944E+002  0.111888264196085E+001  0.359911989587905E+002  0.490928312397777E+001 -0.212279981084751E+001  0.952414274215698E-001  0.482750028371811E+000  0.776087820529938E+000  0.985177116109211E+003  0.983616493017681E+003
  0.180626773233192E+002  0.108664891847698E+001  0.380218296712690E+002  0.653361228329886E+001 -0.211644976927719E+001  0.868981182575226E-001  0.481499969959259E+000  0.775010943412781E+000  0.985000515250633E+003  0.983582778788279E+003
  0.177737302446833E+002  0.111889486876485E+001  0.341711332374116E+002  0.471556931888440E+001 -0.208320266299583E+001  0.102088391780853E+000  0.480266600847244E+000  0.772446334362030E+000  0.984151702149576E+003  0.979754669238331E+003
  0.174468523596601E+002  0.109326286681027E+001  0.384881589480285E+002  0.451527735341138E+001 -0.210639763622399E+001  0.961662530899048E-001  0.498380243778229E+000  0.782119393348694E+000  0.986300821319869E+003  0.983334754642170E+003
  0.169332195976363E+002  0.109322322331159E+001  0.385868777220406E+002  0.690861539226825E+001 -0.211022087051087E+001  0.113428473472595E+000  0.519061267375946E+000  0.791235923767090E+000  0.984713058155018E+003  0.983817994904742E+003
  0.176364929296966E+002  0.107877835720770E+001  0.388280323689809E+002  0.525755743811353E+001 -0.211015255863895E+001  0.971398502588272E-001  0.500997483730316E+000  0.782044231891632E+000  0.985917384141850E+003  0.983335022324189E+003
  0.170970771922359E+002  0.110333783811982E+001  0.391573032289040E+002  0.594024540223980E+001 -0.211399382063477E+001  0.980388969182968E-001  0.503915905952454E+000  0.786824524402618E+000  0.985628994765561E+003  0.983341772682473E+003
  0.190240325649819E+002  0.105179749570824E+001  0.347732269235663E+002  0.445413874549940E+001 -0.209015531864100E+001  0.100168883800507E+000  0.476369202136993E+000  0.763805985450745E+000  0.984860367556689E+003  0.981629612392238E+003
  0.174981354920495E+002  0.109349710388822E+001  0.378684306210905E+002  0.765296947996676E+001 -0.213502675360132E+001  0.995159447193146E-001  0.499249637126923E+000  0.783113300800323E+000  0.984407737636488E+003  0.983690471159537E+003
  0.162865089900276E+002  0.110091409939841E+001  0.418486569381880E+002  0.486148044477979E+001 -0.210762601964842E+001  0.109798349440098E+000  0.532725155353546E+000  0.798356652259827E+000  0.983999399955195E+003  0.983310858148012E+003
  0.183292711249144E+002  0.108548231504689E+001  0.374452604177266E+002  0.897790337888505E+001 -0.210983756463934E+001  0.855461955070496E-001  0.475258350372314E+000  0.772394359111786E+000  0.984397368912116E+003  0.981365231673484E+003
  0.184070597281889E+002  0.110527409864302E+001  0.346818243016425E+002  0.868756743100945E+001 -0.210284507005512E+001  0.920838937163353E-001  0.466461807489395E+000  0.767528414726257E+000  0.984159721412421E+003  0.982389206136023E+003
  0.189235025764976E+002  0.109996870297736E+001  0.314052291236059E+002  0.470948790648777E+001 -0.212703236398229E+001  0.102011606097221E+000  0.459424018859863E+000  0.758831560611725E+000  0.984054584816803E+003  0.979216150716853E+003
  0.163978319279324E+002  0.111795553477144E+001  0.376878351190120E+002  0.573299059520906E+001 -0.210344722457714E+001  0.120664983987808E+000  0.523230373859406E+000  0.794367730617523E+000  0.984397321876603E+003  0.983957005043470E+003
  0.176903902296699E+002  0.112045940273062E+001  0.346553685896266E+002  0.622733624529038E+001 -0.209939667888242E+001  0.100743696093559E+000  0.482399582862854E+000  0.774626612663269E+000  0.984649998292818E+003  0.983435082757273E+003
  0.162433167277778E+002  0.112726430023908E+001  0.394635803922876E+002  0.653098312383044E+001 -0.208533449717980E+001  0.109347045421600E+000  0.519194900989532E+000  0.795900821685791E+000  0.984228085408791E+003  0.983878582182505E+003
  0.177700002113056E+002  0.107292987948519E+001  0.395208226471907E+002  0.518683447374083E+001 -0.208162531072249E+001  0.928808748722076E-001  0.498395502567291E+000  0.781044125556946E+000  0.984806516809633E+003  0.982463006545806E+003
  0.169611545164113E+002  0.108932944761317E+001  0.398423775927570E+002  0.626472937120950E+001 -0.213038743909093E+001  0.106984391808510E+000  0.517892479896545E+000  0.791260361671448E+000  0.984203834026593E+003  0.982208146917323E+003
  0.183536413203239E+002  0.105489136102618E+001  0.365996533245471E+002  0.474770979568759E+001 -0.213434249901538E+001  0.102899774909019E+000  0.494326323270798E+000  0.773946702480316E+000  0.984082245138296E+003  0.983829922931986E+003
  0.175492139345130E+002  0.110469771773948E+001  0.358938741780920E+002  0.750255228098704E+001 -0.209075408624418E+001  0.103996932506561E+000  0.495788186788559E+000  0.780302286148071E+000  0.984885718703591E+003  0.980129218882747E+003
  0.182375227166440E+002  0.108668056584109E+001  0.345209317205652E+002  0.908092091477022E+001 -0.209669406129092E+001  0.105449058115482E+000  0.486853927373886E+000  0.773181617259979E+000  0.984394069208273E+003  0.983379025932412E+003
  0.187977011495697E+002  0.106201789921702E+001  0.369890806772927E+002  0.467423449598662E+001 -0.209070419494173E+001  0.869906172156334E-001  0.471729815006256E+000  0.766247928142548E+000  0.985301892043878E+003  0.983452750068122E+003
  0.192017649225734E+002  0.109018343961952E+001  0.330790205589654E+002  0.634065070271736E+001 -0.211740585491819E+001  0.910362899303436E-001  0.452084779739380E+000  0.758209764957428E+000  0.984124371231915E+003  0.983928249530299E+003
  0.183465209377050E+002  0.108501975931970E+001  0.374820637808512E+002  0.830614710776651E+001 -0.211726896653798E+001  0.851296037435532E-001  0.474368810653687E+000  0.771833896636963E+000  0.984259029847156E+003  0.980931128661223E+003
  0.173228476850115E+002  0.110118064936929E+001  0.392110604904284E+002  0.446553869953319E+001 -0.211827462778567E+001  0.916962698101997E-001  0.495969742536545E+000  0.782868444919586E+000  0.985470630081450E+003  0.983739777814498E+003
  0.184566779330533E+002  0.109004481376748E+001  0.355047503842160E+002  0.799438885947539E+001 -0.208481377795130E+001  0.923962369561195E-001  0.472638696432114E+000  0.768924534320831E+000  0.984619471808950E+003  0.982684367828569E+003
  0.182080516914014E+002  0.109809330062562E+001  0.365622964742238E+002  0.834899821140005E+001 -0.212125838856218E+001  0.880810916423798E-001  0.473407506942749E+000  0.771867930889130E+000  0.984244061086354E+003  0.981994980775693E+003
  0.185065632106057E+002  0.110373201395403E+001  0.327864566532641E+002  0.565003126532893E+001 -0.211416504129738E+001  0.101379856467247E+000  0.467279911041260E+000  0.763849794864655E+000  0.985052554261435E+003  0.983213120162526E+003
  0.186709727030976E+002  0.107529832817294E+001  0.361635390318951E+002  0.855480906015105E+001 -0.209822180820319E+001  0.900337249040604E-001  0.472948789596558E+000  0.768292665481567E+000  0.985165464671979E+003  0.981663312576757E+003
  0.193009390040428E+002  0.104100917359263E+001  0.343780088121703E+002  0.648310657900087E+001 -0.210446343665495E+001  0.102218836545944E+000  0.477015823125839E+000  0.763902127742767E+000  0.984009079904107E+003  0.982746456739279E+003
  0.170435805856157E+002  0.112882936460942E+001  0.381699554016749E+002  0.493451766030655E+001 -0.209728705540787E+001  0.905883908271790E-001  0.489575684070587E+000  0.782826483249664E+000  0.984356683666335E+003  0.983909740457150E+003
  0.173570105001867E+002  0.110525611354894E+001  0.366682413554942E+002  0.100516696715835E+002 -0.211079404913062E+001  0.104470595717430E+000  0.501592457294464E+000  0.784656405448914E+000  0.984341833321098E+003  0.980766092531449E+003
  0.177478190261929E+002  0.109006249185987E+001  0.366069879636966E+002  0.635071608463092E+001 -0.209763516959125E+001  0.100976258516312E+000  0.495004415512085E+000  0.778878867626190E+000  0.985889707783648E+003  0.983024510492239E+003
  0.181805614011138E+002  0.105764763869152E+001  0.370155146122810E+002  0.635537195021938E+001 -0.209516285280753E+001  0.103666305541992E+000  0.499174505472183E+000  0.777281463146210E+000  0.984594571919247E+003  0.983820063789223E+003
  0.167412305633320E+002  0.114404658685159E+001  0.369384544475657E+002  0.448314083347365E+001 -0.210864083659578E+001  0.970152765512466E-001  0.493479698896408E+000  0.784155189990997E+000  0.984487757208532E+003  0.983831524543313E+003
  0.167149687637341E+002  0.109746988732985E+001  0.410159556792862E+002  0.525185548329330E+001 -0.211310737824170E+001  0.102383643388748E+000  0.519697964191437E+000  0.793200075626373E+000  0.984838139633995E+003  0.977928540070187E+003
  0.197438857209175E+002  0.106665793895492E+001  0.319593666460358E+002  0.438042289335939E+001 -0.209098571498412E+001  0.993219390511513E-001  0.454833388328552E+000  0.753736317157745E+000  0.984165821079917E+003  0.982344072346780E+003
  0.188691371770945E+002  0.105791714879532E+001  0.356749856160508E+002  0.678018367760814E+001 -0.211538242240285E+001  0.960219874978065E-001  0.477503061294556E+000  0.766771137714386E+000  0.985477210250080E+003  0.982876995779000E+003
  0.173411960772523E+002  0.111680507351860E+001  0.351774946866354E+002  0.587922017702434E+001 -0.210709497581882E+001  0.107395954430103E+000  0.496144294738770E+000  0.780391395092010E+000  0.985079659212405E+003  0.982925305800342E+003
  0.176669372438302E+002  0.107489734749030E+001  0.401858669853302E+002  0.764210890032479E+001 -0.209520594763232E+001  0.924104154109955E-001  0.501546919345856E+000  0.783726632595062E+000  0.984210332503646E+003  0.983626898833950E+003
  0.173434913658342E+002  0.112353602313117E+001  0.368679864951016E+002  0.524384725137539E+001 -0.210726325294281E+001  0.926748961210251E-001  0.485605359077454E+000  0.779068529605865E+000  0.985066658290232E+003  0.983013351662192E+003
  0.190410452178518E+002  0.105967971622727E+001  0.341592522222127E+002  0.823843952579356E+001 -0.210845219456388E+001  0.101309016346931E+000  0.475268959999084E+000  0.765588164329529E+000  0.984647196019468E+003  0.983587825816177E+003
  0.172161922087266E+002  0.113576393693710E+001  0.351321354630207E+002  0.647218005248645E+001 -0.210713638147679E+001  0.101439952850342E+000  0.488630831241608E+000  0.779626429080963E+000  0.984062795965013E+003  0.977728858278428E+003
  0.159544527064031E+002  0.112330535085688E+001  0.404727091573899E+002  0.649784178215509E+001 -0.210046128694820E+001  0.116080507636070E+000  0.531058251857758E+000  0.800523817539215E+000  0.984288582695142E+003  0.982147926229295E+003
  0.185904485836728E+002  0.106378816322100E+001  0.353831227320216E+002  0.489606364877785E+001 -0.213614184070445E+001  0.100949987769127E+000  0.483232647180557E+000  0.768779516220093E+000  0.984779550176729E+003  0.983855167817101E+003
  0.193205308887556E+002  0.105350133447971E+001  0.350390969760306E+002  0.988432766694283E+001 -0.211177175186817E+001  0.921688675880432E-001  0.468822866678238E+000  0.764186501502991E+000  0.984426425163870E+003  0.983219169167442E+003
  0.176053642322428E+002  0.107660994976867E+001  0.398107413153139E+002  0.490374697469161E+001 -0.209056798121496E+001  0.939546376466751E-001  0.501633405685425E+000  0.782848119735718E+000  0.985247985038147E+003  0.983954884056609E+003
  0.186211331152868E+002  0.105260258657389E+001  0.374105133415171E+002  0.851165978327700E+001 -0.210579931776113E+001  0.932013913989067E-001  0.486043363809586E+000  0.772623717784882E+000  0.984636614746515E+003  0.980630243819567E+003
  0.169678909381096E+002  0.107684769205269E+001  0.404133559300998E+002  0.505300914834051E+001 -0.209525438125877E+001  0.110562980175018E+000  0.525650143623352E+000  0.792268693447113E+000  0.984205362951211E+003  0.975293966651184E+003
  0.187313154425087E+002  0.109767522541570E+001  0.327871485871001E+002  0.685635408858696E+001 -0.210038847827005E+001  0.995106101036072E-001  0.463894665241241E+000  0.763160288333893E+000  0.984718351626153E+003  0.980536248992608E+003
  0.176564593008698E+002  0.111004459148577E+001  0.351099262612204E+002  0.425258930015559E+001 -0.209038205158099E+001  0.102730691432953E+000  0.487646937370300E+000  0.775506436824799E+000  0.985307097838074E+003  0.983146799576469E+003
  0.188171657384675E+002  0.106076077533389E+001  0.374082815731045E+002  0.448311100170917E+001 -0.209316850440670E+001  0.846256539225578E-001  0.470340788364410E+000  0.766147553920746E+000  0.984977431572971E+003  0.983319972206172E+003
  0.165237492883991E+002  0.112646298093018E+001  0.369091310413114E+002  0.493749979630609E+001 -0.208409080404157E+001  0.114717401564121E+000  0.514065623283386E+000  0.790715396404266E+000  0.984022745775899E+003  0.982311591233756E+003
  0.182790542353215E+002  0.108275081874235E+001  0.357869794996893E+002  0.860273779980152E+001 -0.210291521622420E+001  0.977999195456505E-001  0.483850836753845E+000  0.773099839687347E+000  0.985436780415655E+003  0.982966408266707E+003
  0.182702177959780E+002  0.110461282388051E+001  0.324146226201489E+002  0.516663597611429E+001 -0.212244577150660E+001  0.109172947704792E+000  0.477117091417313E+000  0.766934335231781E+000  0.984589339574555E+003  0.983878010676392E+003
  0.181070548292452E+002  0.105689859366154E+001  0.385315096265086E+002  0.760943234332484E+001 -0.209776466833608E+001  0.978572294116020E-001  0.499391317367554E+000  0.779442310333252E+000  0.984449005812437E+003  0.983766430896228E+003
  0.186411343578558E+002  0.111001807449480E+001  0.315972526151597E+002  0.492942707713747E+001 -0.210217281764837E+001  0.102766923606396E+000  0.460500746965408E+000  0.760830104351044E+000  0.984272635659474E+003  0.983531069600594E+003
  0.180550715145283E+002  0.110553372327971E+001  0.355049795687859E+002  0.695893526058125E+001 -0.208959942278163E+001  0.942108035087585E-001  0.476637035608292E+000  0.772102952003479E+000  0.984724626709843E+003  0.983115251905803E+003
  0.181140174772629E+002  0.107260791009647E+001  0.364683070502376E+002  0.707096576144971E+001 -0.208263629877805E+001  0.101817205548286E+000  0.493901312351227E+000  0.776377856731415E+000  0.984732709275810E+003  0.983615748960388E+003
  0.197072685078250E+002  0.105440761881803E+001  0.348007744701046E+002  0.450350534904789E+001 -0.210954004469558E+001  0.853029489517212E-001  0.451880663633347E+000  0.755829989910126E+000  0.984204344962207E+003  0.983243188888857E+003
  0.168851797874494E+002  0.113017102896995E+001  0.374619132714821E+002  0.433811696821125E+001 -0.209745509641057E+001  0.975221991539001E-001  0.495811700820923E+000  0.784485042095184E+000  0.985205493998411E+003  0.983406487108265E+003
  0.185380157467518E+002  0.107287377194941E+001  0.350066856067613E+002  0.673977001301286E+001 -0.209185068698096E+001  0.101077273488045E+000  0.481881111860275E+000  0.769405424594879E+000  0.985361338101507E+003  0.983356827769542E+003
  0.185586148108871E+002  0.106697438024725E+001  0.360381860646718E+002  0.592804814821475E+001 -0.212931565481101E+001  0.963423997163773E-001  0.481290280818939E+000  0.769629597663879E+000  0.985418618338536E+003  0.983391131439603E+003
  0.170611636295483E+002  0.111937961165328E+001  0.375141093094624E+002  0.539821301606395E+001 -0.208226879401935E+001  0.986850783228874E-001  0.497347772121429E+000  0.784189403057098E+000  0.984674050124932E+003  0.982850517574430E+003
  0.183440118057286E+002  0.107355590875626E+001  0.367187525237358E+002  0.517368915829069E+001 -0.214239833234032E+001  0.936743542551994E-001  0.482284963130951E+000  0.771596014499664E+000  0.984453990534551E+003  0.981227902511503E+003
  0.192652289713767E+002  0.104737971405183E+001  0.359309453735143E+002  0.861618900088850E+001 -0.210328587476395E+001  0.904267132282257E-001  0.469878196716309E+000  0.764483153820038E+000  0.984655966211287E+003  0.983912609229597E+003
  0.184852953755428E+002  0.106056441212296E+001  0.357714196260851E+002  0.496912958417742E+001 -0.209568548586166E+001  0.102544501423836E+000  0.488243669271469E+000  0.771005868911743E+000  0.985512603972267E+003  0.983167323127343E+003
  0.165586116773709E+002  0.113803784401744E+001  0.385581392923811E+002  0.596559913439579E+001 -0.212498088977700E+001  0.978395193815231E-001  0.501322448253632E+000  0.789288878440857E+000  0.984064332687564E+003  0.983699451650984E+003
  0.177151356919786E+002  0.109555693189669E+001  0.365321086421454E+002  0.688095048535966E+001 -0.212134876678885E+001  0.998265892267227E-001  0.493258804082870E+000  0.778892815113068E+000  0.985680486133671E+003  0.983664271616094E+003
  0.164031753262735E+002  0.111970897733326E+001  0.395179324670593E+002  0.799167949776978E+001 -0.208760410157333E+001  0.109091535210609E+000  0.518731951713562E+000  0.795541107654572E+000  0.984043256754039E+003  0.983912481488178E+003
  0.170435645162978E+002  0.109605630299232E+001  0.373537626038475E+002  0.525257760405210E+001 -0.211719335241189E+001  0.114175923168659E+000  0.514304220676422E+000  0.787959337234497E+000  0.985103315458954E+003  0.981260383916128E+003
  0.185358603874308E+002  0.107272714122510E+001  0.374246521932805E+002  0.429138281357080E+001 -0.212386334107207E+001  0.853885933756828E-001  0.472642183303833E+000  0.768492102622986E+000  0.984884752695767E+003  0.980543817658244E+003
  0.179622358023920E+002  0.109897800473719E+001  0.357326604339829E+002  0.728134681607423E+001 -0.207748045767367E+001  0.979016125202179E-001  0.484422504901886E+000  0.774753987789154E+000  0.984390729063064E+003  0.983594591614928E+003
  0.184576011183926E+002  0.110401030669341E+001  0.326676736838350E+002  0.628075389198619E+001 -0.210289951847168E+001  0.103472605347633E+000  0.470169842243195E+000  0.764950513839722E+000  0.984782819019667E+003  0.983772801708303E+003
  0.159278499680814E+002  0.114411931372470E+001  0.397562515925333E+002  0.578441534149739E+001 -0.211552732914375E+001  0.106918826699257E+000  0.518396735191345E+000  0.796944320201874E+000  0.984420051098577E+003  0.978613571395845E+003
  0.179038116970198E+002  0.108069219599923E+001  0.378913767645913E+002  0.100043658064749E+002 -0.210381545751661E+001  0.951148942112923E-001  0.493656903505325E+000  0.780195772647858E+000  0.984781751827763E+003  0.983847558171282E+003
  0.191732211074782E+002  0.104770070353447E+001  0.353692028439766E+002  0.509601863509456E+001 -0.207542487746711E+001  0.950114727020264E-001  0.472321450710297E+000  0.763079106807709E+000  0.984077486195015E+003  0.983249850297665E+003
  0.170142624853293E+002  0.109440445224253E+001  0.387078626668903E+002  0.601338661448540E+001 -0.213212885107947E+001  0.108633935451508E+000  0.514480769634247E+000  0.789344370365143E+000  0.984602004704243E+003  0.983847349424899E+003
  0.180901347194960E+002  0.107590929564201E+001  0.369321688730209E+002  0.757820850956568E+001 -0.213430773803728E+001  0.977592021226883E-001  0.491481125354767E+000  0.776607811450958E+000  0.984541440242438E+003  0.971461133557642E+003
  0.161632281590298E+002  0.113250005247380E+001  0.376868943346030E+002  0.487855350089667E+001 -0.211412391824407E+001  0.118634581565857E+000  0.521549701690674E+000  0.794990003108978E+000  0.984589935831017E+003  0.983344930265043E+003
  0.172145866124570E+002  0.108675880781768E+001  0.410691957233912E+002  0.590624615428169E+001 -0.209029073758847E+001  0.936900824308395E-001  0.508689224720001E+000  0.787989497184753E+000  0.984195457147056E+003  0.983317724322530E+003
  0.177210671631103E+002  0.108878832146276E+001  0.363053168767248E+002  0.788236062889395E+001 -0.209748059029843E+001  0.104805126786232E+000  0.498824775218964E+000  0.780352771282196E+000  0.985081651013988E+003  0.983916679664479E+003
  0.187379308351768E+002  0.107835541405224E+001  0.334695061521472E+002  0.864467175424812E+001 -0.210731942631110E+001  0.104421325027943E+000  0.476593434810638E+000  0.766939580440521E+000  0.984575664194059E+003  0.982060321645633E+003
  0.169056819186642E+002  0.111356453315021E+001  0.385584341961463E+002  0.640604946904880E+001 -0.213549758851753E+001  0.101542651653290E+000  0.505677759647369E+000  0.788256108760834E+000  0.984445676415389E+003  0.983583080399389E+003
  0.162164906338334E+002  0.111412631028502E+001  0.404647319633622E+002  0.467641465351425E+001 -0.212195993158211E+001  0.111678570508957E+000  0.526709318161011E+000  0.797268271446228E+000  0.985108829784907E+003  0.983623080952818E+003
  0.167929108265972E+002  0.110498201919433E+001  0.389905902791310E+002  0.593652404660071E+001 -0.208884247149633E+001  0.107522100210190E+000  0.514754652976990E+000  0.790985703468323E+000  0.985177623947285E+003  0.983616687775951E+003
  0.181462522429088E+002  0.107344330261989E+001  0.364496664935986E+002  0.515719070239194E+001 -0.213405702216322E+001  0.999526232481003E-001  0.490547418594360E+000  0.774509251117706E+000  0.985281321024870E+003  0.982040611883661E+003
  0.175872448500191E+002  0.109949690197511E+001  0.354921722445717E+002  0.525952811921127E+001 -0.212026349673144E+001  0.107570245862007E+000  0.497052460908890E+000  0.778943717479706E+000  0.985604895175469E+003  0.983040972864430E+003
  0.191167592472045E+002  0.107681204416768E+001  0.343088720833043E+002  0.756186395060200E+001 -0.211224555956634E+001  0.909905135631561E-001  0.460190474987030E+000  0.762003242969513E+000  0.984928148600087E+003  0.983576649908685E+003
  0.171102577399709E+002  0.110097068550630E+001  0.388317960355138E+002  0.643869628845208E+001 -0.208621163075793E+001  0.101117730140686E+000  0.506160974502563E+000  0.787226378917694E+000  0.985116232716636E+003  0.981318501466173E+003
  0.188446431209158E+002  0.105131541785233E+001  0.383501484099190E+002  0.516984126224709E+001 -0.210499376883312E+001  0.828031450510025E-001  0.474599063396454E+000  0.767836987972260E+000  0.984283976369315E+003  0.983788959288908E+003
  0.177860103654833E+002  0.107234337761524E+001  0.396415395136387E+002  0.693174999683682E+001 -0.210148935254936E+001  0.930147469043732E-001  0.499117791652679E+000  0.781862974166870E+000  0.984875026925260E+003  0.982070110854962E+003
  0.194498271602534E+002  0.106086677801040E+001  0.349111289021074E+002  0.470783745224643E+001 -0.211323848403149E+001  0.860849693417549E-001  0.454955577850342E+000  0.758016288280487E+000  0.984763692387407E+003  0.983586955032738E+003
  0.167192078550109E+002  0.112196773960025E+001  0.381297311923996E+002  0.438132771584499E+001 -0.210030094250610E+001  0.103479385375977E+000  0.506712257862091E+000  0.788383960723877E+000  0.985796011543764E+003  0.983937926285324E+003
  0.176085676112952E+002  0.107640199900242E+001  0.383844450903650E+002  0.542888631266382E+001 -0.207003356794047E+001  0.101907826960087E+000  0.504564225673676E+000  0.782820045948029E+000  0.984079019058777E+003  0.983814696215423E+003
  0.188971308093503E+002  0.107732619824326E+001  0.349928683549242E+002  0.109136398335701E+002 -0.211775639087159E+001  0.915310531854630E-001  0.467585891485214E+000  0.766418278217316E+000  0.984312666027537E+003  0.983587014988147E+003
  0.183742172646290E+002  0.108100850921902E+001  0.349708524560486E+002  0.550638948481645E+001 -0.213200182266634E+001  0.100845627486706E+000  0.481619596481323E+000  0.769811928272247E+000  0.985296062562370E+003  0.983981319822153E+003
  0.182746037298867E+002  0.104847812605382E+001  0.371654455032516E+002  0.460610874385201E+001 -0.211144651269430E+001  0.104242965579033E+000  0.500035107135773E+000  0.776176512241364E+000  0.984312595428002E+003  0.983860966988664E+003
  0.170898322602318E+002  0.110318682767999E+001  0.398999489784938E+002  0.630187618368181E+001 -0.212629873155064E+001  0.947201102972031E-001  0.502738475799561E+000  0.787322580814362E+000  0.984520932537987E+003  0.983613098401979E+003
  0.175123896733736E+002  0.107551715890011E+001  0.377479121174317E+002  0.725777834691759E+001 -0.212306944930919E+001  0.110248990356922E+000  0.510753452777863E+000  0.785359680652618E+000  0.984050189415529E+003  0.979200591284497E+003
  0.165308644660163E+002  0.112026904874060E+001  0.394871892248098E+002  0.471853124798614E+001 -0.207629869864712E+001  0.102870434522629E+000  0.512293219566345E+000  0.791868329048157E+000  0.984511292524539E+003  0.983730052427569E+003
  0.171122727150865E+002  0.111163995188288E+001  0.390209270646959E+002  0.747938741248202E+001 -0.208299271123222E+001  0.947544574737549E-001  0.498484849929810E+000  0.786168634891510E+000  0.984106769453761E+003  0.983833081452410E+003
  0.184432374577621E+002  0.106910455375046E+001  0.349102935308136E+002  0.673402661705080E+001 -0.211819300084732E+001  0.106019213795662E+000  0.488221019506454E+000  0.771389186382294E+000  0.985010984514600E+003  0.982970911029399E+003
  0.163813070089351E+002  0.112540993573989E+001  0.403189542537574E+002  0.673528983300910E+001 -0.212519955759574E+001  0.101063236594200E+000  0.513407051563263E+000  0.794485032558441E+000  0.984064906403697E+003  0.983783138837311E+003
  0.184288023952858E+002  0.106249659128151E+001  0.350705461744869E+002  0.736033388189376E+001 -0.211050379220065E+001  0.108940094709396E+000  0.493141680955887E+000  0.772997021675110E+000  0.984122772290306E+003  0.983675524629025E+003
  0.181344721223180E+002  0.106613253041627E+001  0.368400782570274E+002  0.753569048497315E+001 -0.210896286122407E+001  0.101997680962086E+000  0.496535122394562E+000  0.777357757091522E+000  0.985049950456352E+003  0.981875328584052E+003
  0.181767993408687E+002  0.107121588049151E+001  0.383397939654920E+002  0.454905997288156E+001 -0.210065786617001E+001  0.882793664932251E-001  0.486086905002594E+000  0.774507164955139E+000  0.985773928588213E+003  0.983793083920155E+003
  0.193890334739894E+002  0.108439617588176E+001  0.322983897862059E+002  0.979644933756852E+001 -0.210033377622145E+001  0.974175035953522E-001  0.458018720149994E+000  0.759565591812134E+000  0.984020035869044E+003  0.983323768876435E+003
  0.170891913801014E+002  0.113499384555284E+001  0.370765347061942E+002  0.456276624958908E+001 -0.211138027281513E+001  0.915509536862373E-001  0.485777467489243E+000  0.780722320079803E+000  0.984494920501588E+003  0.982575487887437E+003
  0.166034193995324E+002  0.112970193778324E+001  0.388562034327630E+002  0.489136709652017E+001 -0.211180309994644E+001  0.988083258271217E-001  0.504345059394836E+000  0.789354860782623E+000  0.985197293651354E+003  0.983992857925910E+003
